table,columns,primary_columns,rows_estimate,column_signature_sha256,current_target,schema_review,migration_value_review,retention_decision,drop_authorized
A_SHARE_NEWS_SENTIMENT_INDEX,10,R_ID,0,000f864ae85cf2966f2f9e234675e8099e72dc26a7b7b0cfae7ec1881c5b48c7,,No approved current legacy mapping or target DDL; migration excluded,Not applicable until explicit business mapping exists,Keep source table,False
AIR_CITY_TABLE,13,R_ID,336,c18bb6248596e6e3a3403c9d4476b0f02e60f1cfe5a3b7d610b9f2022bbf5b10,,No approved current legacy mapping or target DDL; migration excluded,Not applicable until explicit business mapping exists,Keep source table,False
AIR_QUALITY_HIST,13,R_ID,13,a76fb63eb0bf9f3295c65a0124ed83e8df0194e388dc8c5595bf32e2fc60a794,,No approved current legacy mapping or target DDL; migration excluded,Not applicable until explicit business mapping exists,Keep source table,False
AIR_QUALITY_RANK,13,R_ID,336,e28fc47e972219bec22688b6f903271cc7aa4fe6bb7a78034edd23d6f07a9b5a,,No approved current legacy mapping or target DDL; migration excluded,Not applicable until explicit business mapping exists,Keep source table,False
AIR_QUALITY_WATCH_POINT,14,R_ID,62,456321944f730ddb9b94b58285ce82d965ea421d369ca3bd633d46857deee8ad,,No approved current legacy mapping or target DDL; migration excluded,Not applicable until explicit business mapping exists,Keep source table,False
akcat_air_city_table,9,R_ID,168,020f758c6736cd9ef20fe924cf3b26bb31c4deb466b26d2ff5adc34842f103d6,,No approved current legacy mapping or target DDL; migration excluded,Not applicable until explicit business mapping exists,Keep source table,False
akcat_stock_board_change_em,10,R_ID,952,acd77a9d32e5cbfea9835aacd0c0d2857bd2408f0633daa89c0373b41a36e198,,No approved current legacy mapping or target DDL; migration excluded,Not applicable until explicit business mapping exists,Keep source table,False
akshare_catalog_batch,3,,0,2232fd5dedb389242c0d1b166fd0674050f34daa61992ae0b7666feaab091e47,,No approved current legacy mapping or target DDL; migration excluded,Not applicable until explicit business mapping exists,Keep source table,False
akshare_catalog_endpoint,9,R_ID,207,020f758c6736cd9ef20fe924cf3b26bb31c4deb466b26d2ff5adc34842f103d6,,No approved current legacy mapping or target DDL; migration excluded,Not applicable until explicit business mapping exists,Keep source table,False
AMAC_AOIN_INFO,11,R_ID,446,f82006317655f00568427e4a8ea790a0bfcbbd2a0e30c8bfa83f7cca7923545a,,No approved current legacy mapping or target DDL; migration excluded,Not applicable until explicit business mapping exists,Keep source table,False
AMAC_FUND_ABS,14,R_ID,40,37284153a0b33ce13993eccf6d1d6558fe2be553a8fa9383645998156ce6e34e,,No approved current legacy mapping or target DDL; migration excluded,Not applicable until explicit business mapping exists,Keep source table,False
AMAC_FUND_ACCOUNT_INFO,10,R_ID,40,5d79929271f3b0464619186bcb3cb343debffa0b59b8c6638c014d7d81c03fde,,No approved current legacy mapping or target DDL; migration excluded,Not applicable until explicit business mapping exists,Keep source table,False
AMAC_FUND_INFO,13,R_ID,200,6dbf1d14db38f9f2103014b752010f5023f7e5417efeeb56d0f4ffe73d77c957,,No approved current legacy mapping or target DDL; migration excluded,Not applicable until explicit business mapping exists,Keep source table,False
AMAC_FUND_SUB_INFO,12,R_ID,29,853655a81a2b8267ef50cbfcf46f5d137a542d6044d8cf4cbe1e1eba44cb4b89,,No approved current legacy mapping or target DDL; migration excluded,Not applicable until explicit business mapping exists,Keep source table,False
AMAC_FUTURES_INFO,16,R_ID,31,f407db88fea4c1510bd17171b29ee22305d3dcf6e62bcf97badb36b4de3b72a0,,No approved current legacy mapping or target DDL; migration excluded,Not applicable until explicit business mapping exists,Keep source table,False
AMAC_MANAGER_CANCELLED_INFO,11,R_ID,40,1b0dcd417bbb6e2cd958b0feb7d16634d8c9d7cdcdf799b64d1b92f8b09b8561,,No approved current legacy mapping or target DDL; migration excluded,Not applicable until explicit business mapping exists,Keep source table,False
AMAC_MANAGER_CLASSIFY_INFO,18,R_ID,200,8dc5edabeda935c040cc9d5c886f3854388e70dfa83d476ef2bd5b20f4ea24d9,,No approved current legacy mapping or target DDL; migration excluded,Not applicable until explicit business mapping exists,Keep source table,False
AMAC_MANAGER_INFO,13,R_ID,200,a46f183dec96d80b6943be3b2423d8571d6ad62b5dd707bdde208b971a812743,,No approved current legacy mapping or target DDL; migration excluded,Not applicable until explicit business mapping exists,Keep source table,False
AMAC_MEMBER_INFO,13,R_ID,40,3a4284ec534eab52117bcef44d76ebb208e3b06a859b037bf81dc210b2cd2851,,No approved current legacy mapping or target DDL; migration excluded,Not applicable until explicit business mapping exists,Keep source table,False
AMAC_MEMBER_SUB_INFO,12,R_ID,20,cd5accb4ff57936cabdcddc3d83aa8d92c8af613ec6354b4b584e7dec5aec8e2,,No approved current legacy mapping or target DDL; migration excluded,Not applicable until explicit business mapping exists,Keep source table,False
AMAC_PERSON_BOND_ORG_LIST,10,R_ID,633,a3e3ba178d823b5c2ff979972ce617b26530b0fda6a7c4e92fad9111f18c2a4c,,No approved current legacy mapping or target DDL; migration excluded,Not applicable until explicit business mapping exists,Keep source table,False
AMAC_PERSON_FUND_ORG_LIST,14,R_ID,300,5a241ec9b77a3005fca737386dee28a0adad796e03792fed8392175552b5e343,,No approved current legacy mapping or target DDL; migration excluded,Not applicable until explicit business mapping exists,Keep source table,False
AMAC_SECURITIES_INFO,16,R_ID,40,d2446d729a3bea2340ae52a5910b10b95888f041dcf18add1ea7f7a25e411e47,,No approved current legacy mapping or target DDL; migration excluded,Not applicable until explicit business mapping exists,Keep source table,False
ARTICLE_EPU_INDEX,9,R_ID,694,738d74a5d7e1752afc522d0edcad946800ecdbc6d26920e3cabad3c46a845859,,No approved current legacy mapping or target DDL; migration excluded,Not applicable until explicit business mapping exists,Keep source table,False
ARTICLE_FF_CRR,11,R_ID,64,73141895b0657e29cc221aee3b1e627227d63dc56fa2132107d20ed36ef31567,,No approved current legacy mapping or target DDL; migration excluded,Not applicable until explicit business mapping exists,Keep source table,False
ARTICLE_RLAB_RV,7,R_ID,7311,2141ffda5308a9660aa652ebca2720b67e4d4d72c9e426a4f68830562f4fa03a,,No approved current legacy mapping or target DDL; migration excluded,Not applicable until explicit business mapping exists,Keep source table,False
BANK_FJCF_TABLE_DETAIL,18,R_ID,3,a12e91bca4b250ebc5304e2966eb623f607d84906bffb331feb9c7bd2588bd3c,,No approved current legacy mapping or target DDL; migration excluded,Not applicable until explicit business mapping exists,Keep source table,False
BOND_BUY_BACK_HIST_EM,13,R_ID,4865,e2ec9ecb4a16e4bba65ad4c5550f9685313c30a83cbc60592fdd9ce696205f6f,,No approved current legacy mapping or target DDL; migration excluded,Not applicable until explicit business mapping exists,Keep source table,False
BOND_CASH_SUMMARY_SSE,11,R_ID,20,b75513d1b0071ddce92843c1a4aabeab44b2bc57c9722a10223618412eddb59e,,No approved current legacy mapping or target DDL; migration excluded,Not applicable until explicit business mapping exists,Keep source table,False
BOND_CB_ADJ_LOGS_JSL,12,R_ID,6,6c4acc925b8f8968c070611d211eafc4fd898963189b87379f7b449f9e6eabf2,,No approved current legacy mapping or target DDL; migration excluded,Not applicable until explicit business mapping exists,Keep source table,False
BOND_CB_INDEX_JSL,36,R_ID,500,f6a88e7f557c4a34b850648291cbd0181f10dc8ad402671bc907e6e46c549d0a,,No approved current legacy mapping or target DDL; migration excluded,Not applicable until explicit business mapping exists,Keep source table,False
BOND_CB_JSL,29,R_ID,60,96b4ba47d4ba1213b93b5ea8af5b6f4f5e3b8f03f4b6799e0c5ad6c90e8a2f5f,,No approved current legacy mapping or target DDL; migration excluded,Not applicable until explicit business mapping exists,Keep source table,False
BOND_CB_PROFILE_SINA,8,R_ID,50,9cca084f454bb83e2a0ce970e2fa5ba9e0847c9179864e316132dc4b4a23599a,,No approved current legacy mapping or target DDL; migration excluded,Not applicable until explicit business mapping exists,Keep source table,False
BOND_CB_REDEEM_JSL,24,R_ID,645,a89cfc86228612db7e838bfbe16d06dff62acf8fe2a0487441a6e842b017ca59,,No approved current legacy mapping or target DDL; migration excluded,Not applicable until explicit business mapping exists,Keep source table,False
BOND_CB_SUMMARY_SINA,8,R_ID,30,9cca084f454bb83e2a0ce970e2fa5ba9e0847c9179864e316132dc4b4a23599a,,No approved current legacy mapping or target DDL; migration excluded,Not applicable until explicit business mapping exists,Keep source table,False
BOND_CHINA_CLOSE_RETURN,11,R_ID,100,185eeec88827ef62a3608940543f56ab0b7adeea44360daf714cab43a354ae66,,No approved current legacy mapping or target DDL; migration excluded,Not applicable until explicit business mapping exists,Keep source table,False
BOND_CHINA_CLOSE_RETURN_MAP,9,R_ID,150,6300e306ed50a5f1a94b4b19dac5d7e222ac3c008a665d8ef8aeb221bc8d1d62,,No approved current legacy mapping or target DDL; migration excluded,Not applicable until explicit business mapping exists,Keep source table,False
BOND_CHINA_YIELD,16,R_ID,1476,0df58bf0f656cc9352ebe3016b5896eec0d1cb7bd37f6098f28320d11cede352,,No approved current legacy mapping or target DDL; migration excluded,Not applicable until explicit business mapping exists,Keep source table,False
BOND_COMPOSITE_INDEX_CBOND,8,R_ID,11730,dbd6c484f702500fbdde234a4d872951e2bfb0e26547042888712c4ff03fd6da,,No approved current legacy mapping or target DDL; migration excluded,Not applicable until explicit business mapping exists,Keep source table,False
BOND_CORPORATE_ISSUE_CNINFO,23,R_ID,829,d47d60dfd240b6d8f5c59db11f32bbeb4b83ea2c18b8acc00d8492b6c56d4f49,,No approved current legacy mapping or target DDL; migration excluded,Not applicable until explicit business mapping exists,Keep source table,False
BOND_COV_COMPARISON,26,R_ID,650,aab546f0565809e7974ccbdbd6e8074bd86b8dc2326bdd7924604e1f50cb6baa,,No approved current legacy mapping or target DDL; migration excluded,Not applicable until explicit business mapping exists,Keep source table,False
BOND_COV_ISSUE_CNINFO,37,R_ID,30,fc819a18d6766b10842fddfddce4c24ab010773395d27386486ab314b414b081,,No approved current legacy mapping or target DDL; migration excluded,Not applicable until explicit business mapping exists,Keep source table,False
BOND_COV_STOCK_ISSUE_CNINFO,16,R_ID,228,b2334775b5bac11807ce278ed0fc76d653d9ab357aa626ea6f9ea60762f6adf3,,No approved current legacy mapping or target DDL; migration excluded,Not applicable until explicit business mapping exists,Keep source table,False
BOND_DEAL_SUMMARY_SSE,12,R_ID,14,e6de0839c92a5085ecc347232ec6f44c013dd82ee1248ff00d007244f956a313,,No approved current legacy mapping or target DDL; migration excluded,Not applicable until explicit business mapping exists,Keep source table,False
BOND_DEBT_NAFMII,13,R_ID,100,c62900a72b3712ee4d50ff61db8713875143c4f2944e31c6b17c2ab58708bf85,,No approved current legacy mapping or target DDL; migration excluded,Not applicable until explicit business mapping exists,Keep source table,False
BOND_INFO_CM,13,R_ID,30,6926d24a2dbb894582be1e21da7ecbea0f1ce5c8f9ede2acc9be57e47ef972df,,No approved current legacy mapping or target DDL; migration excluded,Not applicable until explicit business mapping exists,Keep source table,False
BOND_INFO_CM_QUERY,7,R_ID,54,ff828a924eeb35292d753dd5322ec94366d070ae086ec6f0ee00a877a7524ed4,,No approved current legacy mapping or target DDL; migration excluded,Not applicable until explicit business mapping exists,Keep source table,False
BOND_INFO_DETAIL_CM,7,R_ID,126,d8ededb852aa834bf9e9b0dfd8bef54b2282de6589ee6eb8f3256ced4c94884f,,No approved current legacy mapping or target DDL; migration excluded,Not applicable until explicit business mapping exists,Keep source table,False
BOND_LOCAL_GOVERNMENT_ISSUE_CNINFO,21,R_ID,2894,de1366fa9beae9400c7a1a25481fab097f18b6ac81f1d0f5e8b73ea670cc142c,,No approved current legacy mapping or target DDL; migration excluded,Not applicable until explicit business mapping exists,Keep source table,False
BOND_NEW_COMPOSITE_INDEX_CBOND,8,R_ID,12558,dbd6c484f702500fbdde234a4d872951e2bfb0e26547042888712c4ff03fd6da,,No approved current legacy mapping or target DDL; migration excluded,Not applicable until explicit business mapping exists,Keep source table,False
BOND_SH_BUY_BACK_EM,18,R_ID,18,53eeec3bb03b89b07bfa5c9440b25d91988a2aabf7f1e12ab4b7e83da01b04f6,,No approved current legacy mapping or target DDL; migration excluded,Not applicable until explicit business mapping exists,Keep source table,False
BOND_SPOT_DEAL,12,R_ID,7442,17755c45809364f39c4dcc494d1063ae1846a2a779a17134c2d16f30c1266417,,No approved current legacy mapping or target DDL; migration excluded,Not applicable until explicit business mapping exists,Keep source table,False
BOND_SPOT_QUOTE,12,R_ID,15,58a8e1eedbd3922884090d4305987e034d4670e0ce3d50de5807a44f98f9284b,,No approved current legacy mapping or target DDL; migration excluded,Not applicable until explicit business mapping exists,Keep source table,False
BOND_SZ_BUY_BACK_EM,18,R_ID,18,53eeec3bb03b89b07bfa5c9440b25d91988a2aabf7f1e12ab4b7e83da01b04f6,,No approved current legacy mapping or target DDL; migration excluded,Not applicable until explicit business mapping exists,Keep source table,False
BOND_TREASURE_ISSUE_CNINFO,21,R_ID,208,de1366fa9beae9400c7a1a25481fab097f18b6ac81f1d0f5e8b73ea670cc142c,,No approved current legacy mapping or target DDL; migration excluded,Not applicable until explicit business mapping exists,Keep source table,False
BOND_ZH_COV,25,R_ID,2008,3771edba07642802ec0e11f5507324c52fe7c7ad517d3b90c2ffd83f5706b973,,No approved current legacy mapping or target DDL; migration excluded,Not applicable until explicit business mapping exists,Keep source table,False
BOND_ZH_COV_INFO,78,R_ID,2,d5135e89813334ed44fd45cf626f89078b825bcc3499ec30102a8c8fa1cc6de2,,No approved current legacy mapping or target DDL; migration excluded,Not applicable until explicit business mapping exists,Keep source table,False
BOND_ZH_COV_INFO_THS,22,R_ID,1836,2df67aec61a346c181370646c260db1c6955c352eb12cd9646d2e085f6f15e9f,,No approved current legacy mapping or target DDL; migration excluded,Not applicable until explicit business mapping exists,Keep source table,False
BOND_ZH_COV_VALUE_ANALYSIS,12,R_ID,2914,022ceaac75158ca17b45e59cf031fa9142a6f4d123d7fc4dd9a1d524e8e8dea4,,No approved current legacy mapping or target DDL; migration excluded,Not applicable until explicit business mapping exists,Keep source table,False
BOND_ZH_HS_COV_DAILY,12,R_ID,9501,0e5ea1a7d969f78bc42a636cc3df35ce93a38998ff23daa9bd4c4e816298eedb,,No approved current legacy mapping or target DDL; migration excluded,Not applicable until explicit business mapping exists,Keep source table,False
BOND_ZH_HS_COV_MIN,14,R_ID,482,dc34e2c35f4996808e6c1bd05400b9be14281c45983bdd686cd2b465c40eee36,,No approved current legacy mapping or target DDL; migration excluded,Not applicable until explicit business mapping exists,Keep source table,False
BOND_ZH_HS_COV_PRE_MIN,14,R_ID,512,dc34e2c35f4996808e6c1bd05400b9be14281c45983bdd686cd2b465c40eee36,,No approved current legacy mapping or target DDL; migration excluded,Not applicable until explicit business mapping exists,Keep source table,False
BOND_ZH_HS_COV_SPOT,19,R_ID,651,07f19d1af6f6277d9f04d2436aa11ee6b16c1df7f348217fc45447e484260cf2,,No approved current legacy mapping or target DDL; migration excluded,Not applicable until explicit business mapping exists,Keep source table,False
BOND_ZH_HS_DAILY,12,R_ID,9501,0e5ea1a7d969f78bc42a636cc3df35ce93a38998ff23daa9bd4c4e816298eedb,,No approved current legacy mapping or target DDL; migration excluded,Not applicable until explicit business mapping exists,Keep source table,False
BOND_ZH_HS_SPOT,19,R_ID,80,674a8b239148a69d296792cd9b0d14489ecbdea3627fcfdd3e6320fb0be97a44,,No approved current legacy mapping or target DDL; migration excluded,Not applicable until explicit business mapping exists,Keep source table,False
BOND_ZH_US_RATE,19,R_ID,19040,666533128b640bad7163f26860e5e51bcf6175a027e0d2ef7a02e8cb3c3ee990,,No approved current legacy mapping or target DDL; migration excluded,Not applicable until explicit business mapping exists,Keep source table,False
CAIXIN_AI_STRATEGY_INDEX,10,R_ID,1332,2ceb699e105fc86d4ccae988b7b73577e92fe9a370aee0abd620ed05d7f20182,,No approved current legacy mapping or target DDL; migration excluded,Not applicable until explicit business mapping exists,Keep source table,False
CAIXIN_BASIC_ECONOMIC_INDEX,10,R_ID,2310,55fe05db5bedf1d4e7e3c7543c9a46db16769df11c9fa131c849ff8a44724ab4,,No approved current legacy mapping or target DDL; migration excluded,Not applicable until explicit business mapping exists,Keep source table,False
CAIXIN_BASIC_INDEX,10,R_ID,110,5239689cf13fb8ba496a7a2dd4eafa7a4fb52cec4e09bae4912b0e53bfd2ddfc,,No approved current legacy mapping or target DDL; migration excluded,Not applicable until explicit business mapping exists,Keep source table,False
CAIXIN_CAPITAL_INPUT_INDEX,10,R_ID,131,f062bbc09836f284359785e5109c42adfa4aaaed8e5a18cea478d3f23b817f7d,,No approved current legacy mapping or target DDL; migration excluded,Not applicable until explicit business mapping exists,Keep source table,False
CAIXIN_COMMODITY_INDEX,10,R_ID,4239,908c31a6529eb0eedbc7608a099b0f57d539a54586ec7a43663b872c6e7bb839,,No approved current legacy mapping or target DDL; migration excluded,Not applicable until explicit business mapping exists,Keep source table,False
CAIXIN_COMPOSITE_PMI,10,R_ID,147,100cf6d1772cd414869052d27994c7ac608e888965d66c9e50dc1e66fd0f9054,,No approved current legacy mapping or target DDL; migration excluded,Not applicable until explicit business mapping exists,Keep source table,False
CAIXIN_DIGITAL_ECONOMY_INDEX,10,R_ID,110,5de02136a8379e6da8cbd4348c53b598b88aeabedcbda222cbea28e53c8cae59,,No approved current legacy mapping or target DDL; migration excluded,Not applicable until explicit business mapping exists,Keep source table,False
CAIXIN_FUSION_INDEX,10,R_ID,110,bc7f67449fd7b5b48c5a57f8f91faed84c26de3404f0505d43a0a3e2e50ea145,,No approved current legacy mapping or target DDL; migration excluded,Not applicable until explicit business mapping exists,Keep source table,False
CAIXIN_INDUSTRY_INDEX,10,R_ID,110,450d1e69559bdf0aff03c4a096525de1f7b5608c7078b657e61f4afb54142f65,,No approved current legacy mapping or target DDL; migration excluded,Not applicable until explicit business mapping exists,Keep source table,False
CAIXIN_LABOR_INPUT_INDEX,10,R_ID,131,933b2a1c738d07b614ec088e48ebc551d2ff9b1b60445909db5460749813859d,,No approved current legacy mapping or target DDL; migration excluded,Not applicable until explicit business mapping exists,Keep source table,False
CAIXIN_MANUFACTURING_PMI,10,R_ID,147,f3bab2969ebd6d43549a1fd380ab740b98ae9f1fa9f5dbb9241f0b0aa91b4577,,No approved current legacy mapping or target DDL; migration excluded,Not applicable until explicit business mapping exists,Keep source table,False
CAIXIN_NEW_ECONOMY_INDEX,10,R_ID,122,f911ae8b774c89b025554764258e82645b0fa4bd02526be9f183d43f1beeaa70,,No approved current legacy mapping or target DDL; migration excluded,Not applicable until explicit business mapping exists,Keep source table,False
CAIXIN_NEW_ENERGY_ECONOMIC_INDEX,10,R_ID,31,c415815a561e4256b231999f5bf52fd34994aaa127176e277c8b37eb5ed8829b,,No approved current legacy mapping or target DDL; migration excluded,Not applicable until explicit business mapping exists,Keep source table,False
CAIXIN_QUALITY_FACTOR_INDEX,10,R_ID,1984,a790d2fc4515d89565588cfee376cba7669a19f4647531be73d6188f78ee036b,,No approved current legacy mapping or target DDL; migration excluded,Not applicable until explicit business mapping exists,Keep source table,False
CAIXIN_SERVICES_PMI,10,R_ID,147,babc56d61a254bea62dde552b39ad9654b89489da1c5183106ec65d3c7bc0919,,No approved current legacy mapping or target DDL; migration excluded,Not applicable until explicit business mapping exists,Keep source table,False
CAIXIN_SPILLOVER_INDEX,10,R_ID,110,bfa0b89022160148227210e7339720ef24db1ff131a95301a09d136dd6d513b8,,No approved current legacy mapping or target DDL; migration excluded,Not applicable until explicit business mapping exists,Keep source table,False
CAIXIN_TECH_INPUT_INDEX,10,R_ID,131,eb8b6b05f72b53257ff92a0619913113ad8abfd0668852235e76f0846a6fa618,,No approved current legacy mapping or target DDL; migration excluded,Not applicable until explicit business mapping exists,Keep source table,False
CAIXIN_WAGE_PREMIUM_INDEX,10,R_ID,131,e3a584e32933535c401f03bd390c25b2491e1b2b27037cdc61a4aab88b8ae9ba,,No approved current legacy mapping or target DDL; migration excluded,Not applicable until explicit business mapping exists,Keep source table,False
CAR_MARKET_CATE_CPCA,9,R_ID,10,2c1758fc3576bce57f0803233475d974df035a0c3292c5db21735ce20d9f1b4a,,No approved current legacy mapping or target DDL; migration excluded,Not applicable until explicit business mapping exists,Keep source table,False
CAR_MARKET_COUNTRY_CPCA,14,R_ID,24,a5876a3370249c24936aea269bc1a94a933e28d530ada2e1454ee53ed8d1de1e,,No approved current legacy mapping or target DDL; migration excluded,Not applicable until explicit business mapping exists,Keep source table,False
CAR_MARKET_FUEL_CPCA,9,R_ID,24,decf70f881d573f410bfe5e7147ff5759c6fcee571f8074d705e706d8547042f,,No approved current legacy mapping or target DDL; migration excluded,Not applicable until explicit business mapping exists,Keep source table,False
CAR_MARKET_MAN_RANK_CPCA,9,R_ID,20,a4843d70293359a5a1fca6d99a6cdeab1d7bded2a9a3e3743545db53aa0a7e5b,,No approved current legacy mapping or target DDL; migration excluded,Not applicable until explicit business mapping exists,Keep source table,False
CAR_MARKET_SEGMENT_CPCA,12,R_ID,24,133b377e5d9bc0953f74de9326db1bbc8a813b15f3d3549d01f7bb1a2ef5aedb,,No approved current legacy mapping or target DDL; migration excluded,Not applicable until explicit business mapping exists,Keep source table,False
CAR_MARKET_TOTAL_CPCA,9,R_ID,24,decf70f881d573f410bfe5e7147ff5759c6fcee571f8074d705e706d8547042f,,No approved current legacy mapping or target DDL; migration excluded,Not applicable until explicit business mapping exists,Keep source table,False
CAR_SALE_RANK_GASGOO,13,R_ID,100,4f5b94859174a30c62c239c0913a6ef11ac5edece405ff49db8e8b819835cd93,,No approved current legacy mapping or target DDL; migration excluded,Not applicable until explicit business mapping exists,Keep source table,False
CHINA_SUGAR_INDEX,11,R_ID,4809,f00d891a06daa1a3d5ea0761cbf8e375501265f4bf4ff676a86364369ef3784c,,No approved current legacy mapping or target DDL; migration excluded,Not applicable until explicit business mapping exists,Keep source table,False
CONTAINER_INDEX,10,R_ID,4039,b4676fcd358675942520226d3791ad7cc22b7bd3501cf4da24b75bcf53c0aaea,,No approved current legacy mapping or target DDL; migration excluded,Not applicable until explicit business mapping exists,Keep source table,False
COST_LIVING,8,R_ID,100,3e05edca754c0cdae64499b686a234914b6903ee020997b63bf702c010521d31,,No approved current legacy mapping or target DDL; migration excluded,Not applicable until explicit business mapping exists,Keep source table,False
CRYPTO_BITCOIN_CME,12,R_ID,10,18e704b82c4972e2e100bfe948a458c9c6a1706b767c718f0876617601b17f61,,No approved current legacy mapping or target DDL; migration excluded,Not applicable until explicit business mapping exists,Keep source table,False
CRYPTO_BITCOIN_HOLD_REPORT,18,R_ID,118,8f082638cb6803b1e7d6de8feb6dd0b5e867e395fbf40720f058e2eac6f8b12f,,No approved current legacy mapping or target DDL; migration excluded,Not applicable until explicit business mapping exists,Keep source table,False
CRYPTO_JS_SPOT,13,R_ID,20,57f964461190f476f73c75f7e4d20c4f6ff897b4dab6e08f657a6a56673877aa,,No approved current legacy mapping or target DDL; migration excluded,Not applicable until explicit business mapping exists,Keep source table,False
CURRENCY_BOC_SAFE,32,R_ID,15928,5a6f0434d70dc80211af09b27dc9205161695f6e747ccd9ca6511d35cb4f48ac,,No approved current legacy mapping or target DDL; migration excluded,Not applicable until explicit business mapping exists,Keep source table,False
CURRENCY_BOC_SINA,12,R_ID,360,3ba09a5aa5e14b00e58ffbe5e1b50216bd747366fcff35096044dcc8fa71527f,,No approved current legacy mapping or target DDL; migration excluded,Not applicable until explicit business mapping exists,Keep source table,False
CURRENCY_CONVERT,15,R_ID,0,4cc167047c42a296975ffbe685654c0ef587f49f6033ac30f0cf6aa26668f01d,,No approved current legacy mapping or target DDL; migration excluded,Not applicable until explicit business mapping exists,Keep source table,False
CURRENCY_CURRENCIES,9,R_ID,26,8037cad200e89f65440497fd807a0249b8a3606f8ce1ed045900741546185fa9,,No approved current legacy mapping or target DDL; migration excluded,Not applicable until explicit business mapping exists,Keep source table,False
CURRENCY_HISTORY,11,R_ID,24,daff7401509ebae7837f571ff9b467a8b4cf12dc0cec56503a3e0d6099dd8994,,No approved current legacy mapping or target DDL; migration excluded,Not applicable until explicit business mapping exists,Keep source table,False
CURRENCY_LATEST,11,R_ID,24,daff7401509ebae7837f571ff9b467a8b4cf12dc0cec56503a3e0d6099dd8994,,No approved current legacy mapping or target DDL; migration excluded,Not applicable until explicit business mapping exists,Keep source table,False
CURRENCY_PAIR_MAP,9,R_ID,380,cf7d906204f178c5c7100af2c5ddb15d0d00f0f2cbfcdce2b559b9ea28e7c38c,,No approved current legacy mapping or target DDL; migration excluded,Not applicable until explicit business mapping exists,Keep source table,False
CURRENCY_TIME_SERIES,11,R_ID,78102,daff7401509ebae7837f571ff9b467a8b4cf12dc0cec56503a3e0d6099dd8994,,No approved current legacy mapping or target DDL; migration excluded,Not applicable until explicit business mapping exists,Keep source table,False
EMISSION_RIGHTS_INDEX,12,R_ID,185,0d67610ec4015809e2effd80e8b3d0da682ab325906e045046fe1d76051947c2,,No approved current legacy mapping or target DDL; migration excluded,Not applicable until explicit business mapping exists,Keep source table,False
ENERGY_OIL_DETAIL,20,R_ID,62,28fd854d1bdc187588be1d6ac59852d1a653cb638d14c03744e996d75875b122,,No approved current legacy mapping or target DDL; migration excluded,Not applicable until explicit business mapping exists,Keep source table,False
ENERGY_OIL_HIST,11,R_ID,646,3a74f90828e416d47afbb2e68490c4d98977c0abcad98fea0af732e6ad3bd271,,No approved current legacy mapping or target DDL; migration excluded,Not applicable until explicit business mapping exists,Keep source table,False
ETF_FUND_DAILY_EM,21,R_ID,3063,9f07891c28b56f88663bc881141d94241b5cf27eb00c7f6f50b2bb5cd697b63e,,No approved current legacy mapping or target DDL; migration excluded,Not applicable until explicit business mapping exists,Keep source table,False
ETF_FUND_HIST_EM,16,R_ID,6402,7e409179e217e6233cd9807ef1de9614983e9614901917f001661b15e60f4ef1,,No approved current legacy mapping or target DDL; migration excluded,Not applicable until explicit business mapping exists,Keep source table,False
ETF_MINUTE_HIST_EM,25,R_ID,164337,6444cd35e74783ec03d72ebd94dc827b2b4caacd9c36e4a77161aff10ab669b3,,No approved current legacy mapping or target DDL; migration excluded,Not applicable until explicit business mapping exists,Keep source table,False
ETF_REALTIME_QUOTE_EM,47,R_ID,1153,f81b42f7084de4799cd19f4abd25673b572ef24c0dc7f084fb875541789e3edb,,No approved current legacy mapping or target DDL; migration excluded,Not applicable until explicit business mapping exists,Keep source table,False
EXTRA_QUOTA_SUGAR_INDEX,13,R_ID,1780,4e2faa6c6273455eccffba196fb5ff9a743252b8aef9a2e04c20bf9dd84a5d8f,,No approved current legacy mapping or target DDL; migration excluded,Not applicable until explicit business mapping exists,Keep source table,False
FINANCIAL_FUND_DAILY_EM,19,R_ID,4,2eff0c3fba6d139205984e9d0505034b4e400f5bbadf56fc12bd537ccd3aa6e9,,No approved current legacy mapping or target DDL; migration excluded,Not applicable until explicit business mapping exists,Keep source table,False
FINANCIAL_FUND_HIST_EM,17,R_ID,180,165d47683af40546c7944a7ebd16407dfe3b38bc24c5d0173bf7f8fef7dd0ef7,,No approved current legacy mapping or target DDL; migration excluded,Not applicable until explicit business mapping exists,Keep source table,False
FORBES_RANK,12,R_ID,99,6b71ad4131e793a5cc37539efd5f6530467ea5e8ec7abb6d34d82c3755b28909,,No approved current legacy mapping or target DDL; migration excluded,Not applicable until explicit business mapping exists,Keep source table,False
FOREIGN_FUTURES_HISTORY_EM,20,R_ID,224402,227c4a3ccae91704d44a00bd2408da7a28d20f8121c003ebd2c4fdcf8197c56b,,No approved current legacy mapping or target DDL; migration excluded,Not applicable until explicit business mapping exists,Keep source table,False
FOREIGN_FUTURES_REALTIME_EM,25,R_ID,620,245481fe66827b26b1779b9b776bdcb97755a3d389e5e3c517d4a5436b0efafb,,No approved current legacy mapping or target DDL; migration excluded,Not applicable until explicit business mapping exists,Keep source table,False
FOREX_HIST_EM,11,R_ID,3,2f61101e53cd16f0ef37fa8a84c65a5834fd78bac35f5557a55553b98eca11ab,,No approved current legacy mapping or target DDL; migration excluded,Not applicable until explicit business mapping exists,Keep source table,False
FOREX_SPOT_EM,16,R_ID,380,e3bdd61a5021789494c251648f2c5e084138915280e674f03af4c1c9644fb12b,,No approved current legacy mapping or target DDL; migration excluded,Not applicable until explicit business mapping exists,Keep source table,False
FORTUNE_RANK,12,R_ID,1000,a873fe6118e689520f96535030038d27d274fcabbd8517743d30973a946d43cd,,No approved current legacy mapping or target DDL; migration excluded,Not applicable until explicit business mapping exists,Keep source table,False
FUND_ACHIEVEMENT_XQ,15,R_ID,110,88f5d74ee97cf6b147567ad19b4697786c7743c91436c0e0cc66639990faeeba,,No approved current legacy mapping or target DDL; migration excluded,Not applicable until explicit business mapping exists,Keep source table,False
FUND_ANALYSIS_XQ,17,R_ID,3,78a3fe095c3b7643925ede2fbd2f6171d5143597e564b1b826ae9e6d5551ab6d,,No approved current legacy mapping or target DDL; migration excluded,Not applicable until explicit business mapping exists,Keep source table,False
FUND_ANNOUNCEMENT_DIVIDEND_EM,11,R_ID,30,9fe7eb0f223d8477776a7ebc1cc30a8d40ba801c3061f6c98ab3a0fe7876f26d,,No approved current legacy mapping or target DDL; migration excluded,Not applicable until explicit business mapping exists,Keep source table,False
FUND_ANNOUNCEMENT_PERSONNEL_EM,13,R_ID,14,1d5407a3f719f01efad38fcbd34a568892a11516fec127cdcc8288a19db827ed,,No approved current legacy mapping or target DDL; migration excluded,Not applicable until explicit business mapping exists,Keep source table,False
FUND_ANNOUNCEMENT_REPORT_EM,11,R_ID,200,9fe7eb0f223d8477776a7ebc1cc30a8d40ba801c3061f6c98ab3a0fe7876f26d,,No approved current legacy mapping or target DDL; migration excluded,Not applicable until explicit business mapping exists,Keep source table,False
FUND_ASSET_ALLOCATION_XQ,14,R_ID,32,645f5786118a522258cd4b02aaba8a8917608aaa6dcbd4ded4aa36903096ba7c,,No approved current legacy mapping or target DDL; migration excluded,Not applicable until explicit business mapping exists,Keep source table,False
FUND_AUM_EM,14,R_ID,215,e58f281ef3a78b2df11313aaee8217673c93937a1dbbb84a2238e21aa924ca17,,No approved current legacy mapping or target DDL; migration excluded,Not applicable until explicit business mapping exists,Keep source table,False
FUND_AUM_HIST_EM,16,R_ID,366,5607de40306a6756c8bdb1f1635113eaedc08eb36281aff8dcc062c9ac0d1d10,,No approved current legacy mapping or target DDL; migration excluded,Not applicable until explicit business mapping exists,Keep source table,False
FUND_AUM_TREND_EM,9,R_ID,22,77e337a358c31428fe80cd7f4b3d59de1cfc9d299985278381288d060b1fd72e,,No approved current legacy mapping or target DDL; migration excluded,Not applicable until explicit business mapping exists,Keep source table,False
FUND_BALANCE_POSITION_LG,9,R_ID,828,573dfeb506db450cb8bf253b5777821f5732e61ef9c2cd0131a0f95eb465797f,,No approved current legacy mapping or target DDL; migration excluded,Not applicable until explicit business mapping exists,Keep source table,False
FUND_BASIC_INFO_EM,14,R_ID,27746,4bf0d732b6393f13e5e47d16a1d6196309798e9b5514607fb91e8cb4fbd45e8f,,No approved current legacy mapping or target DDL; migration excluded,Not applicable until explicit business mapping exists,Keep source table,False
FUND_BOND_HOLD_EM,19,R_ID,107,363407f8ae466b746835d78e1da8e3d79000743762a8a369078fb66a9cde4738,,No approved current legacy mapping or target DDL; migration excluded,Not applicable until explicit business mapping exists,Keep source table,False
fund_codes,2,,0,bf6ec776d98be5af3ee8e8aeca5b08c4678b17fd407dff22f8059d740068d9ca,,No approved current legacy mapping or target DDL; migration excluded,Not applicable until explicit business mapping exists,Keep source table,False
FUND_DETAIL_INFO_XQ,24,R_ID,16973,ef1111dcb471ba1a6d429e391b6947de9d89cef4f25a5d948e78366cf69f9e44,,No approved current legacy mapping or target DDL; migration excluded,Not applicable until explicit business mapping exists,Keep source table,False
FUND_DIVIDEND_EM,15,R_ID,677,564a200a97342efda28ab7d874f33ad6b53935467dfc99528a9811fdc37a26dc,,No approved current legacy mapping or target DDL; migration excluded,Not applicable until explicit business mapping exists,Keep source table,False
FUND_DIVIDEND_RANK_EM,14,R_ID,500,177c4a699ae4f740a0fe2046661ee817f4f6aedb1659a3de13f6c3c6aac746bc,,No approved current legacy mapping or target DDL; migration excluded,Not applicable until explicit business mapping exists,Keep source table,False
FUND_EM_HK_RANK,6,R_ID,331,82232139c6fa72199e24a42c5e9df827d29c55e7162a9e5c64272466c8835a39,,No approved current legacy mapping or target DDL; migration excluded,Not applicable until explicit business mapping exists,Keep source table,False
FUND_ETF_CATEGORY_SINA,19,R_ID,764,674a8b239148a69d296792cd9b0d14489ecbdea3627fcfdd3e6320fb0be97a44,,No approved current legacy mapping or target DDL; migration excluded,Not applicable until explicit business mapping exists,Keep source table,False
FUND_ETF_FUND_INFO_EM,12,R_ID,1451,74d1ca3f82a1ed8ea8b1daf83b80b457190c5c77b293de95093a456ce817614f,,No approved current legacy mapping or target DDL; migration excluded,Not applicable until explicit business mapping exists,Keep source table,False
FUND_ETF_HIST_EM,17,R_ID,20,f10fdc72bcafbbf5a147ae3db8019d5f0bcd3c461715980f7b42305d25097129,,No approved current legacy mapping or target DDL; migration excluded,Not applicable until explicit business mapping exists,Keep source table,False
FUND_ETF_HIST_MIN_EM,17,R_ID,45,34c4a5b958d3a67af8800b4cb7766b66f0bccde60f8f53d561c439d16fb9fda2,,No approved current legacy mapping or target DDL; migration excluded,Not applicable until explicit business mapping exists,Keep source table,False
FUND_ETF_HIST_SINA,14,R_ID,10187,a13020197f072c4d2df7d8cef63ba7eb1c44896b7dd5747092966cf71cec22f0,,No approved current legacy mapping or target DDL; migration excluded,Not applicable until explicit business mapping exists,Keep source table,False
FUND_ETF_SPOT_THS,22,R_ID,3089,6a1224e23a7e9b4d58900c196734ae45783d493966921f8fd481d21659c1bcaf,,No approved current legacy mapping or target DDL; migration excluded,Not applicable until explicit business mapping exists,Keep source table,False
FUND_EXCHANGE_RANK_EM,25,R_ID,3113,99033058ea8c1cd5f07d66ee04032a6a488a4bd6ba943904e0a446badba42f58,,No approved current legacy mapping or target DDL; migration excluded,Not applicable until explicit business mapping exists,Keep source table,False
FUND_FEE_EM,16,R_ID,64,cde876aad292c43feb8042d602a0fb25752c48b39b5ffbb430a1f0372f0ab7e1,,No approved current legacy mapping or target DDL; migration excluded,Not applicable until explicit business mapping exists,Keep source table,False
FUND_HK_RANK_EM,26,R_ID,338,cdb58626476ac579bad439f81333f5476a05be9148c030b52ac09c24401c69fa,,No approved current legacy mapping or target DDL; migration excluded,Not applicable until explicit business mapping exists,Keep source table,False
FUND_HOLD_STRUCTURE_EM,13,R_ID,45,19292e156776023b1a665ad1c43793024b152cdb6cbc281a6eb79ff0802cbf1b,,No approved current legacy mapping or target DDL; migration excluded,Not applicable until explicit business mapping exists,Keep source table,False
FUND_INDEX_INFO_EM,30,R_ID,7748,0092a4425ba9151a2c1d207bb2ea9798f3f9d521772542571d2c2317bc826b64,,No approved current legacy mapping or target DDL; migration excluded,Not applicable until explicit business mapping exists,Keep source table,False
FUND_INDIVIDUAL_DETAIL_HOLD_XQ,8,R_ID,6,b1618e318f0e0ca51e267c5fd9b31a7cc7476ce73d942fd73721faa9491fe8ec,,No approved current legacy mapping or target DDL; migration excluded,Not applicable until explicit business mapping exists,Keep source table,False
FUND_INDIVIDUAL_DETAIL_INFO_XQ,9,R_ID,16,94e63e46871103f83d98d9c465b2b2c32b5138eca0124e5df98dd73bcfe56b8b,,No approved current legacy mapping or target DDL; migration excluded,Not applicable until explicit business mapping exists,Keep source table,False
FUND_INDIVIDUAL_PROFIT_PROBABILITY_XQ,9,R_ID,8,7cc3a54b39d90c49bfd4ff9ee7c24d1e71f64dbe84779d12a9c790e5c051a53e,,No approved current legacy mapping or target DDL; migration excluded,Not applicable until explicit business mapping exists,Keep source table,False
FUND_INDUSTRY_ALLOCATION_EM,17,R_ID,21,50434a9f38f30767bbac6e77f9d545dcd43b9607ec023b089b0bbde5054ba79f,,No approved current legacy mapping or target DDL; migration excluded,Not applicable until explicit business mapping exists,Keep source table,False
FUND_INFO_INDEX_EM,24,R_ID,3525,e216696bb3322f762ea956db125274334ecaab993d77005a6965bf1ee481f72e,,No approved current legacy mapping or target DDL; migration excluded,Not applicable until explicit business mapping exists,Keep source table,False
FUND_LCX_RANK_EM,24,R_ID,0,ea5c491bc3c772a1abbc8c6e7969dcd0d9e6be08b10ed8289340f0472f406305,,No approved current legacy mapping or target DDL; migration excluded,Not applicable until explicit business mapping exists,Keep source table,False
FUND_LINGHUO_POSITION_LG,9,R_ID,881,573dfeb506db450cb8bf253b5777821f5732e61ef9c2cd0131a0f95eb465797f,,No approved current legacy mapping or target DDL; migration excluded,Not applicable until explicit business mapping exists,Keep source table,False
FUND_LOF_HIST_EM,17,R_ID,2,1a167b6cbaf3264fd14b1db20003ac8b7687e95a2d028b5e6b966769a28418fd,,No approved current legacy mapping or target DDL; migration excluded,Not applicable until explicit business mapping exists,Keep source table,False
FUND_LOF_HIST_MIN_EM,17,R_ID,46,34c4a5b958d3a67af8800b4cb7766b66f0bccde60f8f53d561c439d16fb9fda2,,No approved current legacy mapping or target DDL; migration excluded,Not applicable until explicit business mapping exists,Keep source table,False
FUND_MANAGER_EM,16,R_ID,68865,9d882a232ee44001c551a31c8e7329f571bf27fdb0ecb87e162dda71e367386a,,No approved current legacy mapping or target DDL; migration excluded,Not applicable until explicit business mapping exists,Keep source table,False
FUND_MONEY_RANK_EM,26,R_ID,1086,603b17f3a1c8c6722db592ed1f19e3449bd881c41eb88e123a44b844649c1e56,,No approved current legacy mapping or target DDL; migration excluded,Not applicable until explicit business mapping exists,Keep source table,False
FUND_NEW_FOUND_EM,19,R_ID,6215,015394747b26db344ca54d17770c72e5b246c8ef594b0a176168f1401123d7b2,,No approved current legacy mapping or target DDL; migration excluded,Not applicable until explicit business mapping exists,Keep source table,False
FUND_OPEN_FUND_INFO_EM,9,R_ID,6988,7e73063535526664652c567e92b0c9bfc58b15fc904fd502833853da30876c48,,No approved current legacy mapping or target DDL; migration excluded,Not applicable until explicit business mapping exists,Keep source table,False
FUND_OVERVIEW_EM,24,R_ID,2,7fc512fc5245134ae45c70286dd891bdea14b26a7403f19fc7448980de0305d6,,No approved current legacy mapping or target DDL; migration excluded,Not applicable until explicit business mapping exists,Keep source table,False
FUND_PORTFOLIO_BOND_HOLD_EM,12,R_ID,136,181b76561938d0edefa5475490ebf85e2872b5357a007b474e2c7ed2683a6a6a,,No approved current legacy mapping or target DDL; migration excluded,Not applicable until explicit business mapping exists,Keep source table,False
FUND_PORTFOLIO_CHANGE_EM,19,R_ID,40,2a065ac65efa0378ebbb1ee0e39319b40ce58f1ef0476e876aaef355414d4249,,No approved current legacy mapping or target DDL; migration excluded,Not applicable until explicit business mapping exists,Keep source table,False
FUND_PORTFOLIO_HOLD_EM,20,R_ID,369,3b7a600861860e1893406afb2f2b8ea7fdf0a712ec862cb368a0b45474126f1c,,No approved current legacy mapping or target DDL; migration excluded,Not applicable until explicit business mapping exists,Keep source table,False
FUND_PORTFOLIO_INDUSTRY_ALLOCATION_EM,11,R_ID,96,cb78f1f8ee0c9069fb6a94368c20ac9f7065e2e604a66e694c5a6feb099b91a6,,No approved current legacy mapping or target DDL; migration excluded,Not applicable until explicit business mapping exists,Keep source table,False
FUND_PROFIT_PROBABILITY_XQ,14,R_ID,20,d1d90984aff5b4f2f159d8fbbe49dd008e3ef39fc790b75be1f46ca37cc4ce0f,,No approved current legacy mapping or target DDL; migration excluded,Not applicable until explicit business mapping exists,Keep source table,False
FUND_PURCHASE_STATUS_EM,21,R_ID,97578,120d003a12907c1ec0c37faa9429fe9eb0abeee854011066391be13f71fba8e6,,No approved current legacy mapping or target DDL; migration excluded,Not applicable until explicit business mapping exists,Keep source table,False
FUND_RATING_ALL,20,R_ID,17482,ae79a0f693207b5142ac520c8d819035bfe377a2a94212e6b14cf4def9286721,,No approved current legacy mapping or target DDL; migration excluded,Not applicable until explicit business mapping exists,Keep source table,False
FUND_RATING_JA,22,R_ID,15041,02da42a7dbaa8c154fc76d6d7db2d4eec795c634df115e2e6a96acaa1b752890,,No approved current legacy mapping or target DDL; migration excluded,Not applicable until explicit business mapping exists,Keep source table,False
FUND_RATING_SH,26,R_ID,9310,5430488c806142397a57cf64b84c4f4dda29a17658d00ad7f72d8c7a2add135d,,No approved current legacy mapping or target DDL; migration excluded,Not applicable until explicit business mapping exists,Keep source table,False
FUND_RATING_ZS,21,R_ID,6549,fd5e36fe53e61c64bcd4d20a6efafb9a2fd070c417cbecbc5676f7faa03fb72b,,No approved current legacy mapping or target DDL; migration excluded,Not applicable until explicit business mapping exists,Keep source table,False
FUND_REPORT_ASSET_ALLOCATION_CNINFO,12,R_ID,150,270fecac3472e4d6a4f26f6cae19fbdaa3b5b4319c8371df5d16b72656c72186,,No approved current legacy mapping or target DDL; migration excluded,Not applicable until explicit business mapping exists,Keep source table,False
FUND_REPORT_INDUSTRY_ALLOCATION_CNINFO,12,R_ID,38,1f0eb26d1eb8f565c5e6f56e7f153771b72ca4594f22f813797bf4a741a046f5,,No approved current legacy mapping or target DDL; migration excluded,Not applicable until explicit business mapping exists,Keep source table,False
FUND_REPORT_STOCK_CNINFO,13,R_ID,6321,887fa55120849edd45fc707522b34797a5915defa9fdb1d2f047b1b5a4872c71,,No approved current legacy mapping or target DDL; migration excluded,Not applicable until explicit business mapping exists,Keep source table,False
FUND_SCALE_CHANGE_EM,13,R_ID,113,d4f1c730b4f0c77b87ccf73bc8ecf9921e035130d6ea63cf39b71da733096349,,No approved current legacy mapping or target DDL; migration excluded,Not applicable until explicit business mapping exists,Keep source table,False
FUND_SCALE_CLOSE_SINA,15,R_ID,185,1dcb9ef093e759b87ca18f39b14f744a58fdfb226eb1b300b11fa608b93254f5,,No approved current legacy mapping or target DDL; migration excluded,Not applicable until explicit business mapping exists,Keep source table,False
FUND_SCALE_OPEN_SINA,16,R_ID,25117,0874e67420f52ce1857a2386b21107f04150531a03d3d14a1e0a754b136de1e2,,No approved current legacy mapping or target DDL; migration excluded,Not applicable until explicit business mapping exists,Keep source table,False
FUND_SCALE_STRUCTURED_SINA,15,R_ID,402,1dcb9ef093e759b87ca18f39b14f744a58fdfb226eb1b300b11fa608b93254f5,,No approved current legacy mapping or target DDL; migration excluded,Not applicable until explicit business mapping exists,Keep source table,False
FUND_SPLIT_EM,16,R_ID,6,6a831e89bb83649d561d85bfab2aeeb8af136775520d7a972bb67aedd61f203d,,No approved current legacy mapping or target DDL; migration excluded,Not applicable until explicit business mapping exists,Keep source table,False
FUND_STOCK_POSITION_LG,9,R_ID,881,573dfeb506db450cb8bf253b5777821f5732e61ef9c2cd0131a0f95eb465797f,,No approved current legacy mapping or target DDL; migration excluded,Not applicable until explicit business mapping exists,Keep source table,False
FUND_TRADING_RULES_XQ,15,R_ID,49,0560697e7b2a966258a1ad9394eaa09271425b865002ff836e56f4df03cc51b3,,No approved current legacy mapping or target DDL; migration excluded,Not applicable until explicit business mapping exists,Keep source table,False
FUND_VALUE_ESTIMATION_EM,18,R_ID,39409,f3bde75720000553ab61d21cf3cbf6d1769469eb0ab900090f252635490dfd62,,No approved current legacy mapping or target DDL; migration excluded,Not applicable until explicit business mapping exists,Keep source table,False
FUTURES_COMEX_INVENTORY,10,R_ID,2482,7bf96581d93873dba89a4f495dcd13003215f1f9d86a77612f9dc42d35a5f450,,No approved current legacy mapping or target DDL; migration excluded,Not applicable until explicit business mapping exists,Keep source table,False
FUTURES_COMMISSION_INFO,27,R_ID,1556,405b9ea9174583f28fd654cc144b6522003ad5f70c3feef0e88f9464de7fd60a,,No approved current legacy mapping or target DDL; migration excluded,Not applicable until explicit business mapping exists,Keep source table,False
FUTURES_CONTRACT_DETAIL,8,R_ID,30,9cca084f454bb83e2a0ce970e2fa5ba9e0847c9179864e316132dc4b4a23599a,,No approved current legacy mapping or target DDL; migration excluded,Not applicable until explicit business mapping exists,Keep source table,False
FUTURES_CONTRACT_DETAIL_EM,8,R_ID,30,9cca084f454bb83e2a0ce970e2fa5ba9e0847c9179864e316132dc4b4a23599a,,No approved current legacy mapping or target DDL; migration excluded,Not applicable until explicit business mapping exists,Keep source table,False
FUTURES_CONTRACT_INFO_CFFEX,22,R_ID,2133,69f1f5d990fa97546dd1609e81df7766a3fce8bbee0c2a9a9c93218d77fab4a7,,No approved current legacy mapping or target DDL; migration excluded,Not applicable until explicit business mapping exists,Keep source table,False
FUTURES_CONTRACT_INFO_CZCE,47,R_ID,25541,c345a6c0d5ca714cf8e3298fed60d60caf413b8c301fd62a52f76712b9a09cff,,No approved current legacy mapping or target DDL; migration excluded,Not applicable until explicit business mapping exists,Keep source table,False
FUTURES_CONTRACT_INFO_DCE,20,R_ID,223,380c9b015970b239d1a2c72eed8f219b5414ddbf2ec2c3e482689ea39244b077,,No approved current legacy mapping or target DDL; migration excluded,Not applicable until explicit business mapping exists,Keep source table,False
FUTURES_CONTRACT_INFO_GFEX,20,R_ID,132,e9385b4262e6689cd99e5899de3729bd70d743f76a0879c2af4c1e13521e8865,,No approved current legacy mapping or target DDL; migration excluded,Not applicable until explicit business mapping exists,Keep source table,False
FUTURES_CONTRACT_INFO_INE,19,R_ID,1422,4f5fd91299be83fade3d0e9fe9e6d0cc08e0af6621df830935d7b006b5be16a9,,No approved current legacy mapping or target DDL; migration excluded,Not applicable until explicit business mapping exists,Keep source table,False
FUTURES_CONTRACT_INFO_SHFE,19,R_ID,513816,4f5fd91299be83fade3d0e9fe9e6d0cc08e0af6621df830935d7b006b5be16a9,,No approved current legacy mapping or target DDL; migration excluded,Not applicable until explicit business mapping exists,Keep source table,False
FUTURES_CZCE_TO_SPOT,11,R_ID,2,eacfc395dfa0bd38adf5d93086b7c0788cee530875356e25fe18d9be26f1050c,,No approved current legacy mapping or target DDL; migration excluded,Not applicable until explicit business mapping exists,Keep source table,False
FUTURES_CZCE_WAREHOUSE_RECEIPT,21,R_ID,1699,25767f915601ab76bf0fb96718525733d0895e285886fed5c6319fb079794f64,,No approved current legacy mapping or target DDL; migration excluded,Not applicable until explicit business mapping exists,Keep source table,False
FUTURES_DAILY_MARKET,22,R_ID,1579605,5932df8d25223d65e5dde514d1950ca8121016fe24d92319cc946aa371cc81d5,,No approved current legacy mapping or target DDL; migration excluded,Not applicable until explicit business mapping exists,Keep source table,False
FUTURES_DCE_WAREHOUSE_RECEIPT,15,R_ID,0,055316b0db5610c2f678b8bdd7c04802763d053109e3696ca55400b7ad5e99e7,,No approved current legacy mapping or target DDL; migration excluded,Not applicable until explicit business mapping exists,Keep source table,False
FUTURES_DELIVERY_CZCE,15,R_ID,13558,9ffdfc7e55269c22f9dc5ca32b4f221bdc38c419d81a76259b8431091ef94b81,,No approved current legacy mapping or target DDL; migration excluded,Not applicable until explicit business mapping exists,Keep source table,False
FUTURES_DELIVERY_DCE,13,R_ID,0,0d9cb6a1a47480c8567c404119311168236b1367a3f51141855304753be16837,,No approved current legacy mapping or target DDL; migration excluded,Not applicable until explicit business mapping exists,Keep source table,False
FUTURES_DELIVERY_MATCH_CZCE,18,R_ID,2704,ca83018da1c8963dfdb62414ba9c0952a1d3d3a88758ae0d76fe5f9731328022,,No approved current legacy mapping or target DDL; migration excluded,Not applicable until explicit business mapping exists,Keep source table,False
FUTURES_DELIVERY_MATCH_DCE,17,R_ID,0,d8f8b0656bc34aac68de7edbbd68f44d6be95feac2f74c5a765acb40adfce447,,No approved current legacy mapping or target DDL; migration excluded,Not applicable until explicit business mapping exists,Keep source table,False
FUTURES_DELIVERY_SHFE,15,R_ID,1996,5c55237fd8fa5bd294400d20e138025cb3d20a920f9321ee23f715afe30d8532,,No approved current legacy mapping or target DDL; migration excluded,Not applicable until explicit business mapping exists,Keep source table,False
FUTURES_DISPLAY_MAIN_SINA,7,R_ID,82,2ee1926693ff8a6594e19bc53583a673f3f4274fdcc95be9a7bf610b554f8e1b,,No approved current legacy mapping or target DDL; migration excluded,Not applicable until explicit business mapping exists,Keep source table,False
FUTURES_FOREIGN_COMMODITY_REALTIME,20,R_ID,58,7e4d9f2bb877e68eb20c9757fcd8fe5e745ad84cb57c78fa88ca2283783947c0,,No approved current legacy mapping or target DDL; migration excluded,Not applicable until explicit business mapping exists,Keep source table,False
FUTURES_FOREIGN_COMMODITY_SUBSCRIBE_EXCHANGE_SYMBOL,6,R_ID,60,82232139c6fa72199e24a42c5e9df827d29c55e7162a9e5c64272466c8835a39,,No approved current legacy mapping or target DDL; migration excluded,Not applicable until explicit business mapping exists,Keep source table,False
FUTURES_FOREIGN_DETAIL,12,R_ID,8,3f9e9217d146cf0b42cb7e1c54f11c66fdc37ae93fc2bd0e0313d352b3031986,,No approved current legacy mapping or target DDL; migration excluded,Not applicable until explicit business mapping exists,Keep source table,False
FUTURES_FOREIGN_HIST,14,R_ID,5071,7c44485c6efaa40dedf21cc2d421eff4f8b38956c9bcbf40de6eb90d08d76534,,No approved current legacy mapping or target DDL; migration excluded,Not applicable until explicit business mapping exists,Keep source table,False
FUTURES_GFEX_POSITION_RANK,18,R_ID,200,8b67fe10190397df854bcc58e759212225b91eafc47d2b8f0ff2b4de034be755,,No approved current legacy mapping or target DDL; migration excluded,Not applicable until explicit business mapping exists,Keep source table,False
FUTURES_GFEX_WAREHOUSE_RECEIPT,25,R_ID,80,518723e612eb9eccb34625370a5e4f5e158cfaa7e7a675065dab7b2d492c77b5,,No approved current legacy mapping or target DDL; migration excluded,Not applicable until explicit business mapping exists,Keep source table,False
FUTURES_HIST_EM,16,R_ID,2,af1ea78c3ebc3867acd45ddeec760b1b8fea23f10b93b816dbff29498e0066f9,,No approved current legacy mapping or target DDL; migration excluded,Not applicable until explicit business mapping exists,Keep source table,False
FUTURES_HIST_TABLE_EM,9,R_ID,2126,fbf6ef2e14a129376dfe83a742e0bfbd9e19daf9ac7800a8187504c4dfb728df,,No approved current legacy mapping or target DDL; migration excluded,Not applicable until explicit business mapping exists,Keep source table,False
FUTURES_HOG_CORE,8,R_ID,734,dbd6c484f702500fbdde234a4d872951e2bfb0e26547042888712c4ff03fd6da,,No approved current legacy mapping or target DDL; migration excluded,Not applicable until explicit business mapping exists,Keep source table,False
FUTURES_HOG_COST,8,R_ID,734,429961398e2c07208edd8dd83e5a9f6c503d3f9b472f6823b6ff3f18ca564a08,,No approved current legacy mapping or target DDL; migration excluded,Not applicable until explicit business mapping exists,Keep source table,False
FUTURES_HOG_SUPPLY,8,R_ID,180,dbd6c484f702500fbdde234a4d872951e2bfb0e26547042888712c4ff03fd6da,,No approved current legacy mapping or target DDL; migration excluded,Not applicable until explicit business mapping exists,Keep source table,False
FUTURES_HOLD_POS_SINA,13,R_ID,20,ce61d839bec4f381004e5ba0844e3e45d487847321663e1823ed1e1ce6566dd4,,No approved current legacy mapping or target DDL; migration excluded,Not applicable until explicit business mapping exists,Keep source table,False
FUTURES_HQ_SUBSCRIBE_EXCHANGE_SYMBOL,7,R_ID,60,ff828a924eeb35292d753dd5322ec94366d070ae086ec6f0ee00a877a7524ed4,,No approved current legacy mapping or target DDL; migration excluded,Not applicable until explicit business mapping exists,Keep source table,False
FUTURES_INDEX_CCIDX,30,R_ID,1888,a54cb84c5bd474b6a32eb4c96dffffb09a6228edffe9565e394074e8c6896ba5,,No approved current legacy mapping or target DDL; migration excluded,Not applicable until explicit business mapping exists,Keep source table,False
FUTURES_INVENTORY_DATA,12,R_ID,1600,cf40c40c5c298ad5e74e174ed9a899fba67cddf2aca6bf22f70c24f0950f6cdf,,No approved current legacy mapping or target DDL; migration excluded,Not applicable until explicit business mapping exists,Keep source table,False
FUTURES_INVENTORY_EM,9,R_ID,119,1205ab1ae6c4db85f01d9c51a859cf1ba3d1224ec3c0f56b496bbc0baa638d92,,No approved current legacy mapping or target DDL; migration excluded,Not applicable until explicit business mapping exists,Keep source table,False
FUTURES_MAIN_SINA,14,R_ID,8209,4c4155956748bdd14d5a368059e14dbfaa2706099d1a4a9cb20f60de918d8a0b,,No approved current legacy mapping or target DDL; migration excluded,Not applicable until explicit business mapping exists,Keep source table,False
FUTURES_MEMBER_POSITION_RANK,22,R_ID,3559,9521807a7138b18bc587761565f85e7a103d1cb79f2c2e579f801d3613d32dbd,,No approved current legacy mapping or target DDL; migration excluded,Not applicable until explicit business mapping exists,Keep source table,False
FUTURES_MINUTE_MARKET,20,R_ID,86578,964779c4aa86b1ed22fad3a286649d1fb4b5858c858bba839fdfe8f873dc3fc2,,No approved current legacy mapping or target DDL; migration excluded,Not applicable until explicit business mapping exists,Keep source table,False
FUTURES_NEWS_SHMET,13,R_ID,36720,e7c8af598ba620720559ee588d3e31bcb1ffab0ff296a96722b729dd9f01dfb8,,No approved current legacy mapping or target DDL; migration excluded,Not applicable until explicit business mapping exists,Keep source table,False
FUTURES_RANK_SUM_DAILY,18,,180,9575685b1c09324a782fa13d1b35799d401e99ce8107b3678f6ff9f199866973,,No approved current legacy mapping or target DDL; migration excluded,Not applicable until explicit business mapping exists,Keep source table,False
FUTURES_SETTLEMENT_PRICE_SGX,18,R_ID,2502,2a57604d0deada7715891de1d469dbc5dca258de9829f0debab8553aa261cd99,,No approved current legacy mapping or target DDL; migration excluded,Not applicable until explicit business mapping exists,Keep source table,False
FUTURES_SHFE_WAREHOUSE_RECEIPT,19,R_ID,804,ef12261558f22a297b1b4eca72fa1b49ffad5497934ce8bb11f12e9d66c4e6fc,,No approved current legacy mapping or target DDL; migration excluded,Not applicable until explicit business mapping exists,Keep source table,False
FUTURES_SPOT_PRICE,18,R_ID,104,2d60c07aab42b61ec3d9f14f0d22fdeb69bfd574291894797580d3c67c934730,,No approved current legacy mapping or target DDL; migration excluded,Not applicable until explicit business mapping exists,Keep source table,False
FUTURES_SPOT_PRICE_DAILY,18,R_ID,94,2d60c07aab42b61ec3d9f14f0d22fdeb69bfd574291894797580d3c67c934730,,No approved current legacy mapping or target DDL; migration excluded,Not applicable until explicit business mapping exists,Keep source table,False
FUTURES_SPOT_PRICE_PREVIOUS,15,R_ID,102,8269868be5aa2ec4ca404bb8fd3e2686da8cd08c30664e2208b05ee1e44dcdce,,No approved current legacy mapping or target DDL; migration excluded,Not applicable until explicit business mapping exists,Keep source table,False
FUTURES_SPOT_STOCK,16,R_ID,10,30019285ee51854db3ed56953988312487a5daf146b76c6137dfc9d80f1c233d,,No approved current legacy mapping or target DDL; migration excluded,Not applicable until explicit business mapping exists,Keep source table,False
FUTURES_SPOT_SYS,10,R_ID,22,8862c0f1175f8f9b0cf29ad3d60056a780f68bdee1594093e735e56575c95865,,No approved current legacy mapping or target DDL; migration excluded,Not applicable until explicit business mapping exists,Keep source table,False
FUTURES_STOCK_WEEKLY_SHFE,17,R_ID,5852,98042b33e6dfe4fef3108ee8b6ad76d204fe19bd76647aaabc1c101fb022a65a,,No approved current legacy mapping or target DDL; migration excluded,Not applicable until explicit business mapping exists,Keep source table,False
FUTURES_SYMBOL_MARK,8,R_ID,172,3bfa189d475246823f178ff216bb084aabe54b23a6a987d2525da5537f933643,,No approved current legacy mapping or target DDL; migration excluded,Not applicable until explicit business mapping exists,Keep source table,False
FUTURES_TO_SPOT_SHFE,13,R_ID,2215,873b9be05dd62a8cc71be12bf7e729dff133d5cf69b58ca80de5109577a0494a,,No approved current legacy mapping or target DDL; migration excluded,Not applicable until explicit business mapping exists,Keep source table,False
FUTURES_TRADING_FEES,45,R_ID,2508,6531d12c45f47e726c6ff88e3d8980b8ac255fe6cbf3528bc20397036e8bd89d,,No approved current legacy mapping or target DDL; migration excluded,Not applicable until explicit business mapping exists,Keep source table,False
FUTURES_TRADING_RULES,16,R_ID,316,262e3648dddf54f53236a74e8c1a6ff1459ca0f8202a7cca88208e8a500dac7d,,No approved current legacy mapping or target DDL; migration excluded,Not applicable until explicit business mapping exists,Keep source table,False
FUTURES_WAREHOUSE_RECEIPT_CZCE,32,R_ID,1724,bc2441f279746af5a11bafa27c67ed9c688d96aa84889e7f4c1d24c0d7f4891c,,No approved current legacy mapping or target DDL; migration excluded,Not applicable until explicit business mapping exists,Keep source table,False
FUTURES_ZH_DAILY_SINA,14,R_ID,8496,02535d65fb68f7e310cda67e6153a93bbdc977d4abaeae2a6f03d9dd0b9881d7,,No approved current legacy mapping or target DDL; migration excluded,Not applicable until explicit business mapping exists,Keep source table,False
FUTURES_ZH_MINUTE_SINA,13,R_ID,2046,5d4b756ae671229c7906efb850ad2897fead5dfd06a4492b8fada1fb61bda525,,No approved current legacy mapping or target DDL; migration excluded,Not applicable until explicit business mapping exists,Keep source table,False
FUTURES_ZH_REALTIME,27,R_ID,26,c2f7d8a4649e2bf2d565bf93d7682e4fc15d00e49b793962e182d77aea0e4634,,No approved current legacy mapping or target DDL; migration excluded,Not applicable until explicit business mapping exists,Keep source table,False
FUTURES_ZH_SPOT,20,R_ID,2,1ae05df760c6cfbe87977d3b2ec82dce9a72f63ca92ae28996e8c0b39804fbf1,,No approved current legacy mapping or target DDL; migration excluded,Not applicable until explicit business mapping exists,Keep source table,False
FX_C_SWAP_CM,11,R_ID,24,708b41b340468650b2a8183e42fa69d6e988d4a46db8ddf3bb4110c3cd5d78cc,,No approved current legacy mapping or target DDL; migration excluded,Not applicable until explicit business mapping exists,Keep source table,False
FX_PAIR_QUOTE,9,R_ID,16,1dc3efda0d0afeb423941b2ef52091093417caa05b99971159a94f16e5a5f08a,,No approved current legacy mapping or target DDL; migration excluded,Not applicable until explicit business mapping exists,Keep source table,False
FX_QUOTE_BAIDU,11,R_ID,332,5f7e98d41d8b6f8dcd4ef31193a02559cb0c1059b2859cb097e3ecb2b9154872,,No approved current legacy mapping or target DDL; migration excluded,Not applicable until explicit business mapping exists,Keep source table,False
FX_SPOT_QUOTE,9,R_ID,25,1dc3efda0d0afeb423941b2ef52091093417caa05b99971159a94f16e5a5f08a,,No approved current legacy mapping or target DDL; migration excluded,Not applicable until explicit business mapping exists,Keep source table,False
FX_SWAP_QUOTE,13,R_ID,25,13fd4405f22325e83f9acababdbf3e2e751877b678f2bdf6e743b1b0a54542be,,No approved current legacy mapping or target DDL; migration excluded,Not applicable until explicit business mapping exists,Keep source table,False
GET_CFFEX_RANK_TABLE,18,R_ID,840,36f050aa5aecf7a1606e9c1e86dc1bfdb84fb82968b20b3afcb6758f38e83680,,No approved current legacy mapping or target DDL; migration excluded,Not applicable until explicit business mapping exists,Keep source table,False
GET_RANK_TABLE_CZCE,18,R_ID,3495,389a2d2737c742a369aaf09002d70c304a604a401f7287aad87760623e4ed456,,No approved current legacy mapping or target DDL; migration excluded,Not applicable until explicit business mapping exists,Keep source table,False
GET_RECEIPT,10,R_ID,2,8131353637afdc96651251fc35b19d656604da24376c8086ce74c2875bf1847e,,No approved current legacy mapping or target DDL; migration excluded,Not applicable until explicit business mapping exists,Keep source table,False
GET_ROLL_YIELD,10,R_ID,0,b90550c22e108a904414cdf6d86acebcd294664a63e506b30ce12e302af358c2,,No approved current legacy mapping or target DDL; migration excluded,Not applicable until explicit business mapping exists,Keep source table,False
GET_ROLL_YIELD_BAR,10,R_ID,84,12d15a5af33f6e5b10d6a4e72f6bf6f872f227f35d862ba02f8369b4785adfc9,,No approved current legacy mapping or target DDL; migration excluded,Not applicable until explicit business mapping exists,Keep source table,False
GET_SHFE_RANK_TABLE,18,R_ID,420,9b9a994f7f6629354b5424e0ef71f8ebbdcae37e44d492cb499e4574de401254,,No approved current legacy mapping or target DDL; migration excluded,Not applicable until explicit business mapping exists,Keep source table,False
GET_US_STOCK_NAME,7,R_ID,40,de50218130598111b9f33769ac95c4b240e952a0f438e32face3b297b873d857,,No approved current legacy mapping or target DDL; migration excluded,Not applicable until explicit business mapping exists,Keep source table,False
GRADED_FUND_DAILY_EM,21,R_ID,19791,54af0c5c139cabea575219472908f680fcc5933c6d6574bf76260d71d1646892,,No approved current legacy mapping or target DDL; migration excluded,Not applicable until explicit business mapping exists,Keep source table,False
GRADED_FUND_HIST_EM,16,R_ID,20,7e409179e217e6233cd9807ef1de9614983e9614901917f001661b15e60f4ef1,,No approved current legacy mapping or target DDL; migration excluded,Not applicable until explicit business mapping exists,Keep source table,False
HF_SP_500,12,R_ID,441693,c5fa95f7551f6782d57db577826123a3180fd7a853a837eaf6fe2167a871ce51,,No approved current legacy mapping or target DDL; migration excluded,Not applicable until explicit business mapping exists,Keep source table,False
HF_SUBSCRIBE_EXCHANGE_SYMBOL,6,R_ID,60,82232139c6fa72199e24a42c5e9df827d29c55e7162a9e5c64272466c8835a39,,No approved current legacy mapping or target DDL; migration excluded,Not applicable until explicit business mapping exists,Keep source table,False
HIGHWAY_LOGISTICS_INDEX,12,R_ID,725,9227984ab0dceff691f76a2715b7aab445580f5870a18986a296a24881c2d2d2,,No approved current legacy mapping or target DDL; migration excluded,Not applicable until explicit business mapping exists,Keep source table,False
HIGHWAY_LOGISTICS_VOLUME,12,R_ID,77,9ca9e29e5625373cafd16da71b7130c75bd28af5f7abfadd061a635fe5d71bcb,,No approved current legacy mapping or target DDL; migration excluded,Not applicable until explicit business mapping exists,Keep source table,False
HK_FUND_DIVIDEND_EM,16,R_ID,73,a810a228437dd294a9f5b0c49389ba6a48c38ed556fe017ed56d20bbc16311f5,,No approved current legacy mapping or target DDL; migration excluded,Not applicable until explicit business mapping exists,Keep source table,False
HURUN_RANK,11,R_ID,2480,94d885a1767b4501a4e11e0d5a29cd958366ee6e63436954428152a75b1ee107,,No approved current legacy mapping or target DDL; migration excluded,Not applicable until explicit business mapping exists,Keep source table,False
INDEX_ALL_CNI_DAILY,18,R_ID,2702,ead388f7b6697642b85ac4e22ade5635c40db16724c79374ada31aa713fecc7c,,No approved current legacy mapping or target DDL; migration excluded,Not applicable until explicit business mapping exists,Keep source table,False
INDEX_ANALYSIS_DAILY_SW,20,R_ID,18,cc00669d77ea3537bd97ceb63388794f76c8e9883af96801a2b5711397828540,,No approved current legacy mapping or target DDL; migration excluded,Not applicable until explicit business mapping exists,Keep source table,False
INDEX_ANALYSIS_MONTHLY_SW,20,R_ID,18,cc00669d77ea3537bd97ceb63388794f76c8e9883af96801a2b5711397828540,,No approved current legacy mapping or target DDL; migration excluded,Not applicable until explicit business mapping exists,Keep source table,False
INDEX_ANALYSIS_WEEK_MONTH_SW,7,R_ID,635,7d254b4307f7dfc9933126bcf5db5e931458c31a7785a7780364b21dd0cfa47b,,No approved current legacy mapping or target DDL; migration excluded,Not applicable until explicit business mapping exists,Keep source table,False
INDEX_ANALYSIS_WEEKLY_SW,20,R_ID,18,cc00669d77ea3537bd97ceb63388794f76c8e9883af96801a2b5711397828540,,No approved current legacy mapping or target DDL; migration excluded,Not applicable until explicit business mapping exists,Keep source table,False
INDEX_BLOOMBERG_BILLIONAIRES_HIST,15,R_ID,500,91f56eccdc805c3a506afd8889aa8b9a6d2ad8a8e6d0911ee9fe0e49580302b1,,No approved current legacy mapping or target DDL; migration excluded,Not applicable until explicit business mapping exists,Keep source table,False
INDEX_CONSTITUENT_WEIGHTS_CSINDEX,17,R_ID,2120,d5119fc5f02cf4f9f4a434fa171768aa8ef830bec36bebb3b62dba360d7ed857,,No approved current legacy mapping or target DDL; migration excluded,Not applicable until explicit business mapping exists,Keep source table,False
INDEX_CSINDEX_ALL,23,R_ID,4620,78b64952db46ab8f611ab477d111980f1cd42dbea5912cc4a280608727d16fe2,,No approved current legacy mapping or target DDL; migration excluded,Not applicable until explicit business mapping exists,Keep source table,False
INDEX_DAILY_MARKET_CNI,16,R_ID,87,ce14084bdf58d19d751a96f2f20bcc263e7de66dc94891e6d63c370ffb541b9d,,No approved current legacy mapping or target DDL; migration excluded,Not applicable until explicit business mapping exists,Keep source table,False
INDEX_DETAIL_CNI,14,R_ID,2000,7eac9266ef22f6a154b2e51cd2e0339a8a176c790bd867d965e2da3927fd3310,,No approved current legacy mapping or target DDL; migration excluded,Not applicable until explicit business mapping exists,Keep source table,False
INDEX_DETAIL_HIST_CNI,12,R_ID,1000,ba378d24e0b3d02e318c133292737d91dde28ae89dab0dd85e3a2dd9f8e6734d,,No approved current legacy mapping or target DDL; migration excluded,Not applicable until explicit business mapping exists,Keep source table,False
INDEX_GLOBAL_HIST_EM,15,R_ID,9,98bb85b977fc858b59c2f44025d4fd5fb498f58f7730a05ee77686845f097e46,,No approved current legacy mapping or target DDL; migration excluded,Not applicable until explicit business mapping exists,Keep source table,False
INDEX_GLOBAL_HIST_SINA,14,R_ID,3011,2e0dbca7ac71ee1b9fcf395130601fe9a560c6e2eea7b943fd331ef0752bc1a8,,No approved current legacy mapping or target DDL; migration excluded,Not applicable until explicit business mapping exists,Keep source table,False
INDEX_HIST_ADJUST_CNI,14,R_ID,12846,6e64d34f5ed0ce0a9c01a0ea36a60ecbe858d3899cacfa69f120078f34799ee6,,No approved current legacy mapping or target DDL; migration excluded,Not applicable until explicit business mapping exists,Keep source table,False
INDEX_HIST_CNI,14,R_ID,484,d72c9efecec1d8d7967ba2d093e4e1cb1c4b920f56e9ef4305f666fe02a8d6e1,,No approved current legacy mapping or target DDL; migration excluded,Not applicable until explicit business mapping exists,Keep source table,False
INDEX_HOG_SPOT_PRICE,14,R_ID,1150,7d527acbe016ec1a1fa6ab2271000b16f2fb4af2d0bae02e1e519c4c2f586477,,No approved current legacy mapping or target DDL; migration excluded,Not applicable until explicit business mapping exists,Keep source table,False
INDEX_KQ_FASHION,10,R_ID,84,353f29a46a990761bab69521bf5faeebf56bfa2523b2243a67ee57a764344f8a,,No approved current legacy mapping or target DDL; migration excluded,Not applicable until explicit business mapping exists,Keep source table,False
INDEX_NEAW_CX,9,R_ID,261,dd806c732eb7fe6b7401dee905e7613d2703dfd83fae677a232b995a7018251c,,No approved current legacy mapping or target DDL; migration excluded,Not applicable until explicit business mapping exists,Keep source table,False
INDEX_STOCK_CONS,9,R_ID,80,dc74285dee3b8b1457169b64503648fc73a794301bed9a14de08cd5cf7581c8d,,No approved current legacy mapping or target DDL; migration excluded,Not applicable until explicit business mapping exists,Keep source table,False
INDEX_STOCK_CONS_CSINDEX,15,R_ID,600,31bb4d950b8fdd87b9d60c1edd65971c9da8fb0babcaeed19eedfd1bc7d9fac1,,No approved current legacy mapping or target DDL; migration excluded,Not applicable until explicit business mapping exists,Keep source table,False
INDEX_STOCK_CONS_SINA,24,R_ID,598,e23c3df52ef475d85676b9908056cdff9934a3218156b401f061ba67133aa73c,,No approved current legacy mapping or target DDL; migration excluded,Not applicable until explicit business mapping exists,Keep source table,False
INDEX_STOCK_INFO,10,R_ID,732,d167da85ce82a860cc23dad5b7f5d515aa9b783a6ebf6c43e338e0f5626f6894,,No approved current legacy mapping or target DDL; migration excluded,Not applicable until explicit business mapping exists,Keep source table,False
INDEX_US_STOCK_SINA,15,R_ID,19964,2a83ec96783ef7c69e33b203daf07a46a7e9ab2a5005d232dceacf59100280c7,,No approved current legacy mapping or target DDL; migration excluded,Not applicable until explicit business mapping exists,Keep source table,False
INDEX_ZH_A_HIST,17,R_ID,2,4de3828df8c50d9456967f79efb10b51742075b75ea43dfc6c1ce1171f41dc43,,No approved current legacy mapping or target DDL; migration excluded,Not applicable until explicit business mapping exists,Keep source table,False
INDEX_ZH_A_HIST_MIN_EM,18,R_ID,2360,9128f274e90db173813eda63b0def1b4d614c63e1f5b87b0cb10b16525aeefc4,,No approved current legacy mapping or target DDL; migration excluded,Not applicable until explicit business mapping exists,Keep source table,False
KQ_FOREIGN_TRADE_INDEX,12,R_ID,0,c95d630042b50b2eb9c6f5cdd02392f92b1640209ddaddacb89da51fe0f2940f,,No approved current legacy mapping or target DDL; migration excluded,Not applicable until explicit business mapping exists,Keep source table,False
LOF_MINUTE_HIST_EM,25,R_ID,29808,09731704b568a33c44296c3d5a25221753b49f26cf3926a31f4f7626b1619b41,,No approved current legacy mapping or target DDL; migration excluded,Not applicable until explicit business mapping exists,Keep source table,False
LOF_REALTIME_QUOTE_EM,26,R_ID,785,2ac645603bf96b0e412d66a12937126f7a96267fea7673f61877536e3ef90390,,No approved current legacy mapping or target DDL; migration excluded,Not applicable until explicit business mapping exists,Keep source table,False
MACRO_AUSTRALIA_BANK_RATE,10,R_ID,388,8302343982aa1957228460d69274faf6b0af62c34346f01e21f92803758ec3b1,,No approved current legacy mapping or target DDL; migration excluded,Not applicable until explicit business mapping exists,Keep source table,False
MACRO_AUSTRALIA_CPI_QUARTERLY,10,R_ID,147,8302343982aa1957228460d69274faf6b0af62c34346f01e21f92803758ec3b1,,No approved current legacy mapping or target DDL; migration excluded,Not applicable until explicit business mapping exists,Keep source table,False
MACRO_AUSTRALIA_CPI_YEARLY,10,R_ID,147,8302343982aa1957228460d69274faf6b0af62c34346f01e21f92803758ec3b1,,No approved current legacy mapping or target DDL; migration excluded,Not applicable until explicit business mapping exists,Keep source table,False
MACRO_AUSTRALIA_PPI_QUARTERLY,10,R_ID,148,8302343982aa1957228460d69274faf6b0af62c34346f01e21f92803758ec3b1,,No approved current legacy mapping or target DDL; migration excluded,Not applicable until explicit business mapping exists,Keep source table,False
MACRO_AUSTRALIA_RETAIL_RATE_MONTHLY,10,R_ID,420,8302343982aa1957228460d69274faf6b0af62c34346f01e21f92803758ec3b1,,No approved current legacy mapping or target DDL; migration excluded,Not applicable until explicit business mapping exists,Keep source table,False
MACRO_AUSTRALIA_TRADE,10,R_ID,376,0b530ddce5f67a6f3fd26c9b2609383ff010a4aeebd7f14ab53771f0f5ec2d56,,No approved current legacy mapping or target DDL; migration excluded,Not applicable until explicit business mapping exists,Keep source table,False
MACRO_AUSTRALIA_UNEMPLOYMENT_RATE,10,R_ID,443,8302343982aa1957228460d69274faf6b0af62c34346f01e21f92803758ec3b1,,No approved current legacy mapping or target DDL; migration excluded,Not applicable until explicit business mapping exists,Keep source table,False
MACRO_BANK_AUSTRALIA_INTEREST_RATE,11,R_ID,1056,711cfb90f98537128efc8c2eab207a2c6146f9483a5d246b2ad6c528a91423fc,,No approved current legacy mapping or target DDL; migration excluded,Not applicable until explicit business mapping exists,Keep source table,False
MACRO_BANK_BRAZIL_INTEREST_RATE,11,R_ID,312,711cfb90f98537128efc8c2eab207a2c6146f9483a5d246b2ad6c528a91423fc,,No approved current legacy mapping or target DDL; migration excluded,Not applicable until explicit business mapping exists,Keep source table,False
MACRO_BANK_CHINA_INTEREST_RATE,11,R_ID,436,711cfb90f98537128efc8c2eab207a2c6146f9483a5d246b2ad6c528a91423fc,,No approved current legacy mapping or target DDL; migration excluded,Not applicable until explicit business mapping exists,Keep source table,False
MACRO_BANK_ENGLISH_INTEREST_RATE,11,R_ID,636,711cfb90f98537128efc8c2eab207a2c6146f9483a5d246b2ad6c528a91423fc,,No approved current legacy mapping or target DDL; migration excluded,Not applicable until explicit business mapping exists,Keep source table,False
MACRO_BANK_EURO_INTEREST_RATE,11,R_ID,558,711cfb90f98537128efc8c2eab207a2c6146f9483a5d246b2ad6c528a91423fc,,No approved current legacy mapping or target DDL; migration excluded,Not applicable until explicit business mapping exists,Keep source table,False
MACRO_BANK_INDIA_INTEREST_RATE,11,R_ID,464,711cfb90f98537128efc8c2eab207a2c6146f9483a5d246b2ad6c528a91423fc,,No approved current legacy mapping or target DDL; migration excluded,Not applicable until explicit business mapping exists,Keep source table,False
MACRO_BANK_JAPAN_INTEREST_RATE,11,R_ID,406,711cfb90f98537128efc8c2eab207a2c6146f9483a5d246b2ad6c528a91423fc,,No approved current legacy mapping or target DDL; migration excluded,Not applicable until explicit business mapping exists,Keep source table,False
MACRO_BANK_NEWZEALAND_INTEREST_RATE,11,R_ID,480,711cfb90f98537128efc8c2eab207a2c6146f9483a5d246b2ad6c528a91423fc,,No approved current legacy mapping or target DDL; migration excluded,Not applicable until explicit business mapping exists,Keep source table,False
MACRO_BANK_RUSSIA_INTEREST_RATE,11,R_ID,452,711cfb90f98537128efc8c2eab207a2c6146f9483a5d246b2ad6c528a91423fc,,No approved current legacy mapping or target DDL; migration excluded,Not applicable until explicit business mapping exists,Keep source table,False
MACRO_BANK_SWITZERLAND_INTEREST_RATE,11,R_ID,150,711cfb90f98537128efc8c2eab207a2c6146f9483a5d246b2ad6c528a91423fc,,No approved current legacy mapping or target DDL; migration excluded,Not applicable until explicit business mapping exists,Keep source table,False
MACRO_BANK_USA_INTEREST_RATE,11,R_ID,588,711cfb90f98537128efc8c2eab207a2c6146f9483a5d246b2ad6c528a91423fc,,No approved current legacy mapping or target DDL; migration excluded,Not applicable until explicit business mapping exists,Keep source table,False
MACRO_CANADA_BANK_RATE,10,R_ID,354,8302343982aa1957228460d69274faf6b0af62c34346f01e21f92803758ec3b1,,No approved current legacy mapping or target DDL; migration excluded,Not applicable until explicit business mapping exists,Keep source table,False
MACRO_CANADA_CORE_CPI_MONTHLY,10,R_ID,441,8302343982aa1957228460d69274faf6b0af62c34346f01e21f92803758ec3b1,,No approved current legacy mapping or target DDL; migration excluded,Not applicable until explicit business mapping exists,Keep source table,False
MACRO_CANADA_CORE_CPI_YEARLY,10,R_ID,441,8302343982aa1957228460d69274faf6b0af62c34346f01e21f92803758ec3b1,,No approved current legacy mapping or target DDL; migration excluded,Not applicable until explicit business mapping exists,Keep source table,False
MACRO_CANADA_CPI_MONTHLY,10,R_ID,439,8302343982aa1957228460d69274faf6b0af62c34346f01e21f92803758ec3b1,,No approved current legacy mapping or target DDL; migration excluded,Not applicable until explicit business mapping exists,Keep source table,False
MACRO_CANADA_CPI_YEARLY,10,R_ID,443,8302343982aa1957228460d69274faf6b0af62c34346f01e21f92803758ec3b1,,No approved current legacy mapping or target DDL; migration excluded,Not applicable until explicit business mapping exists,Keep source table,False
MACRO_CANADA_GDP_MONTHLY,10,R_ID,439,8302343982aa1957228460d69274faf6b0af62c34346f01e21f92803758ec3b1,,No approved current legacy mapping or target DDL; migration excluded,Not applicable until explicit business mapping exists,Keep source table,False
MACRO_CANADA_NEW_HOUSE_RATE,10,R_ID,444,8302343982aa1957228460d69274faf6b0af62c34346f01e21f92803758ec3b1,,No approved current legacy mapping or target DDL; migration excluded,Not applicable until explicit business mapping exists,Keep source table,False
MACRO_CANADA_RETAIL_RATE_MONTHLY,10,R_ID,146,8302343982aa1957228460d69274faf6b0af62c34346f01e21f92803758ec3b1,,No approved current legacy mapping or target DDL; migration excluded,Not applicable until explicit business mapping exists,Keep source table,False
MACRO_CANADA_TRADE,10,R_ID,442,e09ebc0fc67af6b049f7b7da442c2d72029847c3d444d4bc3d934607af401661,,No approved current legacy mapping or target DDL; migration excluded,Not applicable until explicit business mapping exists,Keep source table,False
MACRO_CANADA_UNEMPLOYMENT_RATE,10,R_ID,444,8302343982aa1957228460d69274faf6b0af62c34346f01e21f92803758ec3b1,,No approved current legacy mapping or target DDL; migration excluded,Not applicable until explicit business mapping exists,Keep source table,False
MACRO_CHINA_AGRICULTURAL_INDEX,14,R_ID,8797,2e43faf7f7d8866b98884e22700a62bf365e19dbdb0cdfe05ab783e8ad4366df,,No approved current legacy mapping or target DDL; migration excluded,Not applicable until explicit business mapping exists,Keep source table,False
MACRO_CHINA_AGRICULTURAL_PRODUCT,14,R_ID,11028,422e4860022046eef5ad367a22494e9bd8b9908fa157246c4869a10f38ee111e,,No approved current legacy mapping or target DDL; migration excluded,Not applicable until explicit business mapping exists,Keep source table,False
MACRO_CHINA_AU_REPORT,20,R_ID,72646,22e185d47540927044f6efafcf8d32bba892c2cd70cef14cd822f65eee08e125,,No approved current legacy mapping or target DDL; migration excluded,Not applicable until explicit business mapping exists,Keep source table,False
MACRO_CHINA_BANK_FINANCING,14,R_ID,539,2e43faf7f7d8866b98884e22700a62bf365e19dbdb0cdfe05ab783e8ad4366df,,No approved current legacy mapping or target DDL; migration excluded,Not applicable until explicit business mapping exists,Keep source table,False
MACRO_CHINA_BDTI_INDEX,14,R_ID,11817,2e43faf7f7d8866b98884e22700a62bf365e19dbdb0cdfe05ab783e8ad4366df,,No approved current legacy mapping or target DDL; migration excluded,Not applicable until explicit business mapping exists,Keep source table,False
MACRO_CHINA_BOND_PUBLIC,14,R_ID,250,c263d848a271935a0b295f1ec99fa3dbf8e065edab42135bead5f816fe8f72f7,,No approved current legacy mapping or target DDL; migration excluded,Not applicable until explicit business mapping exists,Keep source table,False
MACRO_CHINA_BSI_INDEX,14,R_ID,10198,2e43faf7f7d8866b98884e22700a62bf365e19dbdb0cdfe05ab783e8ad4366df,,No approved current legacy mapping or target DDL; migration excluded,Not applicable until explicit business mapping exists,Keep source table,False
MACRO_CHINA_CENTRAL_BANK_BALANCE,34,R_ID,706,7e39f3b78145fa450c8071140277ed921f91e18b8d628aae662d674ffbb740aa,,No approved current legacy mapping or target DDL; migration excluded,Not applicable until explicit business mapping exists,Keep source table,False
MACRO_CHINA_COMMODITY_PRICE_INDEX,14,R_ID,8870,2e43faf7f7d8866b98884e22700a62bf365e19dbdb0cdfe05ab783e8ad4366df,,No approved current legacy mapping or target DDL; migration excluded,Not applicable until explicit business mapping exists,Keep source table,False
MACRO_CHINA_CONSTRUCTION_INDEX,14,R_ID,8136,2e43faf7f7d8866b98884e22700a62bf365e19dbdb0cdfe05ab783e8ad4366df,,No approved current legacy mapping or target DDL; migration excluded,Not applicable until explicit business mapping exists,Keep source table,False
MACRO_CHINA_CONSTRUCTION_PRICE_INDEX,14,R_ID,9638,422e4860022046eef5ad367a22494e9bd8b9908fa157246c4869a10f38ee111e,,No approved current legacy mapping or target DDL; migration excluded,Not applicable until explicit business mapping exists,Keep source table,False
MACRO_CHINA_CONSUMER_GOODS_RETAIL,12,R_ID,412,089e45f0de07d1f738501a22b157b3be58e109441f50d01eee7747f78b89c8f1,,No approved current legacy mapping or target DDL; migration excluded,Not applicable until explicit business mapping exists,Keep source table,False
MACRO_CHINA_CPI,19,R_ID,442,dbdd54bd8d5470d73d2e679aa9123e651e2b1886bbb82622b0bcaa2282109fa0,,No approved current legacy mapping or target DDL; migration excluded,Not applicable until explicit business mapping exists,Keep source table,False
MACRO_CHINA_CPI_MONTHLY,11,R_ID,714,711cfb90f98537128efc8c2eab207a2c6146f9483a5d246b2ad6c528a91423fc,,No approved current legacy mapping or target DDL; migration excluded,Not applicable until explicit business mapping exists,Keep source table,False
MACRO_CHINA_CPI_YEARLY,11,R_ID,954,711cfb90f98537128efc8c2eab207a2c6146f9483a5d246b2ad6c528a91423fc,,No approved current legacy mapping or target DDL; migration excluded,Not applicable until explicit business mapping exists,Keep source table,False
MACRO_CHINA_CX_PMI_YEARLY,11,R_ID,438,711cfb90f98537128efc8c2eab207a2c6146f9483a5d246b2ad6c528a91423fc,,No approved current legacy mapping or target DDL; migration excluded,Not applicable until explicit business mapping exists,Keep source table,False
MACRO_CHINA_CX_SERVICES_PMI_YEARLY,11,R_ID,332,711cfb90f98537128efc8c2eab207a2c6146f9483a5d246b2ad6c528a91423fc,,No approved current legacy mapping or target DDL; migration excluded,Not applicable until explicit business mapping exists,Keep source table,False
MACRO_CHINA_CZSR,12,R_ID,425,c8874194456d9bc38d79facf0540388796b711ffb072eece7f89c228c01193e4,,No approved current legacy mapping or target DDL; migration excluded,Not applicable until explicit business mapping exists,Keep source table,False
MACRO_CHINA_DAILY_ENERGY,10,R_ID,2414,cd74f1927606ef97bdc8d1c3d6f0f4495a6737515b777d6b0506b30714ae3a59,,No approved current legacy mapping or target DDL; migration excluded,Not applicable until explicit business mapping exists,Keep source table,False
MACRO_CHINA_ENERGY_INDEX,14,R_ID,8867,2e43faf7f7d8866b98884e22700a62bf365e19dbdb0cdfe05ab783e8ad4366df,,No approved current legacy mapping or target DDL; migration excluded,Not applicable until explicit business mapping exists,Keep source table,False
MACRO_CHINA_ENTERPRISE_BOOM_INDEX,13,R_ID,170,615ff629a8ec7985d3f8aeeb18eb33dfd3f65f7b398defee44c2649113989e5f,,No approved current legacy mapping or target DDL; migration excluded,Not applicable until explicit business mapping exists,Keep source table,False
MACRO_CHINA_EXPORTS_YOY,11,R_ID,1084,711cfb90f98537128efc8c2eab207a2c6146f9483a5d246b2ad6c528a91423fc,,No approved current legacy mapping or target DDL; migration excluded,Not applicable until explicit business mapping exists,Keep source table,False
MACRO_CHINA_FDI,12,R_ID,370,69bce5944048438cdd855a2cf31f124376a49bebed9ba660d2a1bec61384cb3f,,No approved current legacy mapping or target DDL; migration excluded,Not applicable until explicit business mapping exists,Keep source table,False
MACRO_CHINA_FOREIGN_EXCHANGE_GOLD,9,R_ID,832,09cfb110b83b5cfb9eb2b99b8861ff5196540c41a5dfc6916edf4dca8d33c10c,,No approved current legacy mapping or target DDL; migration excluded,Not applicable until explicit business mapping exists,Keep source table,False
MACRO_CHINA_FREIGHT_INDEX,14,R_ID,9724,752299253305a24d748ec8ad0435dfd3225b1fd47f1646632d78fa4fa84e4515,,No approved current legacy mapping or target DDL; migration excluded,Not applicable until explicit business mapping exists,Keep source table,False
MACRO_CHINA_FX_GOLD,13,R_ID,442,3d03760ed4de4bef5c039b5256b0ff338440511a550c7161e16120a96a762251,,No approved current legacy mapping or target DDL; migration excluded,Not applicable until explicit business mapping exists,Keep source table,False
MACRO_CHINA_FX_RESERVES_YEARLY,11,R_ID,264,e33ba364e041bcfcf76ee1405567909869b0154729c0b4cf3cb139444dc6ca43,,No approved current legacy mapping or target DDL; migration excluded,Not applicable until explicit business mapping exists,Keep source table,False
MACRO_CHINA_GDP,15,R_ID,162,d1fb118ef47b9d194253738469332dfac96b8ba6833fbfeb15c00dc7a6416532,,No approved current legacy mapping or target DDL; migration excluded,Not applicable until explicit business mapping exists,Keep source table,False
MACRO_CHINA_GDP_YEARLY,11,R_ID,122,711cfb90f98537128efc8c2eab207a2c6146f9483a5d246b2ad6c528a91423fc,,No approved current legacy mapping or target DDL; migration excluded,Not applicable until explicit business mapping exists,Keep source table,False
MACRO_CHINA_GDZCTZ,11,R_ID,404,ecbe2ce72270df1c74b2216db42d8f99267e3d624f6d9e9db41aa0308824d265,,No approved current legacy mapping or target DDL; migration excluded,Not applicable until explicit business mapping exists,Keep source table,False
MACRO_CHINA_GYZJZ,10,R_ID,404,cdad3b82b91d8c9bf3964af9469ee727a428e46e57605297c7d2f6d3f50b600f,,No approved current legacy mapping or target DDL; migration excluded,Not applicable until explicit business mapping exists,Keep source table,False
MACRO_CHINA_HGJCK,17,R_ID,442,1a1f6e59104f549ef1ebdbc2aefdcc9468531bc5975b6623065bef9f174ffacc,,No approved current legacy mapping or target DDL; migration excluded,Not applicable until explicit business mapping exists,Keep source table,False
MACRO_CHINA_HK_BUILDING_AMOUNT,10,R_ID,445,e09ebc0fc67af6b049f7b7da442c2d72029847c3d444d4bc3d934607af401661,,No approved current legacy mapping or target DDL; migration excluded,Not applicable until explicit business mapping exists,Keep source table,False
MACRO_CHINA_HK_BUILDING_VOLUME,10,R_ID,445,e09ebc0fc67af6b049f7b7da442c2d72029847c3d444d4bc3d934607af401661,,No approved current legacy mapping or target DDL; migration excluded,Not applicable until explicit business mapping exists,Keep source table,False
MACRO_CHINA_HK_CPI,10,R_ID,344,8302343982aa1957228460d69274faf6b0af62c34346f01e21f92803758ec3b1,,No approved current legacy mapping or target DDL; migration excluded,Not applicable until explicit business mapping exists,Keep source table,False
MACRO_CHINA_HK_CPI_RATIO,10,R_ID,344,8302343982aa1957228460d69274faf6b0af62c34346f01e21f92803758ec3b1,,No approved current legacy mapping or target DDL; migration excluded,Not applicable until explicit business mapping exists,Keep source table,False
MACRO_CHINA_HK_GBP,10,R_ID,148,e09ebc0fc67af6b049f7b7da442c2d72029847c3d444d4bc3d934607af401661,,No approved current legacy mapping or target DDL; migration excluded,Not applicable until explicit business mapping exists,Keep source table,False
MACRO_CHINA_HK_GBP_RATIO,10,R_ID,148,8302343982aa1957228460d69274faf6b0af62c34346f01e21f92803758ec3b1,,No approved current legacy mapping or target DDL; migration excluded,Not applicable until explicit business mapping exists,Keep source table,False
MACRO_CHINA_HK_MARKET_INFO,23,R_ID,4538,397b3a0e12b0230886b8653ddeb649404811a5a2c6c7c09ce424afa4e2f4783b,,No approved current legacy mapping or target DDL; migration excluded,Not applicable until explicit business mapping exists,Keep source table,False
MACRO_CHINA_HK_PPI,10,R_ID,148,8302343982aa1957228460d69274faf6b0af62c34346f01e21f92803758ec3b1,,No approved current legacy mapping or target DDL; migration excluded,Not applicable until explicit business mapping exists,Keep source table,False
MACRO_CHINA_HK_RATE_OF_UNEMPLOYMENT,10,R_ID,444,8302343982aa1957228460d69274faf6b0af62c34346f01e21f92803758ec3b1,,No approved current legacy mapping or target DDL; migration excluded,Not applicable until explicit business mapping exists,Keep source table,False
MACRO_CHINA_HK_TRADE_DIFF_RATIO,10,R_ID,441,8302343982aa1957228460d69274faf6b0af62c34346f01e21f92803758ec3b1,,No approved current legacy mapping or target DDL; migration excluded,Not applicable until explicit business mapping exists,Keep source table,False
MACRO_CHINA_IMPORTS_YOY,11,R_ID,762,711cfb90f98537128efc8c2eab207a2c6146f9483a5d246b2ad6c528a91423fc,,No approved current legacy mapping or target DDL; migration excluded,Not applicable until explicit business mapping exists,Keep source table,False
MACRO_CHINA_INDUSTRIAL_PRODUCTION_YOY,11,R_ID,826,711cfb90f98537128efc8c2eab207a2c6146f9483a5d246b2ad6c528a91423fc,,No approved current legacy mapping or target DDL; migration excluded,Not applicable until explicit business mapping exists,Keep source table,False
MACRO_CHINA_INSURANCE,27,R_ID,7953,dda523e5d678bae1755bd0a1d6163d1f442cb0d026e6eaf9953d0b40d1f6dc4c,,No approved current legacy mapping or target DDL; migration excluded,Not applicable until explicit business mapping exists,Keep source table,False
MACRO_CHINA_INSURANCE_INCOME,14,R_ID,523,422e4860022046eef5ad367a22494e9bd8b9908fa157246c4869a10f38ee111e,,No approved current legacy mapping or target DDL; migration excluded,Not applicable until explicit business mapping exists,Keep source table,False
MACRO_CHINA_INTERNATIONAL_TOURISM_FX,10,R_ID,530,3412a53ad7d99eac3740a78f87987194516e6821804fbfed88dd0fd901bb49bf,,No approved current legacy mapping or target DDL; migration excluded,Not applicable until explicit business mapping exists,Keep source table,False
MACRO_CHINA_LPI_INDEX,14,R_ID,306,422e4860022046eef5ad367a22494e9bd8b9908fa157246c4869a10f38ee111e,,No approved current legacy mapping or target DDL; migration excluded,Not applicable until explicit business mapping exists,Keep source table,False
MACRO_CHINA_LPR,11,R_ID,3145,6d4db8ed9f4bd134a7a8adcf3739128bf837654da646f8b44e4f7c607d669206,,No approved current legacy mapping or target DDL; migration excluded,Not applicable until explicit business mapping exists,Keep source table,False
MACRO_CHINA_M2_YEARLY,11,R_ID,790,711cfb90f98537128efc8c2eab207a2c6146f9483a5d246b2ad6c528a91423fc,,No approved current legacy mapping or target DDL; migration excluded,Not applicable until explicit business mapping exists,Keep source table,False
MACRO_CHINA_MARKET_MARGIN_SH,13,R_ID,7956,8cc21821b67121c7ccd66667601e71c63edb09e17f76c420e1ea88fa7264b883,,No approved current legacy mapping or target DDL; migration excluded,Not applicable until explicit business mapping exists,Keep source table,False
MACRO_CHINA_MARKET_MARGIN_SZ,13,R_ID,7401,756365bfc026731c82886e657453f9c59d6801ed6d497481304e6d277a024b25,,No approved current legacy mapping or target DDL; migration excluded,Not applicable until explicit business mapping exists,Keep source table,False
MACRO_CHINA_MOBILE_NUMBER,14,R_ID,345,422e4860022046eef5ad367a22494e9bd8b9908fa157246c4869a10f38ee111e,,No approved current legacy mapping or target DDL; migration excluded,Not applicable until explicit business mapping exists,Keep source table,False
MACRO_CHINA_MONEY_SUPPLY,16,R_ID,442,0aa4c76ddce3c79d0077479d402a5ecbd4ea142b7a64bc07c9d812467c0c2f67,,No approved current legacy mapping or target DDL; migration excluded,Not applicable until explicit business mapping exists,Keep source table,False
MACRO_CHINA_NATIONAL_TAX_RECEIPTS,10,R_ID,166,bb4497b3e1fd7b01ae2a80c11657711ddeb9cf75b9a8dc14f472873dc600fb1f,,No approved current legacy mapping or target DDL; migration excluded,Not applicable until explicit business mapping exists,Keep source table,False
MACRO_CHINA_NBS_NATION,17,R_ID,166,f214e211c2a9d4865363a950df7dc48780bf5c59c431ddc81cee28f22cfe7e95,,No approved current legacy mapping or target DDL; migration excluded,Not applicable until explicit business mapping exists,Keep source table,False
MACRO_CHINA_NBS_REGION,20,R_ID,620,88b4e0d319476bb047cf0000863800d0a8b5fb87712d46a4ca9179e9ebd5b5d6,,No approved current legacy mapping or target DDL; migration excluded,Not applicable until explicit business mapping exists,Keep source table,False
MACRO_CHINA_NEW_FINANCIAL_CREDIT,12,R_ID,442,c8874194456d9bc38d79facf0540388796b711ffb072eece7f89c228c01193e4,,No approved current legacy mapping or target DDL; migration excluded,Not applicable until explicit business mapping exists,Keep source table,False
MACRO_CHINA_NEW_HOUSE_PRICE,14,R_ID,740,4faff9681665c5829e5af76289612d0ebf537bd5d2d1659e6c38992def1b875a,,No approved current legacy mapping or target DDL; migration excluded,Not applicable until explicit business mapping exists,Keep source table,False
MACRO_CHINA_NON_MAN_PMI,11,R_ID,452,711cfb90f98537128efc8c2eab207a2c6146f9483a5d246b2ad6c528a91423fc,,No approved current legacy mapping or target DDL; migration excluded,Not applicable until explicit business mapping exists,Keep source table,False
MACRO_CHINA_PASSENGER_LOAD_FACTOR,9,R_ID,481,cda477b237a0210169a6468d41822ee2d0ee424bc1f8cd2a58fa84b2a2f1f4d7,,No approved current legacy mapping or target DDL; migration excluded,Not applicable until explicit business mapping exists,Keep source table,False
MACRO_CHINA_PMI,11,R_ID,443,f7f5cff342f5247ae820c2fd919e20a9df4fe023d8b10d08b60b66af21c0bd16,,No approved current legacy mapping or target DDL; migration excluded,Not applicable until explicit business mapping exists,Keep source table,False
MACRO_CHINA_PMI_YEARLY,11,R_ID,500,711cfb90f98537128efc8c2eab207a2c6146f9483a5d246b2ad6c528a91423fc,,No approved current legacy mapping or target DDL; migration excluded,Not applicable until explicit business mapping exists,Keep source table,False
MACRO_CHINA_POSTAL_TELECOMMUNICATIONAL,47,R_ID,673,79d12b8a6b062eff664010e0ba00f7164d5e406dd0dd59b97e980b591302c51d,,No approved current legacy mapping or target DDL; migration excluded,Not applicable until explicit business mapping exists,Keep source table,False
MACRO_CHINA_PPI,10,R_ID,490,7284065e0d886447f245f659d87b2500433147d43682542b5168011737d1ef39,,No approved current legacy mapping or target DDL; migration excluded,Not applicable until explicit business mapping exists,Keep source table,False
MACRO_CHINA_PPI_YEARLY,11,R_ID,726,711cfb90f98537128efc8c2eab207a2c6146f9483a5d246b2ad6c528a91423fc,,No approved current legacy mapping or target DDL; migration excluded,Not applicable until explicit business mapping exists,Keep source table,False
MACRO_CHINA_QYSPJG,19,R_ID,513,2eabae1a76f5f78bcace1b82c707077c5278ce84f23587df7dfde73837075fd6,,No approved current legacy mapping or target DDL; migration excluded,Not applicable until explicit business mapping exists,Keep source table,False
MACRO_CHINA_REAL_ESTATE,14,R_ID,652,422e4860022046eef5ad367a22494e9bd8b9908fa157246c4869a10f38ee111e,,No approved current legacy mapping or target DDL; migration excluded,Not applicable until explicit business mapping exists,Keep source table,False
MACRO_CHINA_RESERVE_REQUIREMENT_RATIO,17,R_ID,116,10b61831ea47a772d6d567e1e4b39f9e30d5348373dde25594c44e330dd7b0c2,,No approved current legacy mapping or target DDL; migration excluded,Not applicable until explicit business mapping exists,Keep source table,False
MACRO_CHINA_RETAIL_PRICE_INDEX,9,R_ID,4156,9a66ef3ffbdca3bcd6316646ea1e2952a300428e8977cc630a464425c590a703,,No approved current legacy mapping or target DDL; migration excluded,Not applicable until explicit business mapping exists,Keep source table,False
MACRO_CHINA_RMB,55,R_ID,1584,2672b0b0b1197f0ebb5b4491d4ba3aae111c29ec905fe9e3dc0f4ea187241eda,,No approved current legacy mapping or target DDL; migration excluded,Not applicable until explicit business mapping exists,Keep source table,False
MACRO_CHINA_SHIBOR_ALL,23,R_ID,4507,e4f96da745905049df9abe5c94f7fa18eecdf7b56fa89716e969e21c9edeb34d,,No approved current legacy mapping or target DDL; migration excluded,Not applicable until explicit business mapping exists,Keep source table,False
MACRO_CHINA_SHRZGM,15,R_ID,272,ebcb659b6903f100b9e4bd145649760593514a2688a42d0563d4b6122d6e77a4,,No approved current legacy mapping or target DDL; migration excluded,Not applicable until explicit business mapping exists,Keep source table,False
MACRO_CHINA_SOCIETY_ELECTRICITY,23,R_ID,476,21039c47f502f2711cd094cd26ca2579f36de075ff5bb4244dd34bdeb918a819,,No approved current legacy mapping or target DDL; migration excluded,Not applicable until explicit business mapping exists,Keep source table,False
MACRO_CHINA_SOCIETY_TRAFFIC_VOLUME,22,R_ID,2543,b708a27192241d0542d269cd281dc0a8e68806717c4241a43a0b4d248717faf5,,No approved current legacy mapping or target DDL; migration excluded,Not applicable until explicit business mapping exists,Keep source table,False
MACRO_CHINA_STOCK_MARKET_CAP,19,R_ID,445,8c6b678167653a3ff1e6edbc3e5924a9a7845b47f45305f1b80d03f417d1a079,,No approved current legacy mapping or target DDL; migration excluded,Not applicable until explicit business mapping exists,Keep source table,False
MACRO_CHINA_SUPPLY_OF_MONEY,23,R_ID,1162,fb1a83fd130c8bc057d4030b8f2e1d14ede6dfa50298ddcf4ed056b1a13bb2e4,,No approved current legacy mapping or target DDL; migration excluded,Not applicable until explicit business mapping exists,Keep source table,False
MACRO_CHINA_TRADE_BALANCE,11,R_ID,1130,711cfb90f98537128efc8c2eab207a2c6146f9483a5d246b2ad6c528a91423fc,,No approved current legacy mapping or target DDL; migration excluded,Not applicable until explicit business mapping exists,Keep source table,False
MACRO_CHINA_URBAN_UNEMPLOYMENT,15,R_ID,607,1f5fec7dc1b0b3f74d1993fbad571813c13412678c2602c12cbdc27b7a54b884,,No approved current legacy mapping or target DDL; migration excluded,Not applicable until explicit business mapping exists,Keep source table,False
MACRO_CHINA_VEGETABLE_BASKET,14,R_ID,11257,422e4860022046eef5ad367a22494e9bd8b9908fa157246c4869a10f38ee111e,,No approved current legacy mapping or target DDL; migration excluded,Not applicable until explicit business mapping exists,Keep source table,False
MACRO_CHINA_WBCK,11,R_ID,442,27414b1289925ef1d44c327351ae0136dc2c3fea2a955060c921d6d7645ebd90,,No approved current legacy mapping or target DDL; migration excluded,Not applicable until explicit business mapping exists,Keep source table,False
MACRO_CHINA_WHXD,11,R_ID,442,27414b1289925ef1d44c327351ae0136dc2c3fea2a955060c921d6d7645ebd90,,No approved current legacy mapping or target DDL; migration excluded,Not applicable until explicit business mapping exists,Keep source table,False
MACRO_CHINA_XFZXX,16,R_ID,465,1562706208b212dd1a719cb69d22c95249fc36050c1ad36e8d67e66cfd8f9746,,No approved current legacy mapping or target DDL; migration excluded,Not applicable until explicit business mapping exists,Keep source table,False
MACRO_CHINA_YW_ELECTRONIC_INDEX,14,R_ID,1724,422e4860022046eef5ad367a22494e9bd8b9908fa157246c4869a10f38ee111e,,No approved current legacy mapping or target DDL; migration excluded,Not applicable until explicit business mapping exists,Keep source table,False
MACRO_CNBS,15,R_ID,160,0da605d58d43e8644632c41712ee458e3aa888fb260b41321e5fb95f4075e249,,No approved current legacy mapping or target DDL; migration excluded,Not applicable until explicit business mapping exists,Keep source table,False
MACRO_CONS_GOLD,11,R_ID,2826,32622fd97b645eceb7a0ddb5990f4306d4a2bb5094d7f8741291ae83884809e0,,No approved current legacy mapping or target DDL; migration excluded,Not applicable until explicit business mapping exists,Keep source table,False
MACRO_CONS_OPEC_MONTH,19,R_ID,75,81590be191667954734c9cc1bd2cfe4842583e9c34e7168e2d302c1e2d25292f,,No approved current legacy mapping or target DDL; migration excluded,Not applicable until explicit business mapping exists,Keep source table,False
MACRO_CONS_SILVER,11,R_ID,1628,12f6b4e1338372f7d82f84d52d0f919aa82eee05443e9842c3c0295106502e18,,No approved current legacy mapping or target DDL; migration excluded,Not applicable until explicit business mapping exists,Keep source table,False
MACRO_EURO_CPI_MOM,11,R_ID,990,711cfb90f98537128efc8c2eab207a2c6146f9483a5d246b2ad6c528a91423fc,,No approved current legacy mapping or target DDL; migration excluded,Not applicable until explicit business mapping exists,Keep source table,False
MACRO_EURO_CPI_YOY,11,R_ID,630,711cfb90f98537128efc8c2eab207a2c6146f9483a5d246b2ad6c528a91423fc,,No approved current legacy mapping or target DDL; migration excluded,Not applicable until explicit business mapping exists,Keep source table,False
MACRO_EURO_CURRENT_ACCOUNT_MOM,11,R_ID,428,711cfb90f98537128efc8c2eab207a2c6146f9483a5d246b2ad6c528a91423fc,,No approved current legacy mapping or target DDL; migration excluded,Not applicable until explicit business mapping exists,Keep source table,False
MACRO_EURO_EMPLOYMENT_CHANGE_QOQ,11,R_ID,200,711cfb90f98537128efc8c2eab207a2c6146f9483a5d246b2ad6c528a91423fc,,No approved current legacy mapping or target DDL; migration excluded,Not applicable until explicit business mapping exists,Keep source table,False
MACRO_EURO_GDP_YOY,11,R_ID,990,711cfb90f98537128efc8c2eab207a2c6146f9483a5d246b2ad6c528a91423fc,,No approved current legacy mapping or target DDL; migration excluded,Not applicable until explicit business mapping exists,Keep source table,False
MACRO_EURO_INDUSTRIAL_PRODUCTION_MOM,11,R_ID,842,711cfb90f98537128efc8c2eab207a2c6146f9483a5d246b2ad6c528a91423fc,,No approved current legacy mapping or target DDL; migration excluded,Not applicable until explicit business mapping exists,Keep source table,False
MACRO_EURO_LME_HOLDING,25,R_ID,1492,c755ac50219f1e8303a183b2773e3300b35f761da6a87febd0554dac7810d0d2,,No approved current legacy mapping or target DDL; migration excluded,Not applicable until explicit business mapping exists,Keep source table,False
MACRO_EURO_LME_STOCK,25,R_ID,5260,f6626d5c4bca9d022256210cff51d72c064bd9dcdce74d4df1c1e668f8788cf0,,No approved current legacy mapping or target DDL; migration excluded,Not applicable until explicit business mapping exists,Keep source table,False
MACRO_EURO_MANUFACTURING_PMI,11,R_ID,852,711cfb90f98537128efc8c2eab207a2c6146f9483a5d246b2ad6c528a91423fc,,No approved current legacy mapping or target DDL; migration excluded,Not applicable until explicit business mapping exists,Keep source table,False
MACRO_EURO_PPI_MOM,11,R_ID,538,711cfb90f98537128efc8c2eab207a2c6146f9483a5d246b2ad6c528a91423fc,,No approved current legacy mapping or target DDL; migration excluded,Not applicable until explicit business mapping exists,Keep source table,False
MACRO_EURO_RETAIL_SALES_MOM,11,R_ID,620,711cfb90f98537128efc8c2eab207a2c6146f9483a5d246b2ad6c528a91423fc,,No approved current legacy mapping or target DDL; migration excluded,Not applicable until explicit business mapping exists,Keep source table,False
MACRO_EURO_SENTIX_INVESTOR_CONFIDENCE,11,R_ID,560,711cfb90f98537128efc8c2eab207a2c6146f9483a5d246b2ad6c528a91423fc,,No approved current legacy mapping or target DDL; migration excluded,Not applicable until explicit business mapping exists,Keep source table,False
MACRO_EURO_SERVICES_PMI,11,R_ID,850,711cfb90f98537128efc8c2eab207a2c6146f9483a5d246b2ad6c528a91423fc,,No approved current legacy mapping or target DDL; migration excluded,Not applicable until explicit business mapping exists,Keep source table,False
MACRO_EURO_TRADE_BALANCE,11,R_ID,642,711cfb90f98537128efc8c2eab207a2c6146f9483a5d246b2ad6c528a91423fc,,No approved current legacy mapping or target DDL; migration excluded,Not applicable until explicit business mapping exists,Keep source table,False
MACRO_EURO_UNEMPLOYMENT_RATE_MOM,11,R_ID,662,711cfb90f98537128efc8c2eab207a2c6146f9483a5d246b2ad6c528a91423fc,,No approved current legacy mapping or target DDL; migration excluded,Not applicable until explicit business mapping exists,Keep source table,False
MACRO_EURO_ZEW_ECONOMIC_SENTIMENT,11,R_ID,430,711cfb90f98537128efc8c2eab207a2c6146f9483a5d246b2ad6c528a91423fc,,No approved current legacy mapping or target DDL; migration excluded,Not applicable until explicit business mapping exists,Keep source table,False
MACRO_FX_SENTIMENT,32,R_ID,5,aaf2458a656606abea398e25afe2d623b5acd763252b5f19532f4c05f6527972,,No approved current legacy mapping or target DDL; migration excluded,Not applicable until explicit business mapping exists,Keep source table,False
MACRO_GERMANY_CPI_MONTHLY,10,R_ID,443,8302343982aa1957228460d69274faf6b0af62c34346f01e21f92803758ec3b1,,No approved current legacy mapping or target DDL; migration excluded,Not applicable until explicit business mapping exists,Keep source table,False
MACRO_GERMANY_CPI_YEARLY,10,R_ID,445,8302343982aa1957228460d69274faf6b0af62c34346f01e21f92803758ec3b1,,No approved current legacy mapping or target DDL; migration excluded,Not applicable until explicit business mapping exists,Keep source table,False
MACRO_GERMANY_GDP,10,R_ID,146,8302343982aa1957228460d69274faf6b0af62c34346f01e21f92803758ec3b1,,No approved current legacy mapping or target DDL; migration excluded,Not applicable until explicit business mapping exists,Keep source table,False
MACRO_GERMANY_IFO,10,R_ID,445,8302343982aa1957228460d69274faf6b0af62c34346f01e21f92803758ec3b1,,No approved current legacy mapping or target DDL; migration excluded,Not applicable until explicit business mapping exists,Keep source table,False
MACRO_GERMANY_RETAIL_SALE_MONTHLY,10,R_ID,444,8302343982aa1957228460d69274faf6b0af62c34346f01e21f92803758ec3b1,,No approved current legacy mapping or target DDL; migration excluded,Not applicable until explicit business mapping exists,Keep source table,False
MACRO_GERMANY_RETAIL_SALE_YEARLY,10,R_ID,37,8302343982aa1957228460d69274faf6b0af62c34346f01e21f92803758ec3b1,,No approved current legacy mapping or target DDL; migration excluded,Not applicable until explicit business mapping exists,Keep source table,False
MACRO_GERMANY_TRADE_ADJUSTED,10,R_ID,442,8302343982aa1957228460d69274faf6b0af62c34346f01e21f92803758ec3b1,,No approved current legacy mapping or target DDL; migration excluded,Not applicable until explicit business mapping exists,Keep source table,False
MACRO_GERMANY_ZEW,10,R_ID,446,8302343982aa1957228460d69274faf6b0af62c34346f01e21f92803758ec3b1,,No approved current legacy mapping or target DDL; migration excluded,Not applicable until explicit business mapping exists,Keep source table,False
MACRO_GLOBAL_SOX_INDEX,14,R_ID,8073,422e4860022046eef5ad367a22494e9bd8b9908fa157246c4869a10f38ee111e,,No approved current legacy mapping or target DDL; migration excluded,Not applicable until explicit business mapping exists,Keep source table,False
MACRO_INFO_WS,14,R_ID,56,f53683d1eff626dee91a44faad21a8e675e6fadbb9d6b7c42d30a963c0e8bfd8,,No approved current legacy mapping or target DDL; migration excluded,Not applicable until explicit business mapping exists,Keep source table,False
MACRO_JAPAN_BANK_RATE,10,R_ID,398,8302343982aa1957228460d69274faf6b0af62c34346f01e21f92803758ec3b1,,No approved current legacy mapping or target DDL; migration excluded,Not applicable until explicit business mapping exists,Keep source table,False
MACRO_JAPAN_CORE_CPI_YEARLY,10,R_ID,444,8302343982aa1957228460d69274faf6b0af62c34346f01e21f92803758ec3b1,,No approved current legacy mapping or target DDL; migration excluded,Not applicable until explicit business mapping exists,Keep source table,False
MACRO_JAPAN_CPI_YEARLY,10,R_ID,444,8302343982aa1957228460d69274faf6b0af62c34346f01e21f92803758ec3b1,,No approved current legacy mapping or target DDL; migration excluded,Not applicable until explicit business mapping exists,Keep source table,False
MACRO_JAPAN_HEAD_INDICATOR,10,R_ID,441,8302343982aa1957228460d69274faf6b0af62c34346f01e21f92803758ec3b1,,No approved current legacy mapping or target DDL; migration excluded,Not applicable until explicit business mapping exists,Keep source table,False
MACRO_JAPAN_UNEMPLOYMENT_RATE,10,R_ID,443,8302343982aa1957228460d69274faf6b0af62c34346f01e21f92803758ec3b1,,No approved current legacy mapping or target DDL; migration excluded,Not applicable until explicit business mapping exists,Keep source table,False
MACRO_RMB_DEPOSIT,19,R_ID,60,25c2c7c823cabe96f638f6fa588172453b6247e4184d7373ff57c305c0ae73a4,,No approved current legacy mapping or target DDL; migration excluded,Not applicable until explicit business mapping exists,Keep source table,False
MACRO_RMB_LOAN,12,R_ID,60,06b7d42ea730faecbd91fae3aac7707acbca8fedf18167a51bd6cac8322d3f59,,No approved current legacy mapping or target DDL; migration excluded,Not applicable until explicit business mapping exists,Keep source table,False
MACRO_SHIPPING_BCI,14,R_ID,13768,2e43faf7f7d8866b98884e22700a62bf365e19dbdb0cdfe05ab783e8ad4366df,,No approved current legacy mapping or target DDL; migration excluded,Not applicable until explicit business mapping exists,Keep source table,False
MACRO_SHIPPING_BCTI,14,R_ID,12127,2e43faf7f7d8866b98884e22700a62bf365e19dbdb0cdfe05ab783e8ad4366df,,No approved current legacy mapping or target DDL; migration excluded,Not applicable until explicit business mapping exists,Keep source table,False
MACRO_SHIPPING_BDI,14,R_ID,8903,2e43faf7f7d8866b98884e22700a62bf365e19dbdb0cdfe05ab783e8ad4366df,,No approved current legacy mapping or target DDL; migration excluded,Not applicable until explicit business mapping exists,Keep source table,False
MACRO_SHIPPING_BPI,14,R_ID,6522,2e43faf7f7d8866b98884e22700a62bf365e19dbdb0cdfe05ab783e8ad4366df,,No approved current legacy mapping or target DDL; migration excluded,Not applicable until explicit business mapping exists,Keep source table,False
MACRO_STOCK_FINANCE,11,R_ID,60,fb12fdde552e6378ad00bd6af48bbb0f8ca0c81428b81961ac47c9b801f88864,,No approved current legacy mapping or target DDL; migration excluded,Not applicable until explicit business mapping exists,Keep source table,False
MACRO_SWISS_CPI_YEARLY,10,R_ID,39,8302343982aa1957228460d69274faf6b0af62c34346f01e21f92803758ec3b1,,No approved current legacy mapping or target DDL; migration excluded,Not applicable until explicit business mapping exists,Keep source table,False
MACRO_SWISS_GBD_BANK_RATE,10,R_ID,150,8302343982aa1957228460d69274faf6b0af62c34346f01e21f92803758ec3b1,,No approved current legacy mapping or target DDL; migration excluded,Not applicable until explicit business mapping exists,Keep source table,False
MACRO_SWISS_GBD_YEARLY,10,R_ID,119,8302343982aa1957228460d69274faf6b0af62c34346f01e21f92803758ec3b1,,No approved current legacy mapping or target DDL; migration excluded,Not applicable until explicit business mapping exists,Keep source table,False
MACRO_SWISS_GDP_QUARTERLY,10,R_ID,149,8302343982aa1957228460d69274faf6b0af62c34346f01e21f92803758ec3b1,,No approved current legacy mapping or target DDL; migration excluded,Not applicable until explicit business mapping exists,Keep source table,False
MACRO_SWISS_SVME,10,R_ID,447,8302343982aa1957228460d69274faf6b0af62c34346f01e21f92803758ec3b1,,No approved current legacy mapping or target DDL; migration excluded,Not applicable until explicit business mapping exists,Keep source table,False
MACRO_SWISS_TRADE,10,R_ID,149,8302343982aa1957228460d69274faf6b0af62c34346f01e21f92803758ec3b1,,No approved current legacy mapping or target DDL; migration excluded,Not applicable until explicit business mapping exists,Keep source table,False
MACRO_UK_BANK_RATE,10,R_ID,372,8302343982aa1957228460d69274faf6b0af62c34346f01e21f92803758ec3b1,,No approved current legacy mapping or target DDL; migration excluded,Not applicable until explicit business mapping exists,Keep source table,False
MACRO_UK_CORE_CPI_YEARLY,10,R_ID,443,8302343982aa1957228460d69274faf6b0af62c34346f01e21f92803758ec3b1,,No approved current legacy mapping or target DDL; migration excluded,Not applicable until explicit business mapping exists,Keep source table,False
MACRO_UK_CPI_MONTHLY,10,R_ID,443,8302343982aa1957228460d69274faf6b0af62c34346f01e21f92803758ec3b1,,No approved current legacy mapping or target DDL; migration excluded,Not applicable until explicit business mapping exists,Keep source table,False
MACRO_UK_CPI_YEARLY,10,R_ID,443,8302343982aa1957228460d69274faf6b0af62c34346f01e21f92803758ec3b1,,No approved current legacy mapping or target DDL; migration excluded,Not applicable until explicit business mapping exists,Keep source table,False
MACRO_UK_GDP_QUARTERLY,10,R_ID,145,8302343982aa1957228460d69274faf6b0af62c34346f01e21f92803758ec3b1,,No approved current legacy mapping or target DDL; migration excluded,Not applicable until explicit business mapping exists,Keep source table,False
MACRO_UK_GDP_YEARLY,10,R_ID,34,8302343982aa1957228460d69274faf6b0af62c34346f01e21f92803758ec3b1,,No approved current legacy mapping or target DDL; migration excluded,Not applicable until explicit business mapping exists,Keep source table,False
MACRO_UK_HALIFAX_MONTHLY,10,R_ID,444,8302343982aa1957228460d69274faf6b0af62c34346f01e21f92803758ec3b1,,No approved current legacy mapping or target DDL; migration excluded,Not applicable until explicit business mapping exists,Keep source table,False
MACRO_UK_HALIFAX_YEARLY,10,R_ID,444,8302343982aa1957228460d69274faf6b0af62c34346f01e21f92803758ec3b1,,No approved current legacy mapping or target DDL; migration excluded,Not applicable until explicit business mapping exists,Keep source table,False
MACRO_UK_RETAIL_MONTHLY,10,R_ID,444,8302343982aa1957228460d69274faf6b0af62c34346f01e21f92803758ec3b1,,No approved current legacy mapping or target DDL; migration excluded,Not applicable until explicit business mapping exists,Keep source table,False
MACRO_UK_RETAIL_YEARLY,10,R_ID,436,8302343982aa1957228460d69274faf6b0af62c34346f01e21f92803758ec3b1,,No approved current legacy mapping or target DDL; migration excluded,Not applicable until explicit business mapping exists,Keep source table,False
MACRO_UK_RIGHTMOVE_MONTHLY,10,R_ID,399,8302343982aa1957228460d69274faf6b0af62c34346f01e21f92803758ec3b1,,No approved current legacy mapping or target DDL; migration excluded,Not applicable until explicit business mapping exists,Keep source table,False
MACRO_UK_RIGHTMOVE_YEARLY,10,R_ID,399,8302343982aa1957228460d69274faf6b0af62c34346f01e21f92803758ec3b1,,No approved current legacy mapping or target DDL; migration excluded,Not applicable until explicit business mapping exists,Keep source table,False
MACRO_UK_TRADE,10,R_ID,442,e09ebc0fc67af6b049f7b7da442c2d72029847c3d444d4bc3d934607af401661,,No approved current legacy mapping or target DDL; migration excluded,Not applicable until explicit business mapping exists,Keep source table,False
MACRO_UK_UNEMPLOYMENT_RATE,10,R_ID,442,8302343982aa1957228460d69274faf6b0af62c34346f01e21f92803758ec3b1,,No approved current legacy mapping or target DDL; migration excluded,Not applicable until explicit business mapping exists,Keep source table,False
MACRO_USA_ADP_EMPLOYMENT,11,R_ID,586,711cfb90f98537128efc8c2eab207a2c6146f9483a5d246b2ad6c528a91423fc,,No approved current legacy mapping or target DDL; migration excluded,Not applicable until explicit business mapping exists,Keep source table,False
MACRO_USA_API_CRUDE_STOCK,11,R_ID,705,711cfb90f98537128efc8c2eab207a2c6146f9483a5d246b2ad6c528a91423fc,,No approved current legacy mapping or target DDL; migration excluded,Not applicable until explicit business mapping exists,Keep source table,False
MACRO_USA_BUILDING_PERMITS,11,R_ID,492,711cfb90f98537128efc8c2eab207a2c6146f9483a5d246b2ad6c528a91423fc,,No approved current legacy mapping or target DDL; migration excluded,Not applicable until explicit business mapping exists,Keep source table,False
MACRO_USA_BUSINESS_INVENTORIES,11,R_ID,806,711cfb90f98537128efc8c2eab207a2c6146f9483a5d246b2ad6c528a91423fc,,No approved current legacy mapping or target DDL; migration excluded,Not applicable until explicit business mapping exists,Keep source table,False
MACRO_USA_CB_CONSUMER_CONFIDENCE,11,R_ID,672,711cfb90f98537128efc8c2eab207a2c6146f9483a5d246b2ad6c528a91423fc,,No approved current legacy mapping or target DDL; migration excluded,Not applicable until explicit business mapping exists,Keep source table,False
MACRO_USA_CFTC_C_HOLDING,43,R_ID,3687,f6d511a6b659f9ae1b9823a3eacd4f5b7dcfa1bafbed8d2441ced3e86c574c1a,,No approved current legacy mapping or target DDL; migration excluded,Not applicable until explicit business mapping exists,Keep source table,False
MACRO_USA_CFTC_MERCHANT_CURRENCY_HOLDING,34,R_ID,3850,00340bc81041ebff797c08538f63dbc2a7abf7b2091baace46e56373f79722dc,,No approved current legacy mapping or target DDL; migration excluded,Not applicable until explicit business mapping exists,Keep source table,False
MACRO_USA_CFTC_MERCHANT_GOODS_HOLDING,43,R_ID,3784,f6d511a6b659f9ae1b9823a3eacd4f5b7dcfa1bafbed8d2441ced3e86c574c1a,,No approved current legacy mapping or target DDL; migration excluded,Not applicable until explicit business mapping exists,Keep source table,False
MACRO_USA_CFTC_NC_HOLDING,34,R_ID,3850,00340bc81041ebff797c08538f63dbc2a7abf7b2091baace46e56373f79722dc,,No approved current legacy mapping or target DDL; migration excluded,Not applicable until explicit business mapping exists,Keep source table,False
MACRO_USA_CME_MERCHANT_GOODS_HOLDING,9,R_ID,60252,1bcd295295b9899432c274abf46d1857350675a1a4db5f732b338140c9741293,,No approved current legacy mapping or target DDL; migration excluded,Not applicable until explicit business mapping exists,Keep source table,False
MACRO_USA_CORE_CPI_MONTHLY,11,R_ID,1338,711cfb90f98537128efc8c2eab207a2c6146f9483a5d246b2ad6c528a91423fc,,No approved current legacy mapping or target DDL; migration excluded,Not applicable until explicit business mapping exists,Keep source table,False
MACRO_USA_CORE_PCE_PRICE,11,R_ID,670,711cfb90f98537128efc8c2eab207a2c6146f9483a5d246b2ad6c528a91423fc,,No approved current legacy mapping or target DDL; migration excluded,Not applicable until explicit business mapping exists,Keep source table,False
MACRO_USA_CORE_PPI,11,R_ID,420,711cfb90f98537128efc8c2eab207a2c6146f9483a5d246b2ad6c528a91423fc,,No approved current legacy mapping or target DDL; migration excluded,Not applicable until explicit business mapping exists,Keep source table,False
MACRO_USA_CPI_MONTHLY,11,R_ID,1338,711cfb90f98537128efc8c2eab207a2c6146f9483a5d246b2ad6c528a91423fc,,No approved current legacy mapping or target DDL; migration excluded,Not applicable until explicit business mapping exists,Keep source table,False
MACRO_USA_CPI_YOY,10,R_ID,442,3cfd913ab5f1ccbdf9a45da1bb9f04b7bf748114435aed2c78718c2008822911,,No approved current legacy mapping or target DDL; migration excluded,Not applicable until explicit business mapping exists,Keep source table,False
MACRO_USA_CRUDE_INNER,13,R_ID,4563,df1bde398cc7918e40e04b174062da55c91cebe76e16d874ed54923e564f45a9,,No approved current legacy mapping or target DDL; migration excluded,Not applicable until explicit business mapping exists,Keep source table,False
MACRO_USA_CURRENT_ACCOUNT,11,R_ID,142,e33ba364e041bcfcf76ee1405567909869b0154729c0b4cf3cb139444dc6ca43,,No approved current legacy mapping or target DDL; migration excluded,Not applicable until explicit business mapping exists,Keep source table,False
MACRO_USA_DURABLE_GOODS_ORDERS,11,R_ID,442,711cfb90f98537128efc8c2eab207a2c6146f9483a5d246b2ad6c528a91423fc,,No approved current legacy mapping or target DDL; migration excluded,Not applicable until explicit business mapping exists,Keep source table,False
MACRO_USA_EIA_CRUDE_RATE,11,R_ID,1228,711cfb90f98537128efc8c2eab207a2c6146f9483a5d246b2ad6c528a91423fc,,No approved current legacy mapping or target DDL; migration excluded,Not applicable until explicit business mapping exists,Keep source table,False
MACRO_USA_EXIST_HOME_SALES,11,R_ID,669,711cfb90f98537128efc8c2eab207a2c6146f9483a5d246b2ad6c528a91423fc,,No approved current legacy mapping or target DDL; migration excluded,Not applicable until explicit business mapping exists,Keep source table,False
MACRO_USA_EXPORT_PRICE,11,R_ID,884,711cfb90f98537128efc8c2eab207a2c6146f9483a5d246b2ad6c528a91423fc,,No approved current legacy mapping or target DDL; migration excluded,Not applicable until explicit business mapping exists,Keep source table,False
MACRO_USA_FACTORY_ORDERS,11,R_ID,806,711cfb90f98537128efc8c2eab207a2c6146f9483a5d246b2ad6c528a91423fc,,No approved current legacy mapping or target DDL; migration excluded,Not applicable until explicit business mapping exists,Keep source table,False
MACRO_USA_GDP_MONTHLY,11,R_ID,420,711cfb90f98537128efc8c2eab207a2c6146f9483a5d246b2ad6c528a91423fc,,No approved current legacy mapping or target DDL; migration excluded,Not applicable until explicit business mapping exists,Keep source table,False
MACRO_USA_HOUSE_PRICE_INDEX,11,R_ID,828,711cfb90f98537128efc8c2eab207a2c6146f9483a5d246b2ad6c528a91423fc,,No approved current legacy mapping or target DDL; migration excluded,Not applicable until explicit business mapping exists,Keep source table,False
MACRO_USA_HOUSE_STARTS,11,R_ID,667,711cfb90f98537128efc8c2eab207a2c6146f9483a5d246b2ad6c528a91423fc,,No approved current legacy mapping or target DDL; migration excluded,Not applicable until explicit business mapping exists,Keep source table,False
MACRO_USA_IMPORT_PRICE,11,R_ID,884,711cfb90f98537128efc8c2eab207a2c6146f9483a5d246b2ad6c528a91423fc,,No approved current legacy mapping or target DDL; migration excluded,Not applicable until explicit business mapping exists,Keep source table,False
MACRO_USA_INDUSTRIAL_PRODUCTION,11,R_ID,669,711cfb90f98537128efc8c2eab207a2c6146f9483a5d246b2ad6c528a91423fc,,No approved current legacy mapping or target DDL; migration excluded,Not applicable until explicit business mapping exists,Keep source table,False
MACRO_USA_INITIAL_JOBLESS,11,R_ID,1375,711cfb90f98537128efc8c2eab207a2c6146f9483a5d246b2ad6c528a91423fc,,No approved current legacy mapping or target DDL; migration excluded,Not applicable until explicit business mapping exists,Keep source table,False
MACRO_USA_ISM_NON_PMI,11,R_ID,684,711cfb90f98537128efc8c2eab207a2c6146f9483a5d246b2ad6c528a91423fc,,No approved current legacy mapping or target DDL; migration excluded,Not applicable until explicit business mapping exists,Keep source table,False
MACRO_USA_ISM_PMI,11,R_ID,671,711cfb90f98537128efc8c2eab207a2c6146f9483a5d246b2ad6c528a91423fc,,No approved current legacy mapping or target DDL; migration excluded,Not applicable until explicit business mapping exists,Keep source table,False
MACRO_USA_JOB_CUTS,11,R_ID,764,711cfb90f98537128efc8c2eab207a2c6146f9483a5d246b2ad6c528a91423fc,,No approved current legacy mapping or target DDL; migration excluded,Not applicable until explicit business mapping exists,Keep source table,False
MACRO_USA_LMCI,11,R_ID,68,711cfb90f98537128efc8c2eab207a2c6146f9483a5d246b2ad6c528a91423fc,,No approved current legacy mapping or target DDL; migration excluded,Not applicable until explicit business mapping exists,Keep source table,False
MACRO_USA_MICHIGAN_CONSUMER_SENTIMENT,11,R_ID,811,711cfb90f98537128efc8c2eab207a2c6146f9483a5d246b2ad6c528a91423fc,,No approved current legacy mapping or target DDL; migration excluded,Not applicable until explicit business mapping exists,Keep source table,False
MACRO_USA_NAHB_HOUSE_MARKET_INDEX,11,R_ID,978,711cfb90f98537128efc8c2eab207a2c6146f9483a5d246b2ad6c528a91423fc,,No approved current legacy mapping or target DDL; migration excluded,Not applicable until explicit business mapping exists,Keep source table,False
MACRO_USA_NEW_HOME_SALES,11,R_ID,669,711cfb90f98537128efc8c2eab207a2c6146f9483a5d246b2ad6c528a91423fc,,No approved current legacy mapping or target DDL; migration excluded,Not applicable until explicit business mapping exists,Keep source table,False
MACRO_USA_NFIB_SMALL_BUSINESS,11,R_ID,1050,711cfb90f98537128efc8c2eab207a2c6146f9483a5d246b2ad6c528a91423fc,,No approved current legacy mapping or target DDL; migration excluded,Not applicable until explicit business mapping exists,Keep source table,False
MACRO_USA_NON_FARM,11,R_ID,1338,711cfb90f98537128efc8c2eab207a2c6146f9483a5d246b2ad6c528a91423fc,,No approved current legacy mapping or target DDL; migration excluded,Not applicable until explicit business mapping exists,Keep source table,False
MACRO_USA_PENDING_HOME_SALES,11,R_ID,590,711cfb90f98537128efc8c2eab207a2c6146f9483a5d246b2ad6c528a91423fc,,No approved current legacy mapping or target DDL; migration excluded,Not applicable until explicit business mapping exists,Keep source table,False
MACRO_USA_PERSONAL_SPENDING,11,R_ID,667,711cfb90f98537128efc8c2eab207a2c6146f9483a5d246b2ad6c528a91423fc,,No approved current legacy mapping or target DDL; migration excluded,Not applicable until explicit business mapping exists,Keep source table,False
MACRO_USA_PHS,10,R_ID,430,8302343982aa1957228460d69274faf6b0af62c34346f01e21f92803758ec3b1,,No approved current legacy mapping or target DDL; migration excluded,Not applicable until explicit business mapping exists,Keep source table,False
MACRO_USA_PMI,11,R_ID,638,711cfb90f98537128efc8c2eab207a2c6146f9483a5d246b2ad6c528a91423fc,,No approved current legacy mapping or target DDL; migration excluded,Not applicable until explicit business mapping exists,Keep source table,False
MACRO_USA_PPI,11,R_ID,426,711cfb90f98537128efc8c2eab207a2c6146f9483a5d246b2ad6c528a91423fc,,No approved current legacy mapping or target DDL; migration excluded,Not applicable until explicit business mapping exists,Keep source table,False
MACRO_USA_REAL_CONSUMER_SPENDING,11,R_ID,292,711cfb90f98537128efc8c2eab207a2c6146f9483a5d246b2ad6c528a91423fc,,No approved current legacy mapping or target DDL; migration excluded,Not applicable until explicit business mapping exists,Keep source table,False
MACRO_USA_RETAIL_SALES,11,R_ID,806,711cfb90f98537128efc8c2eab207a2c6146f9483a5d246b2ad6c528a91423fc,,No approved current legacy mapping or target DDL; migration excluded,Not applicable until explicit business mapping exists,Keep source table,False
MACRO_USA_RIG_COUNT,15,R_ID,3707,c2770983e3c45ffc272c312e6367ecac0caa4515271dac13bd9efb7ca200188c,,No approved current legacy mapping or target DDL; migration excluded,Not applicable until explicit business mapping exists,Keep source table,False
MACRO_USA_SERVICES_PMI,11,R_ID,606,711cfb90f98537128efc8c2eab207a2c6146f9483a5d246b2ad6c528a91423fc,,No approved current legacy mapping or target DDL; migration excluded,Not applicable until explicit business mapping exists,Keep source table,False
MACRO_USA_SPCS20,11,R_ID,596,711cfb90f98537128efc8c2eab207a2c6146f9483a5d246b2ad6c528a91423fc,,No approved current legacy mapping or target DDL; migration excluded,Not applicable until explicit business mapping exists,Keep source table,False
MACRO_USA_TRADE_BALANCE,11,R_ID,1340,711cfb90f98537128efc8c2eab207a2c6146f9483a5d246b2ad6c528a91423fc,,No approved current legacy mapping or target DDL; migration excluded,Not applicable until explicit business mapping exists,Keep source table,False
MACRO_USA_UNEMPLOYMENT_RATE,11,R_ID,1338,711cfb90f98537128efc8c2eab207a2c6146f9483a5d246b2ad6c528a91423fc,,No approved current legacy mapping or target DDL; migration excluded,Not applicable until explicit business mapping exists,Keep source table,False
MARKET_INSTRUMENT_HISTORY_CACHE,24,R_ID,40132,c5d3029371f224e803de90ffd6b3477f4f482e49148997e77b7113661d7b5a8e,,No approved current legacy mapping or target DDL; migration excluded,Not applicable until explicit business mapping exists,Keep source table,False
MATCH_MAIN_CONTRACT,6,R_ID,2,82232139c6fa72199e24a42c5e9df827d29c55e7162a9e5c64272466c8835a39,,No approved current legacy mapping or target DDL; migration excluded,Not applicable until explicit business mapping exists,Keep source table,False
MIGRATION_AREA_BAIDU,11,R_ID,100,50ce4a5746171ea1904eb36a4a088683f58f635a9bc7973eefdfb043f8003ef4,,No approved current legacy mapping or target DDL; migration excluded,Not applicable until explicit business mapping exists,Keep source table,False
MIGRATION_SCALE_BAIDU,8,R_ID,2077,e84a498ab774e5125a2f25538744a8431dc6d9638fed8123227ddd7426893495,,No approved current legacy mapping or target DDL; migration excluded,Not applicable until explicit business mapping exists,Keep source table,False
MONEY_FUND_DAILY_EM,23,R_ID,1086,b8af7ecd900235838554842d51e8acf1c78e3f70907dbfa5b4639230d4df14fd,,No approved current legacy mapping or target DDL; migration excluded,Not applicable until explicit business mapping exists,Keep source table,False
MONEY_FUND_HIST_EM,15,R_ID,32,8a6a3d2dfaf6cb96f0d4ddaac7201fcd9a04329940d6480299de2cbaa8e08008,,No approved current legacy mapping or target DDL; migration excluded,Not applicable until explicit business mapping exists,Keep source table,False
MOVIE_BOXOFFICE_CINEMA_DAILY,17,R_ID,23855,3134c8c0b14413ec7b3d4c297b318d3899817d20621c60303daa7241cc060978,,No approved current legacy mapping or target DDL; migration excluded,Not applicable until explicit business mapping exists,Keep source table,False
MOVIE_BOXOFFICE_CINEMA_WEEKLY,20,R_ID,24720,b676952d32e6207655b6bbdb81c283671dc2ae799ff0fc51680bb75e9d74a167,,No approved current legacy mapping or target DDL; migration excluded,Not applicable until explicit business mapping exists,Keep source table,False
MOVIE_BOXOFFICE_DAILY,25,R_ID,212,23837da76f4893008a9a4a11636d6ca0ed45f28ff3efa64540eeef7d576146c1,,No approved current legacy mapping or target DDL; migration excluded,Not applicable until explicit business mapping exists,Keep source table,False
MOVIE_BOXOFFICE_MONTHLY,21,R_ID,423,3e187d9a0abbe96d15c6f04f3b7950c7600386b94976a0775609e6244133cef3,,No approved current legacy mapping or target DDL; migration excluded,Not applicable until explicit business mapping exists,Keep source table,False
MOVIE_BOXOFFICE_REALTIME,26,R_ID,200,0b8279b34789f478daec69ab737dea62284f4b769b5636a953bc82b502a248a7,,No approved current legacy mapping or target DDL; migration excluded,Not applicable until explicit business mapping exists,Keep source table,False
MOVIE_BOXOFFICE_WEEKLY,40,R_ID,22,2f31f10a884967c872b65edf5224dc291970beb252d86458c36a6145db9cda1d,,No approved current legacy mapping or target DDL; migration excluded,Not applicable until explicit business mapping exists,Keep source table,False
MOVIE_BOXOFFICE_YEARLY,23,R_ID,625,67dc86ebff2b6c9b25aff6fe736e4ad08b4373d69d46f253ebf6689156d61693,,No approved current legacy mapping or target DDL; migration excluded,Not applicable until explicit business mapping exists,Keep source table,False
MOVIE_BOXOFFICE_YEARLY_FIRST_WEEK,26,R_ID,217,2cedfd7372f2454838456b710abd4896ac8597eee5b1a21171ac5cea64096141,,No approved current legacy mapping or target DDL; migration excluded,Not applicable until explicit business mapping exists,Keep source table,False
NEWS_CCTV,9,R_ID,24,549cb70e9ecadcbe163e07f24e501ad2b893a4ba71ff7f470cb4be7f1b5d4589,,No approved current legacy mapping or target DDL; migration excluded,Not applicable until explicit business mapping exists,Keep source table,False
NEWS_ECONOMIC_BAIDU,14,R_ID,198,60777b829a9d53b039939c5ac2b5653fb300147cb97d84aa40717f2be9f28799,,No approved current legacy mapping or target DDL; migration excluded,Not applicable until explicit business mapping exists,Keep source table,False
NEWS_REPORT_TIME_BAIDU,13,R_ID,134,c8f01ed85f3181488727c982a6383c5912d55e70edb928cb6d488ba1530e3df0,,No approved current legacy mapping or target DDL; migration excluded,Not applicable until explicit business mapping exists,Keep source table,False
NEWS_TRADE_NOTIFY_DIVIDEND_BAIDU,15,R_ID,30,fc5ade3c050d54ec42c168d84a9b3be182c786f87dd88c9b7082b8bfbc65f55c,,No approved current legacy mapping or target DDL; migration excluded,Not applicable until explicit business mapping exists,Keep source table,False
NEWS_TRADE_NOTIFY_SUSPEND_BAIDU,18,R_ID,16,8ff377bfde90fa34300835100fe45cf1e1fb133214eb4e3f73fb9a6d1263bd4e,,No approved current legacy mapping or target DDL; migration excluded,Not applicable until explicit business mapping exists,Keep source table,False
NLP_ANSWER,6,R_ID,2,82232139c6fa72199e24a42c5e9df827d29c55e7162a9e5c64272466c8835a39,,No approved current legacy mapping or target DDL; migration excluded,Not applicable until explicit business mapping exists,Keep source table,False
NLP_OWNTHINK,6,R_ID,2,82232139c6fa72199e24a42c5e9df827d29c55e7162a9e5c64272466c8835a39,,No approved current legacy mapping or target DDL; migration excluded,Not applicable until explicit business mapping exists,Keep source table,False
OPEN_FUND_DAILY_EM,21,R_ID,46711,614751bc1e90d0e9515e882dc736710fae915bb422cf499c088d675828d6d1f1,,No approved current legacy mapping or target DDL; migration excluded,Not applicable until explicit business mapping exists,Keep source table,False
OPEN_FUND_HIST_EM,15,R_ID,94604,45759986c4d6c7d73ef47532f044a8a405e499e205c7f63870e6bc4b827daff3,,No approved current legacy mapping or target DDL; migration excluded,Not applicable until explicit business mapping exists,Keep source table,False
OPEN_FUND_RANK_EM,27,R_ID,33495,2414da8a9ce30e37a3e55794d03bce8be723839ed5b6d3619f28752255e32239,,No approved current legacy mapping or target DDL; migration excluded,Not applicable until explicit business mapping exists,Keep source table,False
OPTION_1000INDEX_MIN_QVIX,10,R_ID,478,dd8b074b54530ffe210d6de129835753708b07e6cc8c3773da95114a88ed24d8,,No approved current legacy mapping or target DDL; migration excluded,Not applicable until explicit business mapping exists,Keep source table,False
OPTION_1000INDEX_QVIX,12,R_ID,2755,d0d48119072165bba8ba5abdb154ad4c95c74d70944101706e9a3ef71d437ca3,,No approved current legacy mapping or target DDL; migration excluded,Not applicable until explicit business mapping exists,Keep source table,False
OPTION_100ETF_MIN_QVIX,10,R_ID,478,dd8b074b54530ffe210d6de129835753708b07e6cc8c3773da95114a88ed24d8,,No approved current legacy mapping or target DDL; migration excluded,Not applicable until explicit business mapping exists,Keep source table,False
OPTION_100ETF_QVIX,12,R_ID,2755,d0d48119072165bba8ba5abdb154ad4c95c74d70944101706e9a3ef71d437ca3,,No approved current legacy mapping or target DDL; migration excluded,Not applicable until explicit business mapping exists,Keep source table,False
OPTION_300ETF_MIN_QVIX,10,R_ID,478,dd8b074b54530ffe210d6de129835753708b07e6cc8c3773da95114a88ed24d8,,No approved current legacy mapping or target DDL; migration excluded,Not applicable until explicit business mapping exists,Keep source table,False
OPTION_300ETF_QVIX,12,R_ID,2755,d0d48119072165bba8ba5abdb154ad4c95c74d70944101706e9a3ef71d437ca3,,No approved current legacy mapping or target DDL; migration excluded,Not applicable until explicit business mapping exists,Keep source table,False
OPTION_300INDEX_MIN_QVIX,10,R_ID,478,dd8b074b54530ffe210d6de129835753708b07e6cc8c3773da95114a88ed24d8,,No approved current legacy mapping or target DDL; migration excluded,Not applicable until explicit business mapping exists,Keep source table,False
OPTION_300INDEX_QVIX,12,R_ID,2755,d0d48119072165bba8ba5abdb154ad4c95c74d70944101706e9a3ef71d437ca3,,No approved current legacy mapping or target DDL; migration excluded,Not applicable until explicit business mapping exists,Keep source table,False
OPTION_500ETF_MIN_QVIX,10,R_ID,478,dd8b074b54530ffe210d6de129835753708b07e6cc8c3773da95114a88ed24d8,,No approved current legacy mapping or target DDL; migration excluded,Not applicable until explicit business mapping exists,Keep source table,False
OPTION_500ETF_QVIX,12,R_ID,2755,d0d48119072165bba8ba5abdb154ad4c95c74d70944101706e9a3ef71d437ca3,,No approved current legacy mapping or target DDL; migration excluded,Not applicable until explicit business mapping exists,Keep source table,False
OPTION_50ETF_MIN_QVIX,10,R_ID,478,dd8b074b54530ffe210d6de129835753708b07e6cc8c3773da95114a88ed24d8,,No approved current legacy mapping or target DDL; migration excluded,Not applicable until explicit business mapping exists,Keep source table,False
OPTION_50ETF_QVIX,12,R_ID,2725,d0d48119072165bba8ba5abdb154ad4c95c74d70944101706e9a3ef71d437ca3,,No approved current legacy mapping or target DDL; migration excluded,Not applicable until explicit business mapping exists,Keep source table,False
OPTION_50INDEX_MIN_QVIX,10,R_ID,478,dd8b074b54530ffe210d6de129835753708b07e6cc8c3773da95114a88ed24d8,,No approved current legacy mapping or target DDL; migration excluded,Not applicable until explicit business mapping exists,Keep source table,False
OPTION_50INDEX_QVIX,12,R_ID,2755,d0d48119072165bba8ba5abdb154ad4c95c74d70944101706e9a3ef71d437ca3,,No approved current legacy mapping or target DDL; migration excluded,Not applicable until explicit business mapping exists,Keep source table,False
OPTION_CFFEX_HS300_DAILY_SINA,12,R_ID,108,0e5ea1a7d969f78bc42a636cc3df35ce93a38998ff23daa9bd4c4e816298eedb,,No approved current legacy mapping or target DDL; migration excluded,Not applicable until explicit business mapping exists,Keep source table,False
OPTION_CFFEX_HS300_LIST_SINA,8,R_ID,12,f93619eaeadaac49ca5bb38aca5e5d49661a4316aa5c12c52faba4c16058c8fb,,No approved current legacy mapping or target DDL; migration excluded,Not applicable until explicit business mapping exists,Keep source table,False
OPTION_CFFEX_HS300_SPOT_SINA,23,R_ID,66,a3988fdf1946d9ee511951b617795671e548d71f18caec1d2ae5cb14f3d62343,,No approved current legacy mapping or target DDL; migration excluded,Not applicable until explicit business mapping exists,Keep source table,False
OPTION_CFFEX_SZ50_DAILY_SINA,12,R_ID,90,0e5ea1a7d969f78bc42a636cc3df35ce93a38998ff23daa9bd4c4e816298eedb,,No approved current legacy mapping or target DDL; migration excluded,Not applicable until explicit business mapping exists,Keep source table,False
OPTION_CFFEX_SZ50_LIST_SINA,8,R_ID,12,f93619eaeadaac49ca5bb38aca5e5d49661a4316aa5c12c52faba4c16058c8fb,,No approved current legacy mapping or target DDL; migration excluded,Not applicable until explicit business mapping exists,Keep source table,False
OPTION_CFFEX_SZ50_SPOT_SINA,23,R_ID,42,a3988fdf1946d9ee511951b617795671e548d71f18caec1d2ae5cb14f3d62343,,No approved current legacy mapping or target DDL; migration excluded,Not applicable until explicit business mapping exists,Keep source table,False
OPTION_CFFEX_ZZ1000_DAILY_SINA,12,R_ID,38,0e5ea1a7d969f78bc42a636cc3df35ce93a38998ff23daa9bd4c4e816298eedb,,No approved current legacy mapping or target DDL; migration excluded,Not applicable until explicit business mapping exists,Keep source table,False
OPTION_CFFEX_ZZ1000_LIST_SINA,8,R_ID,12,f93619eaeadaac49ca5bb38aca5e5d49661a4316aa5c12c52faba4c16058c8fb,,No approved current legacy mapping or target DDL; migration excluded,Not applicable until explicit business mapping exists,Keep source table,False
OPTION_CFFEX_ZZ1000_SPOT_SINA,23,R_ID,40,a3988fdf1946d9ee511951b617795671e548d71f18caec1d2ae5cb14f3d62343,,No approved current legacy mapping or target DDL; migration excluded,Not applicable until explicit business mapping exists,Keep source table,False
OPTION_COMM_INFO,23,R_ID,911,dfe0456995131e765199a8169110d1d1e0ae596399a041537179a8f17c128aa9,,No approved current legacy mapping or target DDL; migration excluded,Not applicable until explicit business mapping exists,Keep source table,False
OPTION_COMM_SYMBOL,8,R_ID,168,81e9e490cb40130304cc5a865b2e0991407c7410edc8979d4bb99e1d6cfd1a31,,No approved current legacy mapping or target DDL; migration excluded,Not applicable until explicit business mapping exists,Keep source table,False
OPTION_COMMODITY_CONTRACT_SINA,8,R_ID,8,b8757fa10edb92beebd330306dc315e70df2ffa10d884ba649d0f68e1aef06e7,,No approved current legacy mapping or target DDL; migration excluded,Not applicable until explicit business mapping exists,Keep source table,False
OPTION_COMMODITY_CONTRACT_TABLE_SINA,23,R_ID,58,e45a0f48cad9206fc35b44d116eafffade5d5e4ad89c6a6178d1282e0ff4d266,,No approved current legacy mapping or target DDL; migration excluded,Not applicable until explicit business mapping exists,Keep source table,False
OPTION_COMMODITY_HIST_SINA,12,R_ID,292,0e5ea1a7d969f78bc42a636cc3df35ce93a38998ff23daa9bd4c4e816298eedb,,No approved current legacy mapping or target DDL; migration excluded,Not applicable until explicit business mapping exists,Keep source table,False
OPTION_CONTRACT_INFO_CTP,35,R_ID,53646,f8ad292b0e3bc2086e0c5b8df39673d16f50fe3baed326a84d022ab5f0e7195f,,No approved current legacy mapping or target DDL; migration excluded,Not applicable until explicit business mapping exists,Keep source table,False
OPTION_CURRENT_DAY_SSE,17,R_ID,1372,5171a5e7622d532ddb68544194c18e96a7e7d4818334917b19d02be2191e7fe6,,No approved current legacy mapping or target DDL; migration excluded,Not applicable until explicit business mapping exists,Keep source table,False
OPTION_CURRENT_DAY_SZSE,35,R_ID,1006,4b925b064c4cb9fdca424eb5561d425243d5dd264b3faf7fb129b4b55172fb32,,No approved current legacy mapping or target DDL; migration excluded,Not applicable until explicit business mapping exists,Keep source table,False
OPTION_CURRENT_EM,21,R_ID,1548,e657b5d3a174e2110fc758bb8df39677af6f516f894be9028e81344c4116b557,,No approved current legacy mapping or target DDL; migration excluded,Not applicable until explicit business mapping exists,Keep source table,False
OPTION_CYB_MIN_QVIX,10,R_ID,478,dd8b074b54530ffe210d6de129835753708b07e6cc8c3773da95114a88ed24d8,,No approved current legacy mapping or target DDL; migration excluded,Not applicable until explicit business mapping exists,Keep source table,False
OPTION_CYB_QVIX,12,R_ID,2755,d0d48119072165bba8ba5abdb154ad4c95c74d70944101706e9a3ef71d437ca3,,No approved current legacy mapping or target DDL; migration excluded,Not applicable until explicit business mapping exists,Keep source table,False
OPTION_DAILY_STATS_SSE,18,R_ID,10,bab13a0a704aa48078f6222fb9dda505e29538a14f554369b365298791c4e4e9,,No approved current legacy mapping or target DDL; migration excluded,Not applicable until explicit business mapping exists,Keep source table,False
OPTION_DAILY_STATS_SZSE,16,R_ID,8,c3ea448b4d31984bd74cc9b61fd431952867ca5d84854b24f88264fc2f039c9d,,No approved current legacy mapping or target DDL; migration excluded,Not applicable until explicit business mapping exists,Keep source table,False
OPTION_FINANCE_BOARD,14,R_ID,220,73a9f4da9de5ac4ad2e87ac3a6ab99633b3b42de18b64b2cd9ffc1be90a2c4fe,,No approved current legacy mapping or target DDL; migration excluded,Not applicable until explicit business mapping exists,Keep source table,False
OPTION_FINANCE_MINUTE_SINA,11,R_ID,2444,1b6f37edce44020bf87f148b55978585be296072044c16194bfc1da2e5ca00f4,,No approved current legacy mapping or target DDL; migration excluded,Not applicable until explicit business mapping exists,Keep source table,False
OPTION_FINANCE_SSE_UNDERLYING,15,R_ID,2,8816520b3131b84dfeb227ebea79340c2759fee4f98bc154cc7b0d4a89dd23d8,,No approved current legacy mapping or target DDL; migration excluded,Not applicable until explicit business mapping exists,Keep source table,False
OPTION_HIST_CZCE,22,R_ID,276,047181b141a9286dc3dbde4834a5b66770ea9d687d1b168b37f4675f653eb8fd,,No approved current legacy mapping or target DDL; migration excluded,Not applicable until explicit business mapping exists,Keep source table,False
OPTION_HIST_DCE,18,R_ID,696,f8cd2f43ec1553a04ec2a47830268c7f887966377214e7c54099a12a9fa87cc5,,No approved current legacy mapping or target DDL; migration excluded,Not applicable until explicit business mapping exists,Keep source table,False
OPTION_HIST_GFEX,23,R_ID,1302,3138d52ea25f2784954bef586dc461af75c3264c445fa9c5f1cc05f02cc948b1,,No approved current legacy mapping or target DDL; migration excluded,Not applicable until explicit business mapping exists,Keep source table,False
OPTION_HIST_SHFE,21,R_ID,1040,12ae03fb2ace552ad256d63b2a64a4a23c947e27fa8a6830842e5dd1494d06b3,,No approved current legacy mapping or target DDL; migration excluded,Not applicable until explicit business mapping exists,Keep source table,False
OPTION_HIST_YEARLY_CZCE,23,R_ID,72576,95a9ae9301916e2f58d427af5eee8ed46f663c22e2d1707b8f85d1c7f746602c,,No approved current legacy mapping or target DDL; migration excluded,Not applicable until explicit business mapping exists,Keep source table,False
OPTION_KCB_MIN_QVIX,10,R_ID,478,dd8b074b54530ffe210d6de129835753708b07e6cc8c3773da95114a88ed24d8,,No approved current legacy mapping or target DDL; migration excluded,Not applicable until explicit business mapping exists,Keep source table,False
OPTION_KCB_QVIX,12,R_ID,2755,d0d48119072165bba8ba5abdb154ad4c95c74d70944101706e9a3ef71d437ca3,,No approved current legacy mapping or target DDL; migration excluded,Not applicable until explicit business mapping exists,Keep source table,False
OPTION_LHB_EM,16,R_ID,14,af4c49caa20bee8f4d53a55e8cbc56e7099af9338c84f5e4b33c57f145ade2e4,,No approved current legacy mapping or target DDL; migration excluded,Not applicable until explicit business mapping exists,Keep source table,False
OPTION_MARGIN,18,R_ID,954,d9691fb2230374763ce33b06350f9ef79388922d67d8aea6a01236f69e322c7d,,No approved current legacy mapping or target DDL; migration excluded,Not applicable until explicit business mapping exists,Keep source table,False
OPTION_MARGIN_SYMBOL,7,R_ID,120,7f099f20e9334ff82fde32dfac0c02144a7a678b2555df1902c80f02ada74368,,No approved current legacy mapping or target DDL; migration excluded,Not applicable until explicit business mapping exists,Keep source table,False
OPTION_MINUTE_EM,14,R_ID,466,f22aadf4e970f39a63d7220c1afcad65c25bfd63c97ea072457bce53d71a5166,,No approved current legacy mapping or target DDL; migration excluded,Not applicable until explicit business mapping exists,Keep source table,False
OPTION_PREMIUM_ANALYSIS_EM,17,R_ID,1368,7fe5cfd2eb99d0e0309a2aa3dd1ef01ac24e277d8c602053a38fe3d075f913d7,,No approved current legacy mapping or target DDL; migration excluded,Not applicable until explicit business mapping exists,Keep source table,False
OPTION_RISK_ANALYSIS_EM,18,R_ID,1368,cf1033f156b1521183643db5c2055226393e998c4e5c041d4ef2ce1b4aac3ea8,,No approved current legacy mapping or target DDL; migration excluded,Not applicable until explicit business mapping exists,Keep source table,False
OPTION_RISK_INDICATOR_SSE,16,R_ID,792,b7113af9f0ef6e8c0bf6489e36873f52ca58e5f7261fa1b3e79bdfc42c057cdc,,No approved current legacy mapping or target DDL; migration excluded,Not applicable until explicit business mapping exists,Keep source table,False
OPTION_SSE_CODES_SINA,8,R_ID,36,d0dcd2ac8351040e920fc71baa02076422e714bafdbeca28fedafd0f21f678c0,,No approved current legacy mapping or target DDL; migration excluded,Not applicable until explicit business mapping exists,Keep source table,False
OPTION_SSE_DAILY_SINA,12,R_ID,46,26e1bd2d90cfc65e52bb7dd883f1fee5ebeaecd034c5e6eb23740ed369ccc2fc,,No approved current legacy mapping or target DDL; migration excluded,Not applicable until explicit business mapping exists,Keep source table,False
OPTION_SSE_EXPIRE_DAY_SINA,8,R_ID,2,c8bef9873671160c7a8040fc040fbdc2a4d512a5f54ca87142a92a1b965a4b83,,No approved current legacy mapping or target DDL; migration excluded,Not applicable until explicit business mapping exists,Keep source table,False
OPTION_SSE_GREEKS_SINA,8,R_ID,2,0a999747c33795eedbd0e51fbd1dee14220193f9cfff79b1c01dec35e66a34d3,,No approved current legacy mapping or target DDL; migration excluded,Not applicable until explicit business mapping exists,Keep source table,False
OPTION_SSE_LIST_SINA,7,R_ID,8,79394be83dfb8957c36dde85b3b30fbb21a5d528b604512c689233579d6e4a73,,No approved current legacy mapping or target DDL; migration excluded,Not applicable until explicit business mapping exists,Keep source table,False
OPTION_SSE_MINUTE_SINA,12,R_ID,481,4118e034f87012aab818d3f9557cf5eef1b976f43c8562ec9d21f18dc68f5ec8,,No approved current legacy mapping or target DDL; migration excluded,Not applicable until explicit business mapping exists,Keep source table,False
OPTION_SSE_SPOT_PRICE_SINA,8,R_ID,2,0a999747c33795eedbd0e51fbd1dee14220193f9cfff79b1c01dec35e66a34d3,,No approved current legacy mapping or target DDL; migration excluded,Not applicable until explicit business mapping exists,Keep source table,False
OPTION_SSE_UNDERLYING_SPOT_PRICE_SINA,8,R_ID,66,0a999747c33795eedbd0e51fbd1dee14220193f9cfff79b1c01dec35e66a34d3,,No approved current legacy mapping or target DDL; migration excluded,Not applicable until explicit business mapping exists,Keep source table,False
OPTION_VALUE_ANALYSIS_EM,17,R_ID,1368,dc282482b6987127af4e888345294bfb9b91c64e4dc6940fb4d32c7fff888fe8,,No approved current legacy mapping or target DDL; migration excluded,Not applicable until explicit business mapping exists,Keep source table,False
OPTION_VOL_GFEX,8,R_ID,14,b1306077a99dd45a24bbd963fb2a1d540e75446c485c62e59c3436254277ccd9,,No approved current legacy mapping or target DDL; migration excluded,Not applicable until explicit business mapping exists,Keep source table,False
OPTION_VOL_SHFE,13,R_ID,14,baae250c6d47d4320fe48bff60f80a1f976d06940b598de40c1d0be0ae85fbe0,,No approved current legacy mapping or target DDL; migration excluded,Not applicable until explicit business mapping exists,Keep source table,False
PRINT,3,,2,c496790c91ae345b37ea9ba773972040bbad96d6be08e646aec4a2c2156e288f,,No approved current legacy mapping or target DDL; migration excluded,Not applicable until explicit business mapping exists,Keep source table,False
QDII_A_INDEX_JSL,23,R_ID,40,ff2c7efc29f6e5368c37b9dfcee66eb341c446f406e1996ed8c58a5da02b2ba4,,No approved current legacy mapping or target DDL; migration excluded,Not applicable until explicit business mapping exists,Keep source table,False
QDII_E_COMM_JSL,24,R_ID,40,e7f9a3d537b7145bcb1ae9ec14897b272982a391843dbde5573ddb21a5d574a2,,No approved current legacy mapping or target DDL; migration excluded,Not applicable until explicit business mapping exists,Keep source table,False
QDII_E_INDEX_JSL,24,R_ID,40,e7f9a3d537b7145bcb1ae9ec14897b272982a391843dbde5573ddb21a5d574a2,,No approved current legacy mapping or target DDL; migration excluded,Not applicable until explicit business mapping exists,Keep source table,False
QUOTA_SUGAR_INDEX,20,R_ID,3492,3805536932020f9e565572f46da5b4f7bbe0372c9aee54e352dccbe1c7bb9ade,,No approved current legacy mapping or target DDL; migration excluded,Not applicable until explicit business mapping exists,Keep source table,False
RATE_INTERBANK,9,R_ID,9996,f76f4da7867ed249f54a2a96405eac574bcc8fe2bb79dbae53acd36ea9f5dacd,,No approved current legacy mapping or target DDL; migration excluded,Not applicable until explicit business mapping exists,Keep source table,False
REITS_HIST_EM,17,R_ID,7,abe9a5dc351c048ec18726351297cd5ec119ff2bb8ce98505a2a149ae67b770b,,No approved current legacy mapping or target DDL; migration excluded,Not applicable until explicit business mapping exists,Keep source table,False
REITS_REALTIME_EM,19,R_ID,93,1fd91fcd2e9ee705a89b08d994f78d13bcd326a483dd1441513a1d369f11a22d,,No approved current legacy mapping or target DDL; migration excluded,Not applicable until explicit business mapping exists,Keep source table,False
REPO_RATE_HIST,13,R_ID,34,eb08c750fe27524cdc6cd6d0f6a719cb4fb1d2c745314db144d1eab0df304796,,No approved current legacy mapping or target DDL; migration excluded,Not applicable until explicit business mapping exists,Keep source table,False
REPO_RATE_QUERY,10,R_ID,1495,d5816ee9f0fffc74bc5c931fab3febc74974c056c56918d5022a7aca7fa77ac1,,No approved current legacy mapping or target DDL; migration excluded,Not applicable until explicit business mapping exists,Keep source table,False
scalar_result,3,,0,da33fd54a9e25418d135736cfa88cc25d0cbf40c6be42b4e0804e4b081124d39,,No approved current legacy mapping or target DDL; migration excluded,Not applicable until explicit business mapping exists,Keep source table,False
SPOT_CORN_PRICE_SOOZHU,8,R_ID,30,8733e7648a2068072d3bd1583946fc0c054a9f1548715b64904421468573e28a,,No approved current legacy mapping or target DDL; migration excluded,Not applicable until explicit business mapping exists,Keep source table,False
SPOT_GOODS_INDEX,12,R_ID,11630,ca17ce887c3aee193e1c5b42655a94145f48bba361705b2a706809f2e3fa290a,,No approved current legacy mapping or target DDL; migration excluded,Not applicable until explicit business mapping exists,Keep source table,False
SPOT_HOG_CROSSBRED_SOOZHU,8,R_ID,30,8733e7648a2068072d3bd1583946fc0c054a9f1548715b64904421468573e28a,,No approved current legacy mapping or target DDL; migration excluded,Not applicable until explicit business mapping exists,Keep source table,False
SPOT_HOG_LEAN_PRICE_SOOZHU,8,R_ID,30,8733e7648a2068072d3bd1583946fc0c054a9f1548715b64904421468573e28a,,No approved current legacy mapping or target DDL; migration excluded,Not applicable until explicit business mapping exists,Keep source table,False
SPOT_HOG_SOOZHU,9,R_ID,56,200371fcb41916023b1c64fd2cbbdb5469202895aca35568e1098df919fe1db8,,No approved current legacy mapping or target DDL; migration excluded,Not applicable until explicit business mapping exists,Keep source table,False
SPOT_HOG_THREE_WAY_SOOZHU,8,R_ID,30,8733e7648a2068072d3bd1583946fc0c054a9f1548715b64904421468573e28a,,No approved current legacy mapping or target DDL; migration excluded,Not applicable until explicit business mapping exists,Keep source table,False
SPOT_HOG_YEAR_TREND_SOOZHU,8,R_ID,400,8733e7648a2068072d3bd1583946fc0c054a9f1548715b64904421468573e28a,,No approved current legacy mapping or target DDL; migration excluded,Not applicable until explicit business mapping exists,Keep source table,False
SPOT_MIXED_FEED_SOOZHU,8,R_ID,30,8733e7648a2068072d3bd1583946fc0c054a9f1548715b64904421468573e28a,,No approved current legacy mapping or target DDL; migration excluded,Not applicable until explicit business mapping exists,Keep source table,False
SPOT_PRICE_QH,9,R_ID,9744,9e5a955290b0b46b99b3b474ff4fd8141b9033e169917336191d16187938c2e6,,No approved current legacy mapping or target DDL; migration excluded,Not applicable until explicit business mapping exists,Keep source table,False
SPOT_PRICE_TABLE_QH,8,R_ID,246,cc55dd35113847c980da442eb28d0358538b55e1cacab95c14d2413a41fce82b,,No approved current legacy mapping or target DDL; migration excluded,Not applicable until explicit business mapping exists,Keep source table,False
SPOT_SOYBEAN_PRICE_SOOZHU,8,R_ID,30,8733e7648a2068072d3bd1583946fc0c054a9f1548715b64904421468573e28a,,No approved current legacy mapping or target DDL; migration excluded,Not applicable until explicit business mapping exists,Keep source table,False
SPOT_SYMBOL_TABLE_SGE,8,R_ID,34,1f9aef1653a133854c8e3dd132d60668f64a50463d9de68e5c86b6ba1a630b15,,No approved current legacy mapping or target DDL; migration excluded,Not applicable until explicit business mapping exists,Keep source table,False
STOCK_A_ALL_PB,14,R_ID,10391,66693719b81c925427c0311d7df0e10d2855929a5597fbb9da7f580151fde141,,No approved current legacy mapping or target DDL; migration excluded,Not applicable until explicit business mapping exists,Keep source table,False
STOCK_A_BELOW_NET_ASSET_STATISTICS,10,R_ID,10151,0db9166f5424c7744cdbe1cf215781ef7243ace79f918d8a426a1994013d1604,,No approved current legacy mapping or target DDL; migration excluded,Not applicable until explicit business mapping exists,Keep source table,False
STOCK_A_CODE_TO_SYMBOL,6,R_ID,2,82232139c6fa72199e24a42c5e9df827d29c55e7162a9e5c64272466c8835a39,,No approved current legacy mapping or target DDL; migration excluded,Not applicable until explicit business mapping exists,Keep source table,False
STOCK_A_CONGESTION_LG,9,R_ID,6996,83defd039ba14b8de27e82cb61ceae127f7af065d4b0d6b57e7294e86dcc8888,,No approved current legacy mapping or target DDL; migration excluded,Not applicable until explicit business mapping exists,Keep source table,False
STOCK_A_GXL_LG,8,R_ID,10379,038f2f9e9f45be82f2addacff734f50847aeebdfa91f44cb2b17e114d96354ff,,No approved current legacy mapping or target DDL; migration excluded,Not applicable until explicit business mapping exists,Keep source table,False
STOCK_A_HIGH_LOW_STATISTICS,14,R_ID,1000,79d5710b52fc07b62b8c5e071f7c130333c173fad31c4ab227c08ab2fa62a2b8,,No approved current legacy mapping or target DDL; migration excluded,Not applicable until explicit business mapping exists,Keep source table,False
STOCK_A_TTM_LYR,20,R_ID,10369,3bec0b83b2f09bac230dec0324231c2ffdecc14e957618e6fd3293863deaa32a,,No approved current legacy mapping or target DDL; migration excluded,Not applicable until explicit business mapping exists,Keep source table,False
STOCK_ACCOUNT_STATISTICS_EM,17,R_ID,202,bfc272925864d5feb13f2c161da26ca770dc7e32a356c4ff46e29e6a0ea33d2b,,No approved current legacy mapping or target DDL; migration excluded,Not applicable until explicit business mapping exists,Keep source table,False
STOCK_ADD_STOCK,12,R_ID,2,645274d4a713fb006235bd9c24979aa70e3691388bd0c07a2fb4d376adda89e2,,No approved current legacy mapping or target DDL; migration excluded,Not applicable until explicit business mapping exists,Keep source table,False
STOCK_ALLOTMENT_CNINFO,63,R_ID,2,4749079b2160de6d1f39b4760573e1b55bf690c7241cb15706cbdc0f83099dde,,No approved current legacy mapping or target DDL; migration excluded,Not applicable until explicit business mapping exists,Keep source table,False
STOCK_ANALYST_DETAIL_EM,15,R_ID,7,36277cf057092870047bd3d0f9b2519b847ce4b1c9dd55572b12cdf796499e23,,No approved current legacy mapping or target DDL; migration excluded,Not applicable until explicit business mapping exists,Keep source table,False
STOCK_ANALYST_RANK_EM,22,R_ID,200,7b4a00d8477fe44fddd6282fba6ed9b3232607a566969a7ca32021aed72dad5c,,No approved current legacy mapping or target DDL; migration excluded,Not applicable until explicit business mapping exists,Keep source table,False
STOCK_BALANCE_SHEET_BY_REPORT_DELISTED_EM,293,R_ID,76,ae698f4fa9f0eec245a992addb2a1ad5e4cb1c6b5acf7fad1af9f5f46e44261b,,No approved current legacy mapping or target DDL; migration excluded,Not applicable until explicit business mapping exists,Keep source table,False
STOCK_BALANCE_SHEET_BY_REPORT_EM,325,R_ID,102,85350bcdd6b1fc9a0a8e15387b07b99819a657b5f78b30d5ed31850c2f2593a9,,No approved current legacy mapping or target DDL; migration excluded,Not applicable until explicit business mapping exists,Keep source table,False
STOCK_BALANCE_SHEET_BY_YEARLY_EM,227,R_ID,54,c87f9f17aef40f96294d7003625b393d556a6a6d28e2b47ac19efd1412c9ee1e,,No approved current legacy mapping or target DDL; migration excluded,Not applicable until explicit business mapping exists,Keep source table,False
STOCK_BID_ASK_EM,8,R_ID,72,61d5ec29ba6495da942907db20ed8913b4302b14303bba2df36036679ea45024,,No approved current legacy mapping or target DDL; migration excluded,Not applicable until explicit business mapping exists,Keep source table,False
STOCK_BJ_A_SPOT_EM,29,R_ID,666,2899d25c498b2bb6b844cebb086328a11823a050b58dad73b92ab9dfd5ca7edc,,No approved current legacy mapping or target DDL; migration excluded,Not applicable until explicit business mapping exists,Keep source table,False
STOCK_BOARD_CHANGE_EM,14,R_ID,1797,b260ffcaf6c8171b52567a4414db593f04519609a5b2ae9d90de93ecd1c8f773,,No approved current legacy mapping or target DDL; migration excluded,Not applicable until explicit business mapping exists,Keep source table,False
STOCK_BOARD_CONCEPT_CONS_EM,22,R_ID,323,9d3e82129e33a57cb6b48b37bf0353a6798fbbb3d35fb72fc8176836c5134540,,No approved current legacy mapping or target DDL; migration excluded,Not applicable until explicit business mapping exists,Keep source table,False
STOCK_BOARD_CONCEPT_HIST_EM,17,R_ID,2,85d2196528a3b935dfdd65298a4e0f3e69b08efa2f10e4e0a9795fd0a97af557,,No approved current legacy mapping or target DDL; migration excluded,Not applicable until explicit business mapping exists,Keep source table,False
STOCK_BOARD_CONCEPT_HIST_MIN_EM,17,R_ID,1535,9bc8f576e58f907a0c843fcc64c4d5c1c945f8c484cb19d2d9ac3a69cbc395d6,,No approved current legacy mapping or target DDL; migration excluded,Not applicable until explicit business mapping exists,Keep source table,False
STOCK_BOARD_CONCEPT_INDEX_THS,13,R_ID,1248,a819151c12e86932290068760cd9a004428694712ca8c49d5a322f6cdcc9fd4f,,No approved current legacy mapping or target DDL; migration excluded,Not applicable until explicit business mapping exists,Keep source table,False
STOCK_BOARD_CONCEPT_INFO_THS,8,R_ID,10,6de00488894c96e6fe0dc597f2ebe143b81ced725f63e7ab265b25b894d9909b,,No approved current legacy mapping or target DDL; migration excluded,Not applicable until explicit business mapping exists,Keep source table,False
STOCK_BOARD_CONCEPT_NAME_EM,18,R_ID,989,d5c8e4396e844057834238a1714b3f0a540356932d9ab0246cb6ce4788f41bb5,,No approved current legacy mapping or target DDL; migration excluded,Not applicable until explicit business mapping exists,Keep source table,False
STOCK_BOARD_CONCEPT_NAME_THS,7,R_ID,747,ff828a924eeb35292d753dd5322ec94366d070ae086ec6f0ee00a877a7524ed4,,No approved current legacy mapping or target DDL; migration excluded,Not applicable until explicit business mapping exists,Keep source table,False
STOCK_BOARD_CONCEPT_SPOT_EM,8,R_ID,20,61d5ec29ba6495da942907db20ed8913b4302b14303bba2df36036679ea45024,,No approved current legacy mapping or target DDL; migration excluded,Not applicable until explicit business mapping exists,Keep source table,False
STOCK_BOARD_INDUSTRY_CONS_EM,41,R_ID,0,ef3da6cc74169666543a14080ad6e69c59211fef44ba9585b29ec36bb97188eb,,No approved current legacy mapping or target DDL; migration excluded,Not applicable until explicit business mapping exists,Keep source table,False
STOCK_BOARD_INDUSTRY_EM,20,R_ID,496,e96f26dd58a5092895afd9cb641ecc16f44463747a2963ee073f62fc6c0e6111,,No approved current legacy mapping or target DDL; migration excluded,Not applicable until explicit business mapping exists,Keep source table,False
STOCK_BOARD_INDUSTRY_HIST_EM,34,R_ID,2,49b509303f7acf9325f9c3ea818732c19dd2c08aa789dc88ca6f822890d6e6c5,,No approved current legacy mapping or target DDL; migration excluded,Not applicable until explicit business mapping exists,Keep source table,False
STOCK_BOARD_INDUSTRY_HIST_MIN_EM,14,R_ID,482,51986ab660d76984ce7365d049c509b6bebbcd92ff091b3782a2c647f5cdcde4,,No approved current legacy mapping or target DDL; migration excluded,Not applicable until explicit business mapping exists,Keep source table,False
STOCK_BOARD_INDUSTRY_INDEX_THS,13,R_ID,1950,a819151c12e86932290068760cd9a004428694712ca8c49d5a322f6cdcc9fd4f,,No approved current legacy mapping or target DDL; migration excluded,Not applicable until explicit business mapping exists,Keep source table,False
STOCK_BOARD_INDUSTRY_MIN_EM,21,R_ID,1446,31d37194b573b07bc64d5e4322c6e1ad29f4071ecdf77e29bba1443228d73ad9,,No approved current legacy mapping or target DDL; migration excluded,Not applicable until explicit business mapping exists,Keep source table,False
STOCK_BOARD_INDUSTRY_NAME_THS,7,R_ID,180,ff828a924eeb35292d753dd5322ec94366d070ae086ec6f0ee00a877a7524ed4,,No approved current legacy mapping or target DDL; migration excluded,Not applicable until explicit business mapping exists,Keep source table,False
STOCK_BOARD_INDUSTRY_SPOT_EM,8,R_ID,20,61d5ec29ba6495da942907db20ed8913b4302b14303bba2df36036679ea45024,,No approved current legacy mapping or target DDL; migration excluded,Not applicable until explicit business mapping exists,Keep source table,False
STOCK_BOARD_INDUSTRY_SUMMARY_THS,18,R_ID,180,2f59046f91997b31088bf68157f27897eed4eea0b42d00ec57fb4eedc254b1a9,,No approved current legacy mapping or target DDL; migration excluded,Not applicable until explicit business mapping exists,Keep source table,False
STOCK_BUFFETT_INDEX_LG,10,R_ID,10187,5024275064d60dc760a616de9d6166aaedaa98c8af8f2f46e19d3f8df9f790b0,,No approved current legacy mapping or target DDL; migration excluded,Not applicable until explicit business mapping exists,Keep source table,False
STOCK_CASH_FLOW_SHEET_BY_QUARTERLY_EM,259,R_ID,186,7919e57ec2ab4a11ce3dd54ce885afd3e983f37c34a74efb6ee2ff51a0096eac,,No approved current legacy mapping or target DDL; migration excluded,Not applicable until explicit business mapping exists,Keep source table,False
STOCK_CASH_FLOW_SHEET_BY_REPORT_DELISTED_EM,260,R_ID,42,56253ecdc3441e4bd8bcd71d0d8165ea22d25a53cd97c2ce9d3cbaa231f733af,,No approved current legacy mapping or target DDL; migration excluded,Not applicable until explicit business mapping exists,Keep source table,False
STOCK_CASH_FLOW_SHEET_BY_REPORT_EM,260,R_ID,196,da9d41233a22246174afe77851ecbd2f1f7c5896f25546c69d1e960a7d12b085,,No approved current legacy mapping or target DDL; migration excluded,Not applicable until explicit business mapping exists,Keep source table,False
STOCK_CASH_FLOW_SHEET_BY_YEARLY_EM,260,R_ID,52,da9d41233a22246174afe77851ecbd2f1f7c5896f25546c69d1e960a7d12b085,,No approved current legacy mapping or target DDL; migration excluded,Not applicable until explicit business mapping exists,Keep source table,False
STOCK_CG_EQUITY_MORTGAGE_CNINFO,16,R_ID,206,e7f83f461c9d9cdd7b32b3a0799c9b85c43d92a85489cd6ce05c8a31af24d563,,No approved current legacy mapping or target DDL; migration excluded,Not applicable until explicit business mapping exists,Keep source table,False
STOCK_CG_GUARANTEE_CNINFO,13,R_ID,6114,598b072c4be45ff90f20651eb7e11e7ef6446aab0f7bafb925f284cfc950e494,,No approved current legacy mapping or target DDL; migration excluded,Not applicable until explicit business mapping exists,Keep source table,False
STOCK_CG_LAWSUIT_CNINFO,11,R_ID,959,c050924137c0a2fc2787d493446f9d598506c8d131adb06f4bc416047bfd8b15,,No approved current legacy mapping or target DDL; migration excluded,Not applicable until explicit business mapping exists,Keep source table,False
STOCK_CHANGES_EM,11,R_ID,3156,dcb9d6f724a435bba3598e5febf40133b436925a4a8fd12fd4eacabdbb17da23,,No approved current legacy mapping or target DDL; migration excluded,Not applicable until explicit business mapping exists,Keep source table,False
STOCK_CIRCULATE_STOCK_HOLDER,13,R_ID,1780,96715ec5983bd01c549bf041f16d37767d7007e7ad016cba965e36d9105996ec,,No approved current legacy mapping or target DDL; migration excluded,Not applicable until explicit business mapping exists,Keep source table,False
STOCK_COMMENT_DETAIL_SCRD_DESIRE_DAILY_EM,12,R_ID,10,7141729d3221e776a7498c2d30ad6e408b61fd78d0b7ce940c5aa96466e647f5,,No approved current legacy mapping or target DDL; migration excluded,Not applicable until explicit business mapping exists,Keep source table,False
STOCK_COMMENT_DETAIL_SCRD_DESIRE_EM,12,R_ID,10,7141729d3221e776a7498c2d30ad6e408b61fd78d0b7ce940c5aa96466e647f5,,No approved current legacy mapping or target DDL; migration excluded,Not applicable until explicit business mapping exists,Keep source table,False
STOCK_COMMENT_DETAIL_SCRD_FOCUS_EM,8,R_ID,60,3d502701a2095befb9183b5fc8bfc90842aa7c39606695b664a3d40475d68fd0,,No approved current legacy mapping or target DDL; migration excluded,Not applicable until explicit business mapping exists,Keep source table,False
STOCK_COMMENT_DETAIL_ZHPJ_LSPF_EM,8,R_ID,60,b22e83a4df96dcac8989171e0751529876da1dc729e427ef2f1097fe274044b7,,No approved current legacy mapping or target DDL; migration excluded,Not applicable until explicit business mapping exists,Keep source table,False
STOCK_COMMENT_DETAIL_ZLKP_JGCYD_EM,8,R_ID,81,79336653f3ed67c4582d3a827ebcba0a8e9b18df10f6f4bc58528a5003abec50,,No approved current legacy mapping or target DDL; migration excluded,Not applicable until explicit business mapping exists,Keep source table,False
STOCK_COMMENT_EM,20,R_ID,10249,8d9460541e52db6ee35857d63b71f3ccbd662f64cd0770269eafdec2a5fe2f5e,,No approved current legacy mapping or target DDL; migration excluded,Not applicable until explicit business mapping exists,Keep source table,False
STOCK_CONCEPT_CONS_FUTU,14,R_ID,60,b46083ddefbd1714e53fdb3525e76b84fda8f629d667c404d85ecf0052731670,,No approved current legacy mapping or target DDL; migration excluded,Not applicable until explicit business mapping exists,Keep source table,False
STOCK_CONCEPT_FUND_FLOW_HIST,17,R_ID,2,646f4b98c7a40d71a5c710d497a585dd55f62769cb1ca92c60987e0c83421568,,No approved current legacy mapping or target DDL; migration excluded,Not applicable until explicit business mapping exists,Keep source table,False
STOCK_CY_A_SPOT_EM,29,R_ID,2838,2899d25c498b2bb6b844cebb086328a11823a050b58dad73b92ab9dfd5ca7edc,,No approved current legacy mapping or target DDL; migration excluded,Not applicable until explicit business mapping exists,Keep source table,False
STOCK_CYQ_EM,15,R_ID,90,6283fadbea9b7a940c93a7171c991dcd54866e78a03b7c0a9b3661c32b3a1122,,No approved current legacy mapping or target DDL; migration excluded,Not applicable until explicit business mapping exists,Keep source table,False
STOCK_DIVIDEND_CNINFO,17,R_ID,27,99c969062590c0498979acda85c4f218ebfbfcc9ddf737a0b4c98c08275b3166,,No approved current legacy mapping or target DDL; migration excluded,Not applicable until explicit business mapping exists,Keep source table,False
STOCK_DXSYL_EM,23,R_ID,3459,f2f3359fdcc582add5ac94aafc79f9bbb0638c1330cbf47260c71721210ec11b,,No approved current legacy mapping or target DDL; migration excluded,Not applicable until explicit business mapping exists,Keep source table,False
STOCK_DZJY_HYGTJ,22,R_ID,2159,d0049ade4012f105b29c5652cfa8344a8b736cfddb5e72d19ed0d39fa9122227,,No approved current legacy mapping or target DDL; migration excluded,Not applicable until explicit business mapping exists,Keep source table,False
STOCK_DZJY_HYYYBTJ,15,R_ID,518,5d49f377b8d987ba84baeac892b3425605c4b7489db25613ce2f15a33983fa1e,,No approved current legacy mapping or target DDL; migration excluded,Not applicable until explicit business mapping exists,Keep source table,False
STOCK_DZJY_MRMX,15,R_ID,6,26c9f842e8dddab1a0dda2be9f8a8ec2af5e17b9dc7101154eb7384a8ff0de65,,No approved current legacy mapping or target DDL; migration excluded,Not applicable until explicit business mapping exists,Keep source table,False
STOCK_DZJY_MRTJ,18,R_ID,45,72b917b5365bcc20605b10941bddbf58bc5b70b04f2839f9591c9978cc83e14b,,No approved current legacy mapping or target DDL; migration excluded,Not applicable until explicit business mapping exists,Keep source table,False
STOCK_DZJY_SCTJ,15,R_ID,9011,1bab9d3e21a54e5e7ca13b72b064b8e96fdc09bd556aeea0ff451e75385a8aa1,,No approved current legacy mapping or target DDL; migration excluded,Not applicable until explicit business mapping exists,Keep source table,False
STOCK_DZJY_YYBPH,20,R_ID,2354,aa38be0a041065ad907b6c289bb8558963f8db4056c15839cfd0612f1456d157,,No approved current legacy mapping or target DDL; migration excluded,Not applicable until explicit business mapping exists,Keep source table,False
STOCK_EBS_LG,10,R_ID,10450,633a5800fb2fea71e5401bfa42142f2ad4f99fa3fbb9dadcf039ee7bfeda5af5,,No approved current legacy mapping or target DDL; migration excluded,Not applicable until explicit business mapping exists,Keep source table,False
STOCK_ESG_HZ_SINA,18,R_ID,12478,9e3d355f795739cd1a6ac38aa7aadbb53b4a8ab30231174c3712d60cd5e3e4f0,,No approved current legacy mapping or target DDL; migration excluded,Not applicable until explicit business mapping exists,Keep source table,False
STOCK_ESG_MSCI_SINA,13,R_ID,10080,64803f4cc63256e24b5cf4c001106482bf1f5ca37e55107b088c0b77b0eb472e,,No approved current legacy mapping or target DDL; migration excluded,Not applicable until explicit business mapping exists,Keep source table,False
STOCK_ESG_RATE_SINA,12,R_ID,3280,7c6e408ea53215b5265c8b2eab1286b6ac8a9e95d75138465574cdd31c396ef7,,No approved current legacy mapping or target DDL; migration excluded,Not applicable until explicit business mapping exists,Keep source table,False
STOCK_ESG_RFT_SINA,19,R_ID,200,2d3f837c8a13e029bef39bddeefdfcfd1cf8ecb7e245561d051b153719496eb8,,No approved current legacy mapping or target DDL; migration excluded,Not applicable until explicit business mapping exists,Keep source table,False
STOCK_ESG_ZD_SINA,12,R_ID,16450,69ae5d27fb39bdf707c391e4f08cc44544f937df2ea96618a51f7d47b0c75266,,No approved current legacy mapping or target DDL; migration excluded,Not applicable until explicit business mapping exists,Keep source table,False
STOCK_FHPS_DETAIL_EM,25,R_ID,24,6645c72d6a552d05d454c27cd617152f4e7f3000c8c1bbb9452e703c6dcb11e0,,No approved current legacy mapping or target DDL; migration excluded,Not applicable until explicit business mapping exists,Keep source table,False
STOCK_FHPS_DETAIL_THS,17,R_ID,48,96bd094ee6abd1485b73586674aebdd73a8dbec4dd051c80cc09056895c5b0c0,,No approved current legacy mapping or target DDL; migration excluded,Not applicable until explicit business mapping exists,Keep source table,False
STOCK_FHPS_EM,24,R_ID,19,a9ec0d0b9c0c179c5844294bc9e85238fa1975262da95f25a29d783d28ee0c0b,,No approved current legacy mapping or target DDL; migration excluded,Not applicable until explicit business mapping exists,Keep source table,False
STOCK_FINANCIAL_ABSTRACT,105,R_ID,160,fc0d3ac9608da7607dc025736b8346b833d998c849cde86c0cb32e11ee40d5ea,,No approved current legacy mapping or target DDL; migration excluded,Not applicable until explicit business mapping exists,Keep source table,False
STOCK_FINANCIAL_ABSTRACT_THS,31,R_ID,220,25c423de20219177364cdbaab0a0ce1d96d240ec01d9c73f18fc0f1d3b97c489,,No approved current legacy mapping or target DDL; migration excluded,Not applicable until explicit business mapping exists,Keep source table,False
STOCK_FINANCIAL_ANALYSIS_INDICATOR,92,R_ID,50,d481248cf22b65b0a3fec86b979b3a700cf8b4f3435665de7e316e1b04ccb1d1,,No approved current legacy mapping or target DDL; migration excluded,Not applicable until explicit business mapping exists,Keep source table,False
STOCK_FINANCIAL_ANALYSIS_INDICATOR_EM,147,R_ID,48,3312bb122c97f80ba85b992ee57f76b3679435fdba10ae743e6d7006da972677,,No approved current legacy mapping or target DDL; migration excluded,Not applicable until explicit business mapping exists,Keep source table,False
STOCK_FINANCIAL_BENEFIT_THS,51,R_ID,220,c9b8ee439d9161181f9ae4ef9eb0111693b5a61ae0f98cdc6590ca03c7e30fa2,,No approved current legacy mapping or target DDL; migration excluded,Not applicable until explicit business mapping exists,Keep source table,False
STOCK_FINANCIAL_CASH_THS,81,R_ID,204,f217a5501d5fdacaea0bcec032625909ed86055b16649723bd6d060632e94086,,No approved current legacy mapping or target DDL; migration excluded,Not applicable until explicit business mapping exists,Keep source table,False
STOCK_FINANCIAL_DEBT_THS,87,R_ID,218,7073967f2743d258bb70dda9db976f1ed9b4455232b63e894b30139c8eec96b1,,No approved current legacy mapping or target DDL; migration excluded,Not applicable until explicit business mapping exists,Keep source table,False
STOCK_FINANCIAL_HK_ANALYSIS_INDICATOR_EM,42,R_ID,18,0ef259671981ae097b3e8f16f32b47db89394c043d61887701bc2dc861279731,,No approved current legacy mapping or target DDL; migration excluded,Not applicable until explicit business mapping exists,Keep source table,False
STOCK_FINANCIAL_HK_REPORT_EM,17,R_ID,2196,be61d0b3e2edcd980b857b10f15753a82e625ac32dc19ad8df1f6a3a354a6427,,No approved current legacy mapping or target DDL; migration excluded,Not applicable until explicit business mapping exists,Keep source table,False
STOCK_FINANCIAL_REPORT_SINA,153,R_ID,232,e5638d03a7e0d51e63394b887c3fa1681887c0e42c942336892febb0d1046699,,No approved current legacy mapping or target DDL; migration excluded,Not applicable until explicit business mapping exists,Keep source table,False
STOCK_FINANCIAL_US_ANALYSIS_INDICATOR_EM,55,R_ID,40,2ce7d09f31956aef1e63f8bd2eb034e976e94f7f053c96bf513b76b4a05a14f2,,No approved current legacy mapping or target DDL; migration excluded,Not applicable until explicit business mapping exists,Keep source table,False
STOCK_FINANCIAL_US_REPORT_EM,15,R_ID,1278,96b81fbaf650a809e2cc5ba7ad4531d343983e03367df4f9dd984ca96c7db2e3,,No approved current legacy mapping or target DDL; migration excluded,Not applicable until explicit business mapping exists,Keep source table,False
STOCK_FUND_FLOW_BIG_DEAL,15,R_ID,4775,ed0579e5484271f897a392ddfe818e328c9a3bc2bb10e6e48ad884062b7633be,,No approved current legacy mapping or target DDL; migration excluded,Not applicable until explicit business mapping exists,Keep source table,False
STOCK_FUND_FLOW_CONCEPT,17,R_ID,771,807638738c542ffddb5f3ae473d8e2e94c14d8cfa6b089f0a860eb87c139178d,,No approved current legacy mapping or target DDL; migration excluded,Not applicable until explicit business mapping exists,Keep source table,False
STOCK_FUND_FLOW_INDIVIDUAL,16,R_ID,5184,a42d2eb65eda3c6bd2e155470778f808f80997da6224e00c41f55341209b9091,,No approved current legacy mapping or target DDL; migration excluded,Not applicable until explicit business mapping exists,Keep source table,False
STOCK_FUND_FLOW_INDUSTRY,17,R_ID,180,807638738c542ffddb5f3ae473d8e2e94c14d8cfa6b089f0a860eb87c139178d,,No approved current legacy mapping or target DDL; migration excluded,Not applicable until explicit business mapping exists,Keep source table,False
STOCK_FUND_STOCK_HOLDER,13,R_ID,1986,d5ef942f997ffa294b5f554d363a3d8dd6dd50efcac8e7767555ad656ade9997,,No approved current legacy mapping or target DDL; migration excluded,Not applicable until explicit business mapping exists,Keep source table,False
STOCK_GDDH_EM,18,R_ID,11306,e451576c11b414b32da3a231adb83940d80c0c0b30de20008f07133b625b9214,,No approved current legacy mapping or target DDL; migration excluded,Not applicable until explicit business mapping exists,Keep source table,False
STOCK_GDFX_FREE_HOLDING_ANALYSE_EM,21,R_ID,500,e3801bf4909f3ea7d2703e519a2d264aafee41556e8755758f452aa59691f712,,No approved current legacy mapping or target DDL; migration excluded,Not applicable until explicit business mapping exists,Keep source table,False
STOCK_GDFX_FREE_HOLDING_CHANGE_EM,17,R_ID,500,919cc0ae204a16a4d426e9bc0524314c9a15927e79738670e9e4c53614ce39c1,,No approved current legacy mapping or target DDL; migration excluded,Not applicable until explicit business mapping exists,Keep source table,False
STOCK_GDFX_FREE_HOLDING_DETAIL_EM,18,R_ID,1000,74b7094a767a4d5a4c0ef62111cfb004c231017e7182aa9065f9064aca7bb695,,No approved current legacy mapping or target DDL; migration excluded,Not applicable until explicit business mapping exists,Keep source table,False
STOCK_GDFX_FREE_HOLDING_STATISTICS_EM,21,R_ID,456,46219c1182d1a70328d7f7913b9870f8adcfc298f9bdbda982942067bb23bb74,,No approved current legacy mapping or target DDL; migration excluded,Not applicable until explicit business mapping exists,Keep source table,False
STOCK_GDFX_FREE_HOLDING_TEAMWORK_EM,13,R_ID,938,59845e605e30ab9b946d1055c226bf14bbf0a3ca5ea53d2de3106f18cc1fa79a,,No approved current legacy mapping or target DDL; migration excluded,Not applicable until explicit business mapping exists,Keep source table,False
STOCK_GDFX_FREE_TOP_10_EM,14,R_ID,20,4b2267efbd513dc739641ca00301926d9e4f6139879c330396cb99b39a2860e0,,No approved current legacy mapping or target DDL; migration excluded,Not applicable until explicit business mapping exists,Keep source table,False
STOCK_GDFX_HOLDING_ANALYSE_EM,21,R_ID,1000,e3801bf4909f3ea7d2703e519a2d264aafee41556e8755758f452aa59691f712,,No approved current legacy mapping or target DDL; migration excluded,Not applicable until explicit business mapping exists,Keep source table,False
STOCK_GDFX_HOLDING_CHANGE_EM,16,R_ID,958,1900d79a1f5dc31e6539d1a4c86cb739a1daab968aef55717565a444d0c922b5,,No approved current legacy mapping or target DDL; migration excluded,Not applicable until explicit business mapping exists,Keep source table,False
STOCK_GDFX_HOLDING_DETAIL_EM,19,R_ID,100,1bae6c2e66e4c853d50797f74e2ebdfc534554e40fdbc7e70ac0afb728c39f7e,,No approved current legacy mapping or target DDL; migration excluded,Not applicable until explicit business mapping exists,Keep source table,False
STOCK_GDFX_HOLDING_STATISTICS_EM,21,R_ID,496,46219c1182d1a70328d7f7913b9870f8adcfc298f9bdbda982942067bb23bb74,,No approved current legacy mapping or target DDL; migration excluded,Not applicable until explicit business mapping exists,Keep source table,False
STOCK_GDFX_HOLDING_TEAMWORK_EM,13,R_ID,942,59845e605e30ab9b946d1055c226bf14bbf0a3ca5ea53d2de3106f18cc1fa79a,,No approved current legacy mapping or target DDL; migration excluded,Not applicable until explicit business mapping exists,Keep source table,False
STOCK_GDFX_TOP_10_EM,13,R_ID,20,383f9b817ca14025653c6d90b0a8384eb9c1e32696bc0aace471f2551ca0bbc2,,No approved current legacy mapping or target DDL; migration excluded,Not applicable until explicit business mapping exists,Keep source table,False
STOCK_GGCG_EM,22,R_ID,1000,60e0bb8272d60147412b7c53f16776e9dc55789533f192aaa7acc31851bfc269,,No approved current legacy mapping or target DDL; migration excluded,Not applicable until explicit business mapping exists,Keep source table,False
STOCK_GPZY_DISTRIBUTE_STATISTICS_BANK_EM,21,R_ID,84,31c37c7337ebdd1bfcfa412d801a8c83c1ceef490e88b304b45598c2985f4368,,No approved current legacy mapping or target DDL; migration excluded,Not applicable until explicit business mapping exists,Keep source table,False
STOCK_GPZY_DISTRIBUTE_STATISTICS_COMPANY_EM,21,R_ID,82,31c37c7337ebdd1bfcfa412d801a8c83c1ceef490e88b304b45598c2985f4368,,No approved current legacy mapping or target DDL; migration excluded,Not applicable until explicit business mapping exists,Keep source table,False
STOCK_GPZY_INDUSTRY_DATA_EM,14,R_ID,254,1796fffd4770987eabc43e134627da84a7a0fa6c40825ecabf9e746c20c16fc4,,No approved current legacy mapping or target DDL; migration excluded,Not applicable until explicit business mapping exists,Keep source table,False
STOCK_GPZY_PLEDGE_RATIO_DETAIL_EM,21,R_ID,1000,19c68b5394b2047d039de64de790ab8bfaf880aa2a37af94e6cf479fc6f32597,,No approved current legacy mapping or target DDL; migration excluded,Not applicable until explicit business mapping exists,Keep source table,False
STOCK_GPZY_PLEDGE_RATIO_EM,19,R_ID,4478,38dcf0f13f8b6739bd0b95eacaf0edd550e3460e57a3ce6ccf8fdac4cb183013,,No approved current legacy mapping or target DDL; migration excluded,Not applicable until explicit business mapping exists,Keep source table,False
STOCK_GPZY_PROFILE_EM,14,R_ID,1256,6fbd428cd03c30f1572924893a310111b2d0c9ecc043d14d627e2e45f17d7409,,No approved current legacy mapping or target DDL; migration excluded,Not applicable until explicit business mapping exists,Keep source table,False
STOCK_GSRL_GSDT_EM,12,R_ID,83,bb53728d0c123909c7c42f39a1dbf46f3817abbcc75083f0929dc8ffc159a962,,No approved current legacy mapping or target DDL; migration excluded,Not applicable until explicit business mapping exists,Keep source table,False
STOCK_HISTORY_DIVIDEND,14,R_ID,11447,5c01bfa0664982d2771d6f1d6e46226545dcdcdb5c9f45c7672246bdc4d934eb,,No approved current legacy mapping or target DDL; migration excluded,Not applicable until explicit business mapping exists,Keep source table,False
STOCK_HISTORY_DIVIDEND_DETAIL,14,R_ID,72,eec58eaeb79698d2e1760946664d39b6699bbe68361bda13ad596a93311eb319,,No approved current legacy mapping or target DDL; migration excluded,Not applicable until explicit business mapping exists,Keep source table,False
STOCK_HK_COMPANY_PROFILE_EM,23,R_ID,2,9deac39d99fdff589a8fde0f6a7eb1730b296487c1bc5e0db1ee830403991d38,,No approved current legacy mapping or target DDL; migration excluded,Not applicable until explicit business mapping exists,Keep source table,False
STOCK_HK_DAILY,13,R_ID,11076,261ea83f39d71233d391742e32da7e4049ee4c801443a298be84a76e8062b89b,,No approved current legacy mapping or target DDL; migration excluded,Not applicable until explicit business mapping exists,Keep source table,False
STOCK_HK_DIVIDEND_PAYOUT_EM,13,R_ID,38,0ccd1ac91634f49a48c7623fa3933a537743222cac95b378455f36ac150817c1,,No approved current legacy mapping or target DDL; migration excluded,Not applicable until explicit business mapping exists,Keep source table,False
STOCK_HK_FAMOUS_SPOT_EM,18,R_ID,200,53eeec3bb03b89b07bfa5c9440b25d91988a2aabf7f1e12ab4b7e83da01b04f6,,No approved current legacy mapping or target DDL; migration excluded,Not applicable until explicit business mapping exists,Keep source table,False
STOCK_HK_FHPX_DETAIL_THS,15,R_ID,186,f6e5341260010a4b59a5980ac458e8397adf67bb6380d22009ee3f02648dff8f,,No approved current legacy mapping or target DDL; migration excluded,Not applicable until explicit business mapping exists,Keep source table,False
STOCK_HK_FINANCIAL_INDICATOR_EM,27,R_ID,2,8bbed37976d875c938ba902c2329980e6f718a4f3a72a590da1f9d36c9bd402d,,No approved current legacy mapping or target DDL; migration excluded,Not applicable until explicit business mapping exists,Keep source table,False
STOCK_HK_GGT_COMPONENTS_EM,18,R_ID,1223,53eeec3bb03b89b07bfa5c9440b25d91988a2aabf7f1e12ab4b7e83da01b04f6,,No approved current legacy mapping or target DDL; migration excluded,Not applicable until explicit business mapping exists,Keep source table,False
STOCK_HK_GROWTH_COMPARISON_EM,16,R_ID,2,ff405493da579688f0d8c14da34ba25ddff1bc19eaf85e5684d07dba8d91cc01,,No approved current legacy mapping or target DDL; migration excluded,Not applicable until explicit business mapping exists,Keep source table,False
STOCK_HK_GXL_LG,8,R_ID,1275,038f2f9e9f45be82f2addacff734f50847aeebdfa91f44cb2b17e114d96354ff,,No approved current legacy mapping or target DDL; migration excluded,Not applicable until explicit business mapping exists,Keep source table,False
STOCK_HK_HIST,17,R_ID,2,938f2604bf78ac73f9b6b0292446fe4c745351da07fafca06c167314543dab1d,,No approved current legacy mapping or target DDL; migration excluded,Not applicable until explicit business mapping exists,Keep source table,False
STOCK_HK_HIST_MIN_EM,15,R_ID,662,99b5f167d5eca60dd0946697736ad6402d21670f7e557b4aa3edf1ac57c8b0d0,,No approved current legacy mapping or target DDL; migration excluded,Not applicable until explicit business mapping exists,Keep source table,False
STOCK_HK_HOT_RANK_DETAIL_EM,9,R_ID,240,948bec046288c48558a7b6ab36bd0cd50ae2364aee73b5efabfcbb75745eb656,,No approved current legacy mapping or target DDL; migration excluded,Not applicable until explicit business mapping exists,Keep source table,False
STOCK_HK_HOT_RANK_DETAIL_REALTIME_EM,8,R_ID,86,cab867d4527690b5d5cea7f8dac20b6e4babe4d07ca8febd14def5f742100083,,No approved current legacy mapping or target DDL; migration excluded,Not applicable until explicit business mapping exists,Keep source table,False
STOCK_HK_HOT_RANK_EM,11,R_ID,200,f5a8a2fb357c2e19e0453e9ebdf0b261bfe3278a2f86b1e7245ac07b1c39d4e2,,No approved current legacy mapping or target DDL; migration excluded,Not applicable until explicit business mapping exists,Keep source table,False
STOCK_HK_HOT_RANK_LATEST_EM,8,R_ID,20,9cca084f454bb83e2a0ce970e2fa5ba9e0847c9179864e316132dc4b4a23599a,,No approved current legacy mapping or target DDL; migration excluded,Not applicable until explicit business mapping exists,Keep source table,False
STOCK_HK_INDEX_DAILY_EM,13,R_ID,1277,7cf4dcfa5f4d11fd944a8ff4c84f316437a184044a4ed5f7fe6d573ae77d50c5,,No approved current legacy mapping or target DDL; migration excluded,Not applicable until explicit business mapping exists,Keep source table,False
STOCK_HK_INDEX_DAILY_SINA,14,R_ID,14606,507e7700ce676582886af67d2d3c52f5d9e78145cce054382b83440cce3bdb79,,No approved current legacy mapping or target DDL; migration excluded,Not applicable until explicit business mapping exists,Keep source table,False
STOCK_HK_INDEX_SPOT_EM,20,R_ID,718,a212cbdc9acc496bbd1f70d0024e5d8664039b2f999adca69b8c3024cf704161,,No approved current legacy mapping or target DDL; migration excluded,Not applicable until explicit business mapping exists,Keep source table,False
STOCK_HK_INDEX_SPOT_SINA,17,R_ID,76,e319dfaa7d2485706f8aba690823ef89371d9141a7bd053513ffd60ff9b476ae,,No approved current legacy mapping or target DDL; migration excluded,Not applicable until explicit business mapping exists,Keep source table,False
STOCK_HK_INDICATOR_ENIU,9,R_ID,7347,4a1dfa78fe8601c343bd9b29c4fedb0eb40b01bec8574954db61d3df63137f40,,No approved current legacy mapping or target DDL; migration excluded,Not applicable until explicit business mapping exists,Keep source table,False
STOCK_HK_MAIN_BOARD_SPOT_EM,18,R_ID,5094,2a89e23347b8189c6b74664696011c859abddf99145456ae01b514343f1dcf5b,,No approved current legacy mapping or target DDL; migration excluded,Not applicable until explicit business mapping exists,Keep source table,False
STOCK_HK_PROFIT_FORECAST_ET,14,R_ID,112,4f403193055a05bc36e44fa6c0a1ca27e2c81977e656b64aaa60e8b7fcd4ae8d,,No approved current legacy mapping or target DDL; migration excluded,Not applicable until explicit business mapping exists,Keep source table,False
STOCK_HK_SCALE_COMPARISON_EM,16,R_ID,2,be718220ccd95a7d8a2798a139f2f91e23749a7845a91e2c47bd5eeaca81bb5b,,No approved current legacy mapping or target DDL; migration excluded,Not applicable until explicit business mapping exists,Keep source table,False
STOCK_HK_SECURITY_PROFILE_EM,20,R_ID,2,6ce69c8eb75b4210ead7eaef2d514bce3c447cfeb3e713fa85fb0254585233ad,,No approved current legacy mapping or target DDL; migration excluded,Not applicable until explicit business mapping exists,Keep source table,False
STOCK_HK_SPOT,22,R_ID,5534,c0bf7aed8876c24ec4f795cdff448f9d3d1cf3a3d13617dfe558140122d96212,,No approved current legacy mapping or target DDL; migration excluded,Not applicable until explicit business mapping exists,Keep source table,False
STOCK_HK_SPOT_EM,18,R_ID,9219,2a89e23347b8189c6b74664696011c859abddf99145456ae01b514343f1dcf5b,,No approved current legacy mapping or target DDL; migration excluded,Not applicable until explicit business mapping exists,Keep source table,False
STOCK_HK_VALUATION_BAIDU,8,R_ID,730,dbd6c484f702500fbdde234a4d872951e2bfb0e26547042888712c4ff03fd6da,,No approved current legacy mapping or target DDL; migration excluded,Not applicable until explicit business mapping exists,Keep source table,False
STOCK_HK_VALUATION_COMPARISON_EM,24,R_ID,2,a6274199b25aa964fba26dfdbc457b5c5764f9a2b21b9d1f38b5a57f794bd827,,No approved current legacy mapping or target DDL; migration excluded,Not applicable until explicit business mapping exists,Keep source table,False
STOCK_HOLD_CHANGE_CNINFO,16,R_ID,10732,1d794fde8e1e1797a590ddff24f9132762929d984d8fed453404d37ac555891b,,No approved current legacy mapping or target DDL; migration excluded,Not applicable until explicit business mapping exists,Keep source table,False
STOCK_HOLD_CONTROL_CNINFO,14,R_ID,11253,3aa1f747c92105604e3867d13b1e0d5b204eddb11a1709c2af2e210334921a6a,,No approved current legacy mapping or target DDL; migration excluded,Not applicable until explicit business mapping exists,Keep source table,False
STOCK_HOLD_MANAGEMENT_DETAIL_CNINFO,22,R_ID,20885,0057ef8668dcdd0b29042b10da8960124c814f78372c0edb16444d864fb83c3d,,No approved current legacy mapping or target DDL; migration excluded,Not applicable until explicit business mapping exists,Keep source table,False
STOCK_HOLD_MANAGEMENT_DETAIL_EM,22,R_ID,5014,e01b260ca727d3078f606a7791f6edbeb24e773a0dd35872f26129d4cbb38db3,,No approved current legacy mapping or target DDL; migration excluded,Not applicable until explicit business mapping exists,Keep source table,False
STOCK_HOLD_MANAGEMENT_PERSON_EM,22,R_ID,8,23d4e2ea1f6a169a081812040dfb766345990d0cdb60b5cedc665b5190435f07,,No approved current legacy mapping or target DDL; migration excluded,Not applicable until explicit business mapping exists,Keep source table,False
STOCK_HOLD_NUM_CNINFO,15,R_ID,10530,3e3914b7ae863b1cbbe5a89d43884325a1843746a1148ad89440763b7371252a,,No approved current legacy mapping or target DDL; migration excluded,Not applicable until explicit business mapping exists,Keep source table,False
STOCK_HOT_DEAL_XQ,10,R_ID,400,8f1a24a18e948516c6f7b4d27317b7e76b37ee13948147a8a97ff99bb3e58f16,,No approved current legacy mapping or target DDL; migration excluded,Not applicable until explicit business mapping exists,Keep source table,False
STOCK_HOT_FOLLOW_XQ,10,R_ID,7777,3afc12c8d8ac6323a8de82bc8933901c47efe53b3815443ed0e7c8b469bfdc0a,,No approved current legacy mapping or target DDL; migration excluded,Not applicable until explicit business mapping exists,Keep source table,False
STOCK_HOT_KEYWORD_EM,11,R_ID,9,a2c648efc9edf26d054f662fc6ee76512a11fe5868c5c2c3934d4dba41efa468,,No approved current legacy mapping or target DDL; migration excluded,Not applicable until explicit business mapping exists,Keep source table,False
STOCK_HOT_RANK_DETAIL_EM,11,R_ID,732,04ad97129b46be4ea3a4353d874960db41fb679e4488a51ddf9d56877348054d,,No approved current legacy mapping or target DDL; migration excluded,Not applicable until explicit business mapping exists,Keep source table,False
STOCK_HOT_RANK_DETAIL_REALTIME_EM,8,R_ID,86,cab867d4527690b5d5cea7f8dac20b6e4babe4d07ca8febd14def5f742100083,,No approved current legacy mapping or target DDL; migration excluded,Not applicable until explicit business mapping exists,Keep source table,False
STOCK_HOT_RANK_EM,12,R_ID,200,d9786eda5b238767dbc5fec8b176f9b9449567947146e35acaeddee294bd13c4,,No approved current legacy mapping or target DDL; migration excluded,Not applicable until explicit business mapping exists,Keep source table,False
STOCK_HOT_RANK_LATEST_EM,8,R_ID,20,9cca084f454bb83e2a0ce970e2fa5ba9e0847c9179864e316132dc4b4a23599a,,No approved current legacy mapping or target DDL; migration excluded,Not applicable until explicit business mapping exists,Keep source table,False
STOCK_HOT_RANK_RELATE_EM,10,R_ID,20,c2d30b854476763bb161f0f1fe771e62308b8d1c2448bfa4490f8ae6695ee595,,No approved current legacy mapping or target DDL; migration excluded,Not applicable until explicit business mapping exists,Keep source table,False
STOCK_HOT_SEARCH_BAIDU,9,R_ID,24,07e23c41a30063ff878e1fe7ce5988deaf1d57c629880fd82cdd0983407cf25c,,No approved current legacy mapping or target DDL; migration excluded,Not applicable until explicit business mapping exists,Keep source table,False
STOCK_HOT_TWEET_XQ,10,R_ID,400,8f1a24a18e948516c6f7b4d27317b7e76b37ee13948147a8a97ff99bb3e58f16,,No approved current legacy mapping or target DDL; migration excluded,Not applicable until explicit business mapping exists,Keep source table,False
STOCK_HOT_UP_EM,13,R_ID,100,4aa43cb26a5ec678f4108c6142430c2c079477d7c1ef5dcbc5ee017d829291af,,No approved current legacy mapping or target DDL; migration excluded,Not applicable until explicit business mapping exists,Keep source table,False
STOCK_HSGT_BOARD_RANK_EM,43,R_ID,500,5d0b804695109ec9cef5586e6feff78752def6b3acd349a3f875d4f6a3917db6,,No approved current legacy mapping or target DDL; migration excluded,Not applicable until explicit business mapping exists,Keep source table,False
STOCK_HSGT_FUND_FLOW_SUMMARY_EM,19,R_ID,8,8cc320ada0ddead8c98d23a9fd68d23ee1bb65329626ef3ae61c09719c663813,,No approved current legacy mapping or target DDL; migration excluded,Not applicable until explicit business mapping exists,Keep source table,False
STOCK_HSGT_FUND_MIN_EM,11,R_ID,482,bfc97f0385f6906ff98d5139037f35eed7e74831dd1865d4b0b3b58b80a57110,,No approved current legacy mapping or target DDL; migration excluded,Not applicable until explicit business mapping exists,Keep source table,False
STOCK_HSGT_HIST_EM,19,R_ID,5270,e7915cd4b3441702ecd79a5ff0ef0daedc90d8787aaca0d5e3c8909ca5b15487,,No approved current legacy mapping or target DDL; migration excluded,Not applicable until explicit business mapping exists,Keep source table,False
STOCK_HSGT_HOLD_STOCK_EM,39,R_ID,302,ab91dadeed493fdcfaf4b35fa8a5472ce659b714a5850c30a77a8513b3625edc,,No approved current legacy mapping or target DDL; migration excluded,Not applicable until explicit business mapping exists,Keep source table,False
STOCK_HSGT_INDIVIDUAL_DETAIL_EM,17,R_ID,1666,d6e54b198239ffd76a62b8fd99e139c84fb665a11e04be54b4c4c979c5b122fa,,No approved current legacy mapping or target DDL; migration excluded,Not applicable until explicit business mapping exists,Keep source table,False
STOCK_HSGT_INDIVIDUAL_EM,15,R_ID,3395,6d83e8e73aae0ec53c57890edf3e6ce9b547a283d04ff0ac6a6c4c8112ce58ff,,No approved current legacy mapping or target DDL; migration excluded,Not applicable until explicit business mapping exists,Keep source table,False
STOCK_HSGT_INSTITUTION_STATISTICS_EM,15,R_ID,152,d553b02b8217aa7e8207393e8daba1bdd011795a17e11c691b825bda3bdfe03d,,No approved current legacy mapping or target DDL; migration excluded,Not applicable until explicit business mapping exists,Keep source table,False
STOCK_HSGT_SH_HK_SPOT_EM,18,R_ID,1223,2a89e23347b8189c6b74664696011c859abddf99145456ae01b514343f1dcf5b,,No approved current legacy mapping or target DDL; migration excluded,Not applicable until explicit business mapping exists,Keep source table,False
STOCK_HSGT_STOCK_STATISTICS_EM,17,R_ID,1659,f9325717094f4ecec773fb673a189b11714a52f731a8edaa02610f2457aa577f,,No approved current legacy mapping or target DDL; migration excluded,Not applicable until explicit business mapping exists,Keep source table,False
STOCK_INDEX_PB_LG,11,R_ID,10262,b610d8abeccd5472fbdb8304aba3480cc7ee7dd02db0b3f9ba1eee9e002d7112,,No approved current legacy mapping or target DDL; migration excluded,Not applicable until explicit business mapping exists,Keep source table,False
STOCK_INDEX_PE_LG,14,R_ID,10105,5551e26a30759a691fe6323e9edfc220587e19df30d032270793918a3c1d7391,,No approved current legacy mapping or target DDL; migration excluded,Not applicable until explicit business mapping exists,Keep source table,False
STOCK_INDIVIDUAL_BASIC_INFO_HK_XQ,8,R_ID,40,9cca084f454bb83e2a0ce970e2fa5ba9e0847c9179864e316132dc4b4a23599a,,No approved current legacy mapping or target DDL; migration excluded,Not applicable until explicit business mapping exists,Keep source table,False
STOCK_INDIVIDUAL_BASIC_INFO_US_XQ,8,R_ID,68,9cca084f454bb83e2a0ce970e2fa5ba9e0847c9179864e316132dc4b4a23599a,,No approved current legacy mapping or target DDL; migration excluded,Not applicable until explicit business mapping exists,Keep source table,False
STOCK_INDIVIDUAL_BASIC_INFO_XQ,8,R_ID,78,9cca084f454bb83e2a0ce970e2fa5ba9e0847c9179864e316132dc4b4a23599a,,No approved current legacy mapping or target DDL; migration excluded,Not applicable until explicit business mapping exists,Keep source table,False
STOCK_INDIVIDUAL_FUND_FLOW,19,R_ID,120,1c69f397c4827a44e635bac6fe19a8d298aa9ba119d9fd852ae9a559783b2832,,No approved current legacy mapping or target DDL; migration excluded,Not applicable until explicit business mapping exists,Keep source table,False
STOCK_INDIVIDUAL_FUND_FLOW_RANK,22,R_ID,10481,1f30778b37a66e20c67930e85dc504035e4e2294551ba9705f918cc3a4452a4b,,No approved current legacy mapping or target DDL; migration excluded,Not applicable until explicit business mapping exists,Keep source table,False
STOCK_INDIVIDUAL_INFO_EM,8,R_ID,18,9cca084f454bb83e2a0ce970e2fa5ba9e0847c9179864e316132dc4b4a23599a,,No approved current legacy mapping or target DDL; migration excluded,Not applicable until explicit business mapping exists,Keep source table,False
STOCK_INDIVIDUAL_SPOT_XQ,8,R_ID,74,9cca084f454bb83e2a0ce970e2fa5ba9e0847c9179864e316132dc4b4a23599a,,No approved current legacy mapping or target DDL; migration excluded,Not applicable until explicit business mapping exists,Keep source table,False
STOCK_INDUSTRY_CATEGORY_CNINFO,14,R_ID,588,b5cecb9d7331f0179ddc09f4b17cb97bad7c02a32974244c2069b8495d83a8fb,,No approved current legacy mapping or target DDL; migration excluded,Not applicable until explicit business mapping exists,Keep source table,False
STOCK_INDUSTRY_CHANGE_CNINFO,17,R_ID,24,2a185edf3ea168189b27c60ac61a903aa141dcee6141c7b5b7b840e0f9e9bd7f,,No approved current legacy mapping or target DDL; migration excluded,Not applicable until explicit business mapping exists,Keep source table,False
STOCK_INDUSTRY_CLF_HIST_SW,9,R_ID,25707,677b3d3409b4a5678c7e36b4ec849feacb6c2dc049d4972d8c5a0a1818a0fd72,,No approved current legacy mapping or target DDL; migration excluded,Not applicable until explicit business mapping exists,Keep source table,False
STOCK_INDUSTRY_PE_RATIO_CNINFO,16,R_ID,826,13717532a3575fa6af610ef5f9e8a6a27d9bdb2af86650a1b9bc631e91d40cf5,,No approved current legacy mapping or target DDL; migration excluded,Not applicable until explicit business mapping exists,Keep source table,False
STOCK_INFO_A_CODE_NAME,7,R_ID,10913,ff828a924eeb35292d753dd5322ec94366d070ae086ec6f0ee00a877a7524ed4,,No approved current legacy mapping or target DDL; migration excluded,Not applicable until explicit business mapping exists,Keep source table,False
STOCK_INFO_BJ_NAME_CODE,14,R_ID,645,c7389a4dba29aa284e5eb8dae3d6a8ffdd3682580f58df92d403c14dddea569b,,No approved current legacy mapping or target DDL; migration excluded,Not applicable until explicit business mapping exists,Keep source table,False
STOCK_INFO_CHANGE_NAME,7,R_ID,14,8dfc38b08714aa6a508cdb57f0c0ef55cb57be1b7095a560b1c24dfde45a2883,,No approved current legacy mapping or target DDL; migration excluded,Not applicable until explicit business mapping exists,Keep source table,False
STOCK_INFO_CJZC_EM,10,R_ID,798,7d7d977a16156e73087f90d3dc32cb635b5938771199843a8177c85bdca1b3ba,,No approved current legacy mapping or target DDL; migration excluded,Not applicable until explicit business mapping exists,Keep source table,False
STOCK_INFO_GLOBAL_CLS,10,R_ID,40,77aae774f1cb48bdd1cbdfee35ce249b72ae8fcfddf861f2897ea697dc25f910,,No approved current legacy mapping or target DDL; migration excluded,Not applicable until explicit business mapping exists,Keep source table,False
STOCK_INFO_GLOBAL_EM,10,R_ID,400,7d7d977a16156e73087f90d3dc32cb635b5938771199843a8177c85bdca1b3ba,,No approved current legacy mapping or target DDL; migration excluded,Not applicable until explicit business mapping exists,Keep source table,False
STOCK_INFO_GLOBAL_FUTU,10,R_ID,100,451deafd8b06f07437b86362e64074011decf1d1d464344ad6945ba4b00588ef,,No approved current legacy mapping or target DDL; migration excluded,Not applicable until explicit business mapping exists,Keep source table,False
STOCK_INFO_GLOBAL_SINA,8,R_ID,40,bd5d732fb5faecb7114ee8f6606a423af281f0952db51b89bb3aed8561a3b6db,,No approved current legacy mapping or target DDL; migration excluded,Not applicable until explicit business mapping exists,Keep source table,False
STOCK_INFO_GLOBAL_THS,10,R_ID,40,451deafd8b06f07437b86362e64074011decf1d1d464344ad6945ba4b00588ef,,No approved current legacy mapping or target DDL; migration excluded,Not applicable until explicit business mapping exists,Keep source table,False
STOCK_INFO_SH_DELIST,10,R_ID,310,d5fd72d2783bcb346c8a48f02a7b149002c6aacca0cf0ab56c7759c4b241f2d9,,No approved current legacy mapping or target DDL; migration excluded,Not applicable until explicit business mapping exists,Keep source table,False
STOCK_INFO_SH_NAME_CODE,12,R_ID,3281,e4bdd87913de82de801b107e5efdd2ee650b98fbe2c65eb96bc3fafa17c64a99,,No approved current legacy mapping or target DDL; migration excluded,Not applicable until explicit business mapping exists,Keep source table,False
STOCK_INFO_SZ_CHANGE_NAME,11,R_ID,3494,69e2f8bde86ca5ab49c92debb86989bc0fea879b1105f7e70b1b47f6033faab1,,No approved current legacy mapping or target DDL; migration excluded,Not applicable until explicit business mapping exists,Keep source table,False
STOCK_INFO_SZ_DELIST,10,R_ID,408,f7927a9707dee7f5566b655c9e9946ba99c48d88bd61bb4aac07ef069e692f22,,No approved current legacy mapping or target DDL; migration excluded,Not applicable until explicit business mapping exists,Keep source table,False
STOCK_INFO_SZ_NAME_CODE,13,R_ID,5805,3b086e7a321f33c740c34edb882e8b9f93f75a6ffd4d18b34672e4bf7f62b7f7,,No approved current legacy mapping or target DDL; migration excluded,Not applicable until explicit business mapping exists,Keep source table,False
STOCK_INNER_TRADE_XQ,15,R_ID,44730,8d568ce837e4464e4479906f9158e99652958aacff6bce1b7e8040406fa3b023,,No approved current legacy mapping or target DDL; migration excluded,Not applicable until explicit business mapping exists,Keep source table,False
STOCK_INSTITUTE_HOLD,14,R_ID,1210,2fd8479ad6b707902dd68caff23f8c0a1ef11bf6a7cdcc0154248b6334b3269f,,No approved current legacy mapping or target DDL; migration excluded,Not applicable until explicit business mapping exists,Keep source table,False
STOCK_INSTITUTE_HOLD_DETAIL,18,R_ID,8,8bc986234def5156274d0f114f7828c3e2317f9911b0405e6eb7a15653294e68,,No approved current legacy mapping or target DDL; migration excluded,Not applicable until explicit business mapping exists,Keep source table,False
STOCK_INSTITUTE_RECOMMEND,14,R_ID,9890,2a139bad117fb87aa4ba08878d012cf9a4e488be7848a9df3a0172902f269a84,,No approved current legacy mapping or target DDL; migration excluded,Not applicable until explicit business mapping exists,Keep source table,False
STOCK_INSTITUTE_RECOMMEND_DETAIL,14,R_ID,1136,ef61804ca0b5605fbdadf9a86bc038d300c0893eef5f957026969fe15eab42b5,,No approved current legacy mapping or target DDL; migration excluded,Not applicable until explicit business mapping exists,Keep source table,False
STOCK_INTRADAY_EM,10,R_ID,7644,eeaed8a1deaab8ace4512cec1ffd9f33582aed0eb69cee2132d879d86a178b8b,,No approved current legacy mapping or target DDL; migration excluded,Not applicable until explicit business mapping exists,Keep source table,False
STOCK_INTRADAY_SINA,11,R_ID,1877,4569cc9fe8f8353bca15f468ccb5e2f1c6b9bf94f3d7c50132edaa88ca6f1088,,No approved current legacy mapping or target DDL; migration excluded,Not applicable until explicit business mapping exists,Keep source table,False
STOCK_IPO_DECLARE,16,R_ID,3873,daf76e3c15fdfcd4b6d8a630a72d4bbc7685dfb47437204656393788c0bfc176,,No approved current legacy mapping or target DDL; migration excluded,Not applicable until explicit business mapping exists,Keep source table,False
STOCK_IPO_INFO,8,R_ID,34,9cca084f454bb83e2a0ce970e2fa5ba9e0847c9179864e316132dc4b4a23599a,,No approved current legacy mapping or target DDL; migration excluded,Not applicable until explicit business mapping exists,Keep source table,False
STOCK_IPO_SUMMARY_CNINFO,21,R_ID,0,807edcfaaa643411f41dde57555eecf30f4d7bdfcd4f68770eae832691e93602,,No approved current legacy mapping or target DDL; migration excluded,Not applicable until explicit business mapping exists,Keep source table,False
STOCK_IRM_ANS_CNINFO,13,R_ID,2,8a9aefe70b3838690e7b6793d1081178ff7c8793014dc388ced69801721f6231,,No approved current legacy mapping or target DDL; migration excluded,Not applicable until explicit business mapping exists,Keep source table,False
STOCK_IRM_CNINFO,20,R_ID,582,7b4335d68466e30583123369f2182d65b9a19eaccfc9bd10d0e51a81480d9abc,,No approved current legacy mapping or target DDL; migration excluded,Not applicable until explicit business mapping exists,Keep source table,False
STOCK_JGDY_DETAIL_EM,19,R_ID,300,02204ff48f4561a1f4e500504eb5bd281adfb8c092782ee8573e4cd295479bf9,,No approved current legacy mapping or target DDL; migration excluded,Not applicable until explicit business mapping exists,Keep source table,False
STOCK_JGDY_TJ_EM,17,R_ID,2878,2dbb33491601629ab167b4768027fe04f91fcf6c999d9d0f4e96186c5bc2709c,,No approved current legacy mapping or target DDL; migration excluded,Not applicable until explicit business mapping exists,Keep source table,False
STOCK_JS_WEIBO_REPORT,7,R_ID,100,58864b110e393b3330c0fcf6cd1f144e605b30885d5a18c872c4a45bee4f322f,,No approved current legacy mapping or target DDL; migration excluded,Not applicable until explicit business mapping exists,Keep source table,False
STOCK_KC_A_SPOT_EM,29,R_ID,1227,2899d25c498b2bb6b844cebb086328a11823a050b58dad73b92ab9dfd5ca7edc,,No approved current legacy mapping or target DDL; migration excluded,Not applicable until explicit business mapping exists,Keep source table,False
STOCK_LH_YYB_CAPITAL,13,R_ID,318,88943c911793d70a3a73f1a97e1985c475fbb6c0d9f595791caa1b638656c56a,,No approved current legacy mapping or target DDL; migration excluded,Not applicable until explicit business mapping exists,Keep source table,False
STOCK_LH_YYB_CONTROL,12,R_ID,417,807cfbfbf4ef30fd234790f94fdca437d643b4e30b7ef8f97416150da16b6b46,,No approved current legacy mapping or target DDL; migration excluded,Not applicable until explicit business mapping exists,Keep source table,False
STOCK_LH_YYB_MOST,13,R_ID,318,313016869b13faae88c6060bbab371354e43d831a958455b16d10a109afa6d36,,No approved current legacy mapping or target DDL; migration excluded,Not applicable until explicit business mapping exists,Keep source table,False
STOCK_LHB_DETAIL_DAILY_SINA,14,R_ID,110,ec42c11e5cb08171d547effbc9e7d1f85200e5ecb068addfc18dde0ff172512c,,No approved current legacy mapping or target DDL; migration excluded,Not applicable until explicit business mapping exists,Keep source table,False
STOCK_LHB_DETAIL_EM,27,R_ID,4353,3c4330818fa5b7267727238933e4c2da0ccdd80f67712776326477247f1e47b2,,No approved current legacy mapping or target DDL; migration excluded,Not applicable until explicit business mapping exists,Keep source table,False
STOCK_LHB_GGTJ_SINA,14,R_ID,671,f90e5b57baf264f822fc060a0392c0fe9fd346c7224109afda8822c48f59098d,,No approved current legacy mapping or target DDL; migration excluded,Not applicable until explicit business mapping exists,Keep source table,False
STOCK_LHB_HYYYB_EM,16,R_ID,552,3f3593fad9e5f7ddadb818909ce079f323df468950ab905cf78ce05d1fa3a035,,No approved current legacy mapping or target DDL; migration excluded,Not applicable until explicit business mapping exists,Keep source table,False
STOCK_LHB_JGMMTJ_EM,22,R_ID,764,6198a4b4b01b0669772011eb41839e128ff1ad539233ee1c1d36f80ff59622ee,,No approved current legacy mapping or target DDL; migration excluded,Not applicable until explicit business mapping exists,Keep source table,False
STOCK_LHB_JGMX_SINA,12,R_ID,467,c9181e93845ea761ddef78eb686e454a8f9a3e6aa3d56e4257f1f4c6d492fd1e,,No approved current legacy mapping or target DDL; migration excluded,Not applicable until explicit business mapping exists,Keep source table,False
STOCK_LHB_JGSTATISTIC_EM,22,R_ID,1279,37fe821a0fc389759311efbfd2cd8b7e20119dea73d04799daa090de9be80dc2,,No approved current legacy mapping or target DDL; migration excluded,Not applicable until explicit business mapping exists,Keep source table,False
STOCK_LHB_JGZZ_SINA,13,R_ID,442,debcd05ef6f0f45edf66b97058f83922945addb504195f95ef3051a6511acbc2,,No approved current legacy mapping or target DDL; migration excluded,Not applicable until explicit business mapping exists,Keep source table,False
STOCK_LHB_STOCK_DETAIL_DATE_EM,9,R_ID,146,fbea21c89d073b1781209c5be2dcae5797258de9f586ebf12f49d2b896134aba,,No approved current legacy mapping or target DDL; migration excluded,Not applicable until explicit business mapping exists,Keep source table,False
STOCK_LHB_STOCK_DETAIL_EM,14,R_ID,20,4e0448bc108dd6bd25db7871e714020d653410009010dce3be38f1c3ef2f3b93,,No approved current legacy mapping or target DDL; migration excluded,Not applicable until explicit business mapping exists,Keep source table,False
STOCK_LHB_STOCK_STATISTIC_EM,26,R_ID,1758,ec89a66e501f31c52d4444cfc47c57053207bf9842433f513f4dd479bb9e14e5,,No approved current legacy mapping or target DDL; migration excluded,Not applicable until explicit business mapping exists,Keep source table,False
STOCK_LHB_TRADERSTATISTIC_EM,14,R_ID,2625,3808d65077a598896e988e6fe15da91cf951372880433b63d294260bd46e7edb,,No approved current legacy mapping or target DDL; migration excluded,Not applicable until explicit business mapping exists,Keep source table,False
STOCK_LHB_YYB_DETAIL_EM,25,R_ID,208,53447ada48b523e0a7480b7091de44a682052beb79d5d6f1c8e8129521a1dbb5,,No approved current legacy mapping or target DDL; migration excluded,Not applicable until explicit business mapping exists,Keep source table,False
STOCK_LHB_YYBPH_EM,23,R_ID,2618,da0f44db4aaff70ad25f10029278f22bd2e3f7a7af62fbea20283ed6061db296,,No approved current legacy mapping or target DDL; migration excluded,Not applicable until explicit business mapping exists,Keep source table,False
STOCK_LHB_YYTJ_SINA,13,R_ID,1786,a120f9013e7ddc47d35a4968c0e382c6130daaacca7200f207adacb2848d2f32,,No approved current legacy mapping or target DDL; migration excluded,Not applicable until explicit business mapping exists,Keep source table,False
STOCK_LRB_EM,21,R_ID,10322,b64d20ec869592bd0d8f9bf7318cab602c884efe1e998e666e8933f7ac038bf6,,No approved current legacy mapping or target DDL; migration excluded,Not applicable until explicit business mapping exists,Keep source table,False
STOCK_MAIN_FUND_FLOW,20,R_ID,10500,b9c24480e173e44c940f69b1f933210f2937ac66d457a629b9eb5eb8501424dc,,No approved current legacy mapping or target DDL; migration excluded,Not applicable until explicit business mapping exists,Keep source table,False
STOCK_MAIN_STOCK_HOLDER,16,R_ID,1666,26f02696dc7602b9961921c4f23d247d8ce4ac72dfe1c4243a36c53e8707acaf,,No approved current legacy mapping or target DDL; migration excluded,Not applicable until explicit business mapping exists,Keep source table,False
STOCK_MANAGEMENT_CHANGE_THS,13,R_ID,40,c5b23d222f6e33f03ffd21406fac587018c6f76a60d1fe6e720578d9004c9be4,,No approved current legacy mapping or target DDL; migration excluded,Not applicable until explicit business mapping exists,Keep source table,False
STOCK_MARGIN_ACCOUNT_INFO,19,R_ID,6658,f2576ee5b8a228d928b56d6dc0ad5387ab6aab0c0155440398f01ccef3d860e8,,No approved current legacy mapping or target DDL; migration excluded,Not applicable until explicit business mapping exists,Keep source table,False
STOCK_MARGIN_DETAIL_SSE,15,R_ID,3478,6e93624c76e9a5370384dc2ad97f23e8b0d253e9f7686db948fb7a0b6f0d0645,,No approved current legacy mapping or target DDL; migration excluded,Not applicable until explicit business mapping exists,Keep source table,False
STOCK_MARGIN_DETAIL_SZSE,14,R_ID,3632,f50fdee50af4e0aafdf850d7b7198d6b65cd8c2218b81e642a2a0eb7217be4fd,,No approved current legacy mapping or target DDL; migration excluded,Not applicable until explicit business mapping exists,Keep source table,False
STOCK_MARGIN_RATIO_PA,10,R_ID,4245,87028d488a91703f7054efb02e80c42e5d101a1b7e90dda898f48ae8312e250e,,No approved current legacy mapping or target DDL; migration excluded,Not applicable until explicit business mapping exists,Keep source table,False
STOCK_MARGIN_SSE,13,R_ID,4054,b49264c6c8cae9dbed80df8f0fd4b3c84ba05a47756eafd0054c3ad086139c81,,No approved current legacy mapping or target DDL; migration excluded,Not applicable until explicit business mapping exists,Keep source table,False
STOCK_MARGIN_SZSE,12,R_ID,2,71bae6f3a8a7c1d1c53839b24a56fed3695605ee96a05cdf7132484384b2e7fb,,No approved current legacy mapping or target DDL; migration excluded,Not applicable until explicit business mapping exists,Keep source table,False
STOCK_MARGIN_UNDERLYING_INFO_SZSE,14,R_ID,3362,367be6fb89a1bcc4ff825370963dd978ed51b2554fa2df46c49375c5fe12258c,,No approved current legacy mapping or target DDL; migration excluded,Not applicable until explicit business mapping exists,Keep source table,False
STOCK_MARKET_ACTIVITY_LEGU,8,R_ID,24,9cca084f454bb83e2a0ce970e2fa5ba9e0847c9179864e316132dc4b4a23599a,,No approved current legacy mapping or target DDL; migration excluded,Not applicable until explicit business mapping exists,Keep source table,False
STOCK_MARKET_FUND_FLOW,21,R_ID,2,15b766517e740b29737f4c855f3440937c3f1f1d5c22078862b4cc600e7778bc,,No approved current legacy mapping or target DDL; migration excluded,Not applicable until explicit business mapping exists,Keep source table,False
STOCK_MARKET_PB_LG,11,R_ID,10528,b610d8abeccd5472fbdb8304aba3480cc7ee7dd02db0b3f9ba1eee9e002d7112,,No approved current legacy mapping or target DDL; migration excluded,Not applicable until explicit business mapping exists,Keep source table,False
STOCK_MARKET_PE_LG,9,R_ID,687,2696564f9dd91736a6fde48839e80db74f816357b4857458926649ee3126eb40,,No approved current legacy mapping or target DDL; migration excluded,Not applicable until explicit business mapping exists,Keep source table,False
STOCK_NEW_A_SPOT_EM,30,R_ID,155,feaaf0597d52ec33142ce03c2e67a007e1a683ac4fb811dd5ec3d9f4f1390920,,No approved current legacy mapping or target DDL; migration excluded,Not applicable until explicit business mapping exists,Keep source table,False
STOCK_NEW_IPO_CNINFO,19,R_ID,876,e1a294325cf1afc4953e3be499d534a00014a74443d0826adee3b14ae8db7cf7,,No approved current legacy mapping or target DDL; migration excluded,Not applicable until explicit business mapping exists,Keep source table,False
STOCK_NEWS_EM,12,R_ID,20,287119492cfc4629badc16829f55c17535818febf785abd0d097fefa03e2141f,,No approved current legacy mapping or target DDL; migration excluded,Not applicable until explicit business mapping exists,Keep source table,False
STOCK_NOTICE_REPORT,12,R_ID,2242,682af982c5c542cc178a896e16c3465067dc57192ffee447a30b483f08df17c0,,No approved current legacy mapping or target DDL; migration excluded,Not applicable until explicit business mapping exists,Keep source table,False
STOCK_PG_EM,19,R_ID,1975,aeeacab81ba40e719fea6a2f421b9df5b22a25011f7bc593b7ffafa04cc41e72,,No approved current legacy mapping or target DDL; migration excluded,Not applicable until explicit business mapping exists,Keep source table,False
STOCK_PRICE_JS,12,R_ID,40,73f2459c64cc1bf4566012bbbcba3d789dfc455d4b61534b6a3108ed060e2007,,No approved current legacy mapping or target DDL; migration excluded,Not applicable until explicit business mapping exists,Keep source table,False
STOCK_PROFILE_CNINFO,32,R_ID,2,d3a2cfe39088112b787576337f55ac78dd47a131fbe48f99535e5e7015087371,,No approved current legacy mapping or target DDL; migration excluded,Not applicable until explicit business mapping exists,Keep source table,False
STOCK_PROFIT_FORECAST_EM,19,R_ID,5499,7ff6ed1b34b13c1be5d92552fd90d7638f5a248d5c6b5c88e01a12e7965f5f87,,No approved current legacy mapping or target DDL; migration excluded,Not applicable until explicit business mapping exists,Keep source table,False
STOCK_PROFIT_FORECAST_THS,12,R_ID,6,aa985181802c3a796d74ce442868dbdfc4c95f5550a11a832c818ddb6eea2c87,,No approved current legacy mapping or target DDL; migration excluded,Not applicable until explicit business mapping exists,Keep source table,False
STOCK_PROFIT_SHEET_BY_QUARTERLY_EM,210,R_ID,194,160009e0ac6d2a5f6b16949feb442319777fa38e5b841f828e717430ce6a5e68,,No approved current legacy mapping or target DDL; migration excluded,Not applicable until explicit business mapping exists,Keep source table,False
STOCK_PROFIT_SHEET_BY_REPORT_DELISTED_EM,209,R_ID,78,c41e84a7e18e7e8a740bf17d1c3515970bbee319303d7d0d16a90e22bfccfbef,,No approved current legacy mapping or target DDL; migration excluded,Not applicable until explicit business mapping exists,Keep source table,False
STOCK_PROFIT_SHEET_BY_REPORT_EM,209,R_ID,204,a9dbad25ce17afdfdc9859e4cbcc095590ea722168f067ddebb4c42c51520599,,No approved current legacy mapping or target DDL; migration excluded,Not applicable until explicit business mapping exists,Keep source table,False
STOCK_PROFIT_SHEET_BY_YEARLY_EM,209,R_ID,56,a9dbad25ce17afdfdc9859e4cbcc095590ea722168f067ddebb4c42c51520599,,No approved current legacy mapping or target DDL; migration excluded,Not applicable until explicit business mapping exists,Keep source table,False
STOCK_QBZF_EM,17,R_ID,11670,861a8d11ca7e25071747436ce623d8fa02d2c3dbf892d7bf04bb4cd42886230f,,No approved current legacy mapping or target DDL; migration excluded,Not applicable until explicit business mapping exists,Keep source table,False
STOCK_QSJY_EM,20,R_ID,76,4a1955beee2d489881c2f9539e30331ade15890b55a56e023d719b8978cc2faf,,No approved current legacy mapping or target DDL; migration excluded,Not applicable until explicit business mapping exists,Keep source table,False
STOCK_RANK_CXD_THS,14,R_ID,99,8ae2e914c4defb284dff3372ba3a49d6143008b24aa0dbd8c4d3bc4b2fd415b5,,No approved current legacy mapping or target DDL; migration excluded,Not applicable until explicit business mapping exists,Keep source table,False
STOCK_RANK_CXFL_THS,16,R_ID,551,1a85a00dcb0dc4649a8a2824a00563065409689b73d9acc6b8e5faf3f75d4f2f,,No approved current legacy mapping or target DDL; migration excluded,Not applicable until explicit business mapping exists,Keep source table,False
STOCK_RANK_CXG_THS,14,R_ID,506,50f0ace6a04211b3738683b03ba62c525ff965fa2d6a3c59634a944b8f97a3d2,,No approved current legacy mapping or target DDL; migration excluded,Not applicable until explicit business mapping exists,Keep source table,False
STOCK_RANK_CXSL_THS,16,R_ID,1009,d609218411232f676b3f5903ebc8d5472b9156b9ad09a169e532156c15a117de,,No approved current legacy mapping or target DDL; migration excluded,Not applicable until explicit business mapping exists,Keep source table,False
STOCK_RANK_FORECAST_CNINFO,17,R_ID,391,23f92e2022737bb49c345a22084ddf7d88d156dca69530d1e10f005f18b62ecd,,No approved current legacy mapping or target DDL; migration excluded,Not applicable until explicit business mapping exists,Keep source table,False
STOCK_RANK_LJQD_THS,14,R_ID,3328,b95adcc6e4a4637422018530a6c47d3697722820ab27304073009bd96608dc4c,,No approved current legacy mapping or target DDL; migration excluded,Not applicable until explicit business mapping exists,Keep source table,False
STOCK_RANK_LJQS_THS,14,R_ID,2823,8f38b724c5b1dc9dd0958b330c7b2f3fe3aac4a64af187481ef233b7719ba108,,No approved current legacy mapping or target DDL; migration excluded,Not applicable until explicit business mapping exists,Keep source table,False
STOCK_RANK_LXSZ_THS,16,R_ID,1936,dcd876ccde5947917396831815f9a20370fb81be8d080c16eeb050605245e741,,No approved current legacy mapping or target DDL; migration excluded,Not applicable until explicit business mapping exists,Keep source table,False
STOCK_RANK_LXXD_THS,16,R_ID,1742,dcd876ccde5947917396831815f9a20370fb81be8d080c16eeb050605245e741,,No approved current legacy mapping or target DDL; migration excluded,Not applicable until explicit business mapping exists,Keep source table,False
STOCK_RANK_XSTP_THS,14,R_ID,4633,fa6fda15d412c0ebf7d636090c574ef24e58eb881489640567dcd177c23f999c,,No approved current legacy mapping or target DDL; migration excluded,Not applicable until explicit business mapping exists,Keep source table,False
STOCK_RANK_XXTP_THS,14,R_ID,4884,fa6fda15d412c0ebf7d636090c574ef24e58eb881489640567dcd177c23f999c,,No approved current legacy mapping or target DDL; migration excluded,Not applicable until explicit business mapping exists,Keep source table,False
STOCK_RANK_XZJP_THS,18,R_ID,32,cdda3fb2a1f1d3d06db5fa2c746ce17f66fba65a1deb6f4a12c281a3c5535789,,No approved current legacy mapping or target DDL; migration excluded,Not applicable until explicit business mapping exists,Keep source table,False
STOCK_REGISTER_BJ,18,R_ID,1584,0f56a3ec28845b8f0eeac7596a16c3226650ac1cd28bd81137f5192fb13f666c,,No approved current legacy mapping or target DDL; migration excluded,Not applicable until explicit business mapping exists,Keep source table,False
STOCK_REGISTER_CYB,18,R_ID,2318,0f56a3ec28845b8f0eeac7596a16c3226650ac1cd28bd81137f5192fb13f666c,,No approved current legacy mapping or target DDL; migration excluded,Not applicable until explicit business mapping exists,Keep source table,False
STOCK_REGISTER_DB,8,R_ID,441,dc9e7ca21318bb9cb1e439f882555c6769e5052aeaa047d7373be8ea03957c51,,No approved current legacy mapping or target DDL; migration excluded,Not applicable until explicit business mapping exists,Keep source table,False
STOCK_REGISTER_KCB,18,R_ID,1866,0f56a3ec28845b8f0eeac7596a16c3226650ac1cd28bd81137f5192fb13f666c,,No approved current legacy mapping or target DDL; migration excluded,Not applicable until explicit business mapping exists,Keep source table,False
STOCK_REGISTER_SH,18,R_ID,1691,0f56a3ec28845b8f0eeac7596a16c3226650ac1cd28bd81137f5192fb13f666c,,No approved current legacy mapping or target DDL; migration excluded,Not applicable until explicit business mapping exists,Keep source table,False
STOCK_REGISTER_SZ,18,R_ID,1008,0f56a3ec28845b8f0eeac7596a16c3226650ac1cd28bd81137f5192fb13f666c,,No approved current legacy mapping or target DDL; migration excluded,Not applicable until explicit business mapping exists,Keep source table,False
STOCK_REPORT_DISCLOSURE,13,R_ID,9062,1a17819f05c1066e8ea17f7302160d4203790638b864a498c306b09f90ac03a8,,No approved current legacy mapping or target DDL; migration excluded,Not applicable until explicit business mapping exists,Keep source table,False
STOCK_REPORT_FUND_HOLD,15,R_ID,4656,d31b9c900a2754cbf63990acfd3b3b8b874dbefcbf5499500fc855af33b65b48,,No approved current legacy mapping or target DDL; migration excluded,Not applicable until explicit business mapping exists,Keep source table,False
STOCK_REPORT_FUND_HOLD_DETAIL,13,R_ID,20,6037496a8904b3b1a0b7a11d4020316355911616805d4060dad373d9e57af569,,No approved current legacy mapping or target DDL; migration excluded,Not applicable until explicit business mapping exists,Keep source table,False
STOCK_REPURCHASE_EM,24,R_ID,10147,b80e21b4d264f722350b9c61dc756f101e74a4773a5b21c5da75c8d5330eab98,,No approved current legacy mapping or target DDL; migration excluded,Not applicable until explicit business mapping exists,Keep source table,False
STOCK_RESEARCH_REPORT_EM,22,R_ID,450,1e5d273f9a3bb375cc214f7f74f87267dd480a5adc430050f34346c6c23f719e,,No approved current legacy mapping or target DDL; migration excluded,Not applicable until explicit business mapping exists,Keep source table,False
STOCK_RESTRICTED_RELEASE_DETAIL_EM,18,R_ID,291,7ac2a7afb231bf02efbadd99dc1563f91529a49e6b1a167dc6d2d4cf945d5d21,,No approved current legacy mapping or target DDL; migration excluded,Not applicable until explicit business mapping exists,Keep source table,False
STOCK_RESTRICTED_RELEASE_QUEUE_EM,19,R_ID,8,03f0e049b3042b3ed38de1c8d14c81335d72591abbe09048dbf6c19198960738,,No approved current legacy mapping or target DDL; migration excluded,Not applicable until explicit business mapping exists,Keep source table,False
STOCK_RESTRICTED_RELEASE_QUEUE_SINA,13,R_ID,16,1c6274cc3cd555ec0c7dbb021af75d0b91df4ca067e2c862025c410ffd40a3a4,,No approved current legacy mapping or target DDL; migration excluded,Not applicable until explicit business mapping exists,Keep source table,False
STOCK_RESTRICTED_RELEASE_STOCKHOLDER_EM,15,R_ID,4,d336615e849261803c381e6e3ceb7044ee5b9b0f10081c11a445ba929a4e5310,,No approved current legacy mapping or target DDL; migration excluded,Not applicable until explicit business mapping exists,Keep source table,False
STOCK_RESTRICTED_RELEASE_SUMMARY_EM,14,R_ID,58,b63d178e2a7041b18daf789df4058ffcd9dcf0b5b5808f6dc03012051113de91,,No approved current legacy mapping or target DDL; migration excluded,Not applicable until explicit business mapping exists,Keep source table,False
STOCK_SECTOR_DETAIL,24,R_ID,334,f32c0ff7f4c567df3123a1d12748aebace64899c3a0c134665c4eeec9dfb8815,,No approved current legacy mapping or target DDL; migration excluded,Not applicable until explicit business mapping exists,Keep source table,False
STOCK_SECTOR_FUND_FLOW_HIST,17,R_ID,2,646f4b98c7a40d71a5c710d497a585dd55f62769cb1ca92c60987e0c83421568,,No approved current legacy mapping or target DDL; migration excluded,Not applicable until explicit business mapping exists,Keep source table,False
STOCK_SECTOR_FUND_FLOW_RANK,20,R_ID,992,c1063141d6d9303122c3f77e3d59d6c791b34acaeea7f30de564e399d99d9f50,,No approved current legacy mapping or target DDL; migration excluded,Not applicable until explicit business mapping exists,Keep source table,False
STOCK_SECTOR_FUND_FLOW_SUMMARY,21,R_ID,161,ae7dc201e1aeab3aea4a8a4434cb3f8a03e4e9dc861819865c205a8782c1683c,,No approved current legacy mapping or target DDL; migration excluded,Not applicable until explicit business mapping exists,Keep source table,False
STOCK_SECTOR_SPOT,19,R_ID,98,9aeea0ed74778449d5befb5802b0d44a718e2eaa5474b50ffaef08e12bf5df93,,No approved current legacy mapping or target DDL; migration excluded,Not applicable until explicit business mapping exists,Keep source table,False
STOCK_SGT_REFERENCE_EXCHANGE_RATE_SSE,10,R_ID,4000,38e98faae4d3e040e93c929ee7693b4b004e7c77a56fbdd03e1debfb0c48ec20,,No approved current legacy mapping or target DDL; migration excluded,Not applicable until explicit business mapping exists,Keep source table,False
STOCK_SGT_REFERENCE_EXCHANGE_RATE_SZSE,10,R_ID,4483,38e98faae4d3e040e93c929ee7693b4b004e7c77a56fbdd03e1debfb0c48ec20,,No approved current legacy mapping or target DDL; migration excluded,Not applicable until explicit business mapping exists,Keep source table,False
STOCK_SGT_SETTLEMENT_EXCHANGE_RATE_SSE,10,R_ID,4000,e2fceaddb73df69e3223f28311a5199506e33776c309e8bc0954b2793c06a4ca,,No approved current legacy mapping or target DDL; migration excluded,Not applicable until explicit business mapping exists,Keep source table,False
STOCK_SGT_SETTLEMENT_EXCHANGE_RATE_SZSE,10,R_ID,4467,e2fceaddb73df69e3223f28311a5199506e33776c309e8bc0954b2793c06a4ca,,No approved current legacy mapping or target DDL; migration excluded,Not applicable until explicit business mapping exists,Keep source table,False
STOCK_SH_A_SPOT_EM,29,R_ID,4705,2899d25c498b2bb6b844cebb086328a11823a050b58dad73b92ab9dfd5ca7edc,,No approved current legacy mapping or target DDL; migration excluded,Not applicable until explicit business mapping exists,Keep source table,False
STOCK_SHARE_CHANGE_CNINFO,50,R_ID,82,a27c9007c022a0974ab10fe446d3eee434ee3dc4325d5a9fba3dbf9c4e44751c,,No approved current legacy mapping or target DDL; migration excluded,Not applicable until explicit business mapping exists,Keep source table,False
STOCK_SHARE_HOLD_CHANGE_BSE,16,R_ID,16,1ea9a22de9ae51cefb9d3e535920f7c26e2cecac9cb71e1769265408ff04c8f4,,No approved current legacy mapping or target DDL; migration excluded,Not applicable until explicit business mapping exists,Keep source table,False
STOCK_SHARE_HOLD_CHANGE_SSE,19,R_ID,54,ec75f960219a53c4e4282429794934fd89fafecb107c0dfb56d1a2dc98fbbbde,,No approved current legacy mapping or target DDL; migration excluded,Not applicable until explicit business mapping exists,Keep source table,False
STOCK_SHARE_HOLD_CHANGE_SZSE,18,R_ID,40,fd713fc4fc2e23e32d948df3f7ecaa8a56717ffa564b5c5e19329d92569cc39d,,No approved current legacy mapping or target DDL; migration excluded,Not applicable until explicit business mapping exists,Keep source table,False
STOCK_SHAREHOLDER_CHANGE_THS,13,R_ID,20,3b75e3923cf17757504d71391bdac0a603fd54df5f86b370bc1cc7a352d41c76,,No approved current legacy mapping or target DDL; migration excluded,Not applicable until explicit business mapping exists,Keep source table,False
STOCK_SNS_SSEINFO,15,R_ID,8,5449113af1ec0ffe71c1270677c0425d39b448619256618c3d8963b440eb0eff,,No approved current legacy mapping or target DDL; migration excluded,Not applicable until explicit business mapping exists,Keep source table,False
STOCK_SSE_DEAL_DAILY,12,R_ID,16,78eb2bc331aaa5efd4cb935ae6ba370cc74be2876b3ec141eb46bc56e929c62d,,No approved current legacy mapping or target DDL; migration excluded,Not applicable until explicit business mapping exists,Keep source table,False
STOCK_SSE_SUMMARY,10,R_ID,16,b57a3ce2da724a64b6a2893a0c88c652c6122fd0f1876535da74091dc5713ca7,,No approved current legacy mapping or target DDL; migration excluded,Not applicable until explicit business mapping exists,Keep source table,False
STOCK_STAQ_NET_STOP,9,R_ID,100,ed2ae37a6cac8e371ca79e7e6d9f2777c43a57d3de3b4ee100747f7507fe385d,,No approved current legacy mapping or target DDL; migration excluded,Not applicable until explicit business mapping exists,Keep source table,False
STOCK_SY_EM,16,R_ID,5439,da3db73706d16cd51bbb917a2978f958b0ced2ef953c718cdb49a93c5779875e,,No approved current legacy mapping or target DDL; migration excluded,Not applicable until explicit business mapping exists,Keep source table,False
STOCK_SY_HY_EM,12,R_ID,254,dc4f0043ee3bf55724936e586781fcfc2f680e044d62f9af2d861c9e0871f3fa,,No approved current legacy mapping or target DDL; migration excluded,Not applicable until explicit business mapping exists,Keep source table,False
STOCK_SY_JZ_EM,17,R_ID,5322,8c781c0f4bf0533af32328adf38eedae1e741de86f369399b84c339cd561871f,,No approved current legacy mapping or target DDL; migration excluded,Not applicable until explicit business mapping exists,Keep source table,False
STOCK_SY_PROFILE_EM,14,R_ID,34,437b8a318bddb6532118b5620065f90b99a2f95b4ab035032a54a256aea46d16,,No approved current legacy mapping or target DDL; migration excluded,Not applicable until explicit business mapping exists,Keep source table,False
STOCK_SY_YQ_EM,20,R_ID,72,6ac2524087e618717079846540de5795d98511cf48fe8d61921f4d3aa719a2e2,,No approved current legacy mapping or target DDL; migration excluded,Not applicable until explicit business mapping exists,Keep source table,False
STOCK_SZ_A_SPOT_EM,29,R_ID,5940,2899d25c498b2bb6b844cebb086328a11823a050b58dad73b92ab9dfd5ca7edc,,No approved current legacy mapping or target DDL; migration excluded,Not applicable until explicit business mapping exists,Keep source table,False
STOCK_SZSE_AREA_SUMMARY,13,R_ID,68,813b61d7b0734f0cdbf40b350fb5345bd6e62450e06af07d05c9ae199037c598,,No approved current legacy mapping or target DDL; migration excluded,Not applicable until explicit business mapping exists,Keep source table,False
STOCK_SZSE_SECTOR_SUMMARY,15,R_ID,40,78c481e4f771519c755e487ffbe7e30712c3686c14ffa8f4c916e623a8d64258,,No approved current legacy mapping or target DDL; migration excluded,Not applicable until explicit business mapping exists,Keep source table,False
STOCK_SZSE_SUMMARY,11,R_ID,28,24ab6d35cefce67df8dba216cbcd7c16fd74e877cd0d0d91f634258293b59f43,,No approved current legacy mapping or target DDL; migration excluded,Not applicable until explicit business mapping exists,Keep source table,False
STOCK_TFP_EM,15,R_ID,36,41f9d063edcd268ed9fabada2635fd4945d5319b2ba7fab13ac0dd3f74fc409b,,No approved current legacy mapping or target DDL; migration excluded,Not applicable until explicit business mapping exists,Keep source table,False
STOCK_US_DAILY,12,R_ID,19947,cc24cb13b1703a4677ff2a3618d34e3e2e583c8a0e6372d8ae388344e2dbdf74,,No approved current legacy mapping or target DDL; migration excluded,Not applicable until explicit business mapping exists,Keep source table,False
STOCK_US_FAMOUS_SPOT_EM,18,R_ID,58,4305ee4039ce92a23c6050cd80f21744a30f742a83f541703ae16d42f20fad2f,,No approved current legacy mapping or target DDL; migration excluded,Not applicable until explicit business mapping exists,Keep source table,False
STOCK_US_HIST,17,R_ID,1624,f10fdc72bcafbbf5a147ae3db8019d5f0bcd3c461715980f7b42305d25097129,,No approved current legacy mapping or target DDL; migration excluded,Not applicable until explicit business mapping exists,Keep source table,False
STOCK_US_HIST_MIN_EM,14,R_ID,782,f8891feb57994688d91e2df7414c6a387e8dc98ade5f8bd90544cb9981f6c432,,No approved current legacy mapping or target DDL; migration excluded,Not applicable until explicit business mapping exists,Keep source table,False
STOCK_US_PINK_SPOT_EM,18,R_ID,1928,54b6bf3db9ac13dc7409d8f22243caf431a8e2088d5acae224ba7ff8f258e6ab,,No approved current legacy mapping or target DDL; migration excluded,Not applicable until explicit business mapping exists,Keep source table,False
STOCK_US_SPOT,21,R_ID,40,3c7d3f9bad34e7aa286e0a01cebe9dae03cb3ab7f91858657a1853219c836b03,,No approved current legacy mapping or target DDL; migration excluded,Not applicable until explicit business mapping exists,Keep source table,False
STOCK_US_SPOT_EM,22,R_ID,200,390e9577d2e11fc33082e94cdfa2928142dff9355200550d175a14003df6f8ae,,No approved current legacy mapping or target DDL; migration excluded,Not applicable until explicit business mapping exists,Keep source table,False
STOCK_VALUE_EM,19,R_ID,3514,a3704e69b4a14aa5b7ea1ed435dbdb7197ed6164e580be9069b311dfc4b692ba,,No approved current legacy mapping or target DDL; migration excluded,Not applicable until explicit business mapping exists,Keep source table,False
STOCK_XGSGLB_EM,30,R_ID,7394,09791af1a51b66a323de433ac07c1d4296b82b2f201b663dc527e2b1e8cec4ee,,No approved current legacy mapping or target DDL; migration excluded,Not applicable until explicit business mapping exists,Keep source table,False
STOCK_XGSR_THS,18,R_ID,3824,d2eaff499fbbea74c423b28e64b9cb6ad271fc6cf062189a5d85ab2b31fcf325,,No approved current legacy mapping or target DDL; migration excluded,Not applicable until explicit business mapping exists,Keep source table,False
STOCK_XJLL_EM,18,R_ID,10379,4bc905bceb799ef1ea62299b3d6249f66f4e67be650cf069569f95ed6ba918f7,,No approved current legacy mapping or target DDL; migration excluded,Not applicable until explicit business mapping exists,Keep source table,False
STOCK_YJBB_EM,22,R_ID,10930,b99df4bad7eb47e33072759a0685d9b87aae6648d0f9b8e9f0ae30d2512f2946,,No approved current legacy mapping or target DDL; migration excluded,Not applicable until explicit business mapping exists,Keep source table,False
STOCK_YJKB_EM,22,R_ID,1655,190b240bc58331722cb5d71b1419a4f2569e4063d1b5032106e65e29c12f2658,,No approved current legacy mapping or target DDL; migration excluded,Not applicable until explicit business mapping exists,Keep source table,False
STOCK_YJYG_EM,17,R_ID,2865,e8689b9ad4fb9d0274f109b930f477d8c9ab6fe0919ca5e3428f19e42b974f1a,,No approved current legacy mapping or target DDL; migration excluded,Not applicable until explicit business mapping exists,Keep source table,False
STOCK_YYSJ_EM,14,R_ID,3689,5b6dcc0a3f136b8069ff0f7a35d36c392955357fa9a4b1b7e1314ad0a03e8589,,No approved current legacy mapping or target DDL; migration excluded,Not applicable until explicit business mapping exists,Keep source table,False
STOCK_YZXDR_EM,16,R_ID,9339,7a8ed724c180ef0f19b3aabdd81cfdd0e1983f3fd0717e967e8a73b716eb7a01,,No approved current legacy mapping or target DDL; migration excluded,Not applicable until explicit business mapping exists,Keep source table,False
STOCK_ZCFZ_BJ_EM,21,R_ID,646,3bf14b8aea54e33164c7939362dc1323f16f423ff269b2787e4d8c2ace389d90,,No approved current legacy mapping or target DDL; migration excluded,Not applicable until explicit business mapping exists,Keep source table,False
STOCK_ZCFZ_EM,21,R_ID,10240,3bf14b8aea54e33164c7939362dc1323f16f423ff269b2787e4d8c2ace389d90,,No approved current legacy mapping or target DDL; migration excluded,Not applicable until explicit business mapping exists,Keep source table,False
STOCK_ZDHTMX_EM,21,R_ID,4385,f23425d896761ce9f26635ce63aa60df68d58ef13eb02251ddb22415530fd31a,,No approved current legacy mapping or target DDL; migration excluded,Not applicable until explicit business mapping exists,Keep source table,False
STOCK_ZH_A_CDR_DAILY,16,R_ID,40,a7f9a7eb36999066924d7e28474dbd197a7144854734b2b17931b702cd47f287,,No approved current legacy mapping or target DDL; migration excluded,Not applicable until explicit business mapping exists,Keep source table,False
STOCK_ZH_A_DAILY,15,R_ID,6432,ed445f4ae9e926e83cfd15de821717761253fd538fea01e3a86ad4538ec06972,,No approved current legacy mapping or target DDL; migration excluded,Not applicable until explicit business mapping exists,Keep source table,False
STOCK_ZH_A_DISCLOSURE_RELATION_CNINFO,11,R_ID,48,fa4e19ab31ed1f38b8879a628189d13d8577220c0baade4fab2e09971409feaf,,No approved current legacy mapping or target DDL; migration excluded,Not applicable until explicit business mapping exists,Keep source table,False
STOCK_ZH_A_DISCLOSURE_REPORT_CNINFO,11,R_ID,326,fa4e19ab31ed1f38b8879a628189d13d8577220c0baade4fab2e09971409feaf,,No approved current legacy mapping or target DDL; migration excluded,Not applicable until explicit business mapping exists,Keep source table,False
STOCK_ZH_A_GBJG_EM,15,R_ID,32,cedc8efe39f484ee5fb854fef985e0a465cf5df3452a6791381efe62500ed14f,,No approved current legacy mapping or target DDL; migration excluded,Not applicable until explicit business mapping exists,Keep source table,False
STOCK_ZH_A_GDHS,22,R_ID,1000,c4ec47a3f6a9ef76bc0fe666610c94f2b3f92e030dadebd7bf4078033f3223ad,,No approved current legacy mapping or target DDL; migration excluded,Not applicable until explicit business mapping exists,Keep source table,False
STOCK_ZH_A_GDHS_DETAIL_EM,21,R_ID,134,2c812f412ef2b28555d158de071107a1c7b089157d4ad04787138763fe45afb3,,No approved current legacy mapping or target DDL; migration excluded,Not applicable until explicit business mapping exists,Keep source table,False
STOCK_ZH_A_HIST,18,R_ID,615349,4e36d4cd1736b40436e1074de0dad72ec360d4110d7ab15ead2ce7a80840a55b,ods_stock_daily_akshare,12 mapped columns exist; numeric text/date/null conversion needs strict verification,FAIL: 616694/617371 amount NULL conflicts with target NOT NULL; rows inserted=0; all 12 fields NULL census archived; source retained,Keep source table,False
STOCK_ZH_A_HIST_MIN_EM,15,R_ID,482,767192f0c8f16c29c7bbcb4ecee4972f31aa47da416da2d2cb844476bee2db65,,No approved current legacy mapping or target DDL; migration excluded,Not applicable until explicit business mapping exists,Keep source table,False
STOCK_ZH_A_HIST_PRE_MIN_EM,14,R_ID,475,f8891feb57994688d91e2df7414c6a387e8dc98ade5f8bd90544cb9981f6c432,,No approved current legacy mapping or target DDL; migration excluded,Not applicable until explicit business mapping exists,Keep source table,False
STOCK_ZH_A_HIST_TX,12,R_ID,8335,f635278c44d5ddd28214a458bd8f73af7fc7383ea827064fba2c0494bacb8f4a,,No approved current legacy mapping or target DDL; migration excluded,Not applicable until explicit business mapping exists,Keep source table,False
STOCK_ZH_A_MINUTE,13,R_ID,3864,08e41268fed7773e2dc70af4e90ab08d3237a82b58c1754f90b0684ee56027fc,,No approved current legacy mapping or target DDL; migration excluded,Not applicable until explicit business mapping exists,Keep source table,False
STOCK_ZH_A_NEW,14,R_ID,270,4d24b81bd88d46b6d79966fe3cd238a9f83c6b0a37ad4c5c39c5573b4cf2da4a,,No approved current legacy mapping or target DDL; migration excluded,Not applicable until explicit business mapping exists,Keep source table,False
STOCK_ZH_A_NEW_EM,23,R_ID,155,9639abd0ea99ffabf26c3791850cd58ed4d80524664a4734d349dac60d4a97f9,,No approved current legacy mapping or target DDL; migration excluded,Not applicable until explicit business mapping exists,Keep source table,False
STOCK_ZH_A_SPOT,20,R_ID,10976,95db45ae02778bc356dedfcec414da7eaaf9e26723b71e8e88e9aa57ee5fbdec,,No approved current legacy mapping or target DDL; migration excluded,Not applicable until explicit business mapping exists,Keep source table,False
STOCK_ZH_A_SPOT_EM,29,R_ID,11211,2899d25c498b2bb6b844cebb086328a11823a050b58dad73b92ab9dfd5ca7edc,,No approved current legacy mapping or target DDL; migration excluded,Not applicable until explicit business mapping exists,Keep source table,False
STOCK_ZH_A_ST_EM,23,R_ID,432,20b89a68d091cc3f9f9f6f6dea879ce81a407b94a2eadf31fa2a13dc29146a48,,No approved current legacy mapping or target DDL; migration excluded,Not applicable until explicit business mapping exists,Keep source table,False
STOCK_ZH_A_STOP_EM,23,R_ID,588,41d0a7d5d46063febea6a35525b8ac0a2f962429963811940c784e14bd49b5ab,,No approved current legacy mapping or target DDL; migration excluded,Not applicable until explicit business mapping exists,Keep source table,False
STOCK_ZH_A_TICK_TX_JS,12,R_ID,8537,d37f29aeac6e4911cd96d141490fafbf3d9c8683b5940eea9280f728d18f8ea2,,No approved current legacy mapping or target DDL; migration excluded,Not applicable until explicit business mapping exists,Keep source table,False
STOCK_ZH_AB_COMPARISON_EM,16,R_ID,144,bf43e1f879d72fd6f47ac4f09b7e7180b0f13550c7b042b4c8600bd60e8e4e11,,No approved current legacy mapping or target DDL; migration excluded,Not applicable until explicit business mapping exists,Keep source table,False
STOCK_ZH_AH_DAILY,12,R_ID,725,4cf0358216dc1453334827474afc1f1f7a2fffef3d034610360b7c40c0949007,,No approved current legacy mapping or target DDL; migration excluded,Not applicable until explicit business mapping exists,Keep source table,False
STOCK_ZH_AH_NAME,8,R_ID,400,49d779394552a877e726d55ecc753f5493e12639980f23fd8345c00474e4f146,,No approved current legacy mapping or target DDL; migration excluded,Not applicable until explicit business mapping exists,Keep source table,False
STOCK_ZH_AH_SPOT,19,R_ID,380,805e972498dca3ad5db321e2c5a79a1a1ee9ccc1c76a0d182ee2dd0197784e19,,No approved current legacy mapping or target DDL; migration excluded,Not applicable until explicit business mapping exists,Keep source table,False
STOCK_ZH_AH_SPOT_EM,16,R_ID,385,ad8cdb01c7970a027c737c4b9f02b49efaaf48497f1ce6dd7246a35c898542e0,,No approved current legacy mapping or target DDL; migration excluded,Not applicable until explicit business mapping exists,Keep source table,False
STOCK_ZH_B_DAILY,14,R_ID,40,6f3ac40868452c3760cbd972bf6798e96324da8ce0215e5091b0cdb14916df61,,No approved current legacy mapping or target DDL; migration excluded,Not applicable until explicit business mapping exists,Keep source table,False
STOCK_ZH_B_MINUTE,12,R_ID,3920,4db00d656e0b9d51e52223cc3acfc23ed07180fe7dd1e8f33c664c345d55c765,,No approved current legacy mapping or target DDL; migration excluded,Not applicable until explicit business mapping exists,Keep source table,False
STOCK_ZH_B_SPOT,19,R_ID,158,674a8b239148a69d296792cd9b0d14489ecbdea3627fcfdd3e6320fb0be97a44,,No approved current legacy mapping or target DDL; migration excluded,Not applicable until explicit business mapping exists,Keep source table,False
STOCK_ZH_B_SPOT_EM,29,R_ID,228,2899d25c498b2bb6b844cebb086328a11823a050b58dad73b92ab9dfd5ca7edc,,No approved current legacy mapping or target DDL; migration excluded,Not applicable until explicit business mapping exists,Keep source table,False
STOCK_ZH_DUPONT_COMPARISON_EM,25,R_ID,16,8714300b0a18784b80dd4315e083c858e1fc0d87d36d65ef20139e08d14df5ac,,No approved current legacy mapping or target DDL; migration excluded,Not applicable until explicit business mapping exists,Keep source table,False
STOCK_ZH_GROWTH_COMPARISON_EM,27,R_ID,16,8b36af2cd715d5c055664220e63baecc063640501e7aec56e5f720e536fe3bf0,,No approved current legacy mapping or target DDL; migration excluded,Not applicable until explicit business mapping exists,Keep source table,False
STOCK_ZH_INDEX_DAILY,15,R_ID,40788,1347950a3bcda87ddbfd1f223b56fcdea954d3760dddc4602da7219f1d4abaa2,,No approved current legacy mapping or target DDL; migration excluded,Not applicable until explicit business mapping exists,Keep source table,False
STOCK_ZH_INDEX_DAILY_EM,16,R_ID,10,5bb8e8db3a4e9e07835cfbf7de5671248129472e8587f67b28c81d93db651c84,,No approved current legacy mapping or target DDL; migration excluded,Not applicable until explicit business mapping exists,Keep source table,False
STOCK_ZH_INDEX_DAILY_TX,15,R_ID,31137,98f972a1e65f37c2e682c688bb7bfe9001bee58ed07118e5e61750b8a43da206,,No approved current legacy mapping or target DDL; migration excluded,Not applicable until explicit business mapping exists,Keep source table,False
STOCK_ZH_INDEX_HIST_CSINDEX,22,R_ID,41,836b0f2917a0000361663170a18e4420c06542de0bd3f17bf9b2a988dec59cc8,,No approved current legacy mapping or target DDL; migration excluded,Not applicable until explicit business mapping exists,Keep source table,False
STOCK_ZH_INDEX_SPOT_EM,22,R_ID,3412,c5cc28e6b2e4e8b4b3656744202f7ec62aaaef5183a268ed209c68c788438c99,,No approved current legacy mapping or target DDL; migration excluded,Not applicable until explicit business mapping exists,Keep source table,False
STOCK_ZH_INDEX_SPOT_SINA,20,R_ID,1124,5a2371e2192272e92ad64af3fe15d6360c22ea0db01a3cb215f9687a20989c1f,,No approved current legacy mapping or target DDL; migration excluded,Not applicable until explicit business mapping exists,Keep source table,False
STOCK_ZH_INDEX_VALUE_CSINDEX,16,R_ID,40,8c5e07aa56aae36557c9a88e53db678896432be58c3177d220d8b0d71f4ea7f8,,No approved current legacy mapping or target DDL; migration excluded,Not applicable until explicit business mapping exists,Keep source table,False
STOCK_ZH_KCB_DAILY,16,R_ID,3168,93542faedde6a15f1596a02df600c8300e9be777bc34ffb59c198dcc6af31cd5,,No approved current legacy mapping or target DDL; migration excluded,Not applicable until explicit business mapping exists,Keep source table,False
STOCK_ZH_KCB_REPORT_EM,12,R_ID,600,477747dfb0cac5f01f0bee2de7c30e85a58538abf787a5163f1a5844966b8d68,,No approved current legacy mapping or target DDL; migration excluded,Not applicable until explicit business mapping exists,Keep source table,False
STOCK_ZH_KCB_SPOT,25,R_ID,1778,e36c9138d2683611d97e960d2bf151db8d6cf66600a16761172c3715a7cc5ec0,,No approved current legacy mapping or target DDL; migration excluded,Not applicable until explicit business mapping exists,Keep source table,False
STOCK_ZH_SCALE_COMPARISON_EM,16,R_ID,2,27c325e4eebf0883e0cdc74fc73a2628556fc2a8c23bcb371208078a880b9d03,,No approved current legacy mapping or target DDL; migration excluded,Not applicable until explicit business mapping exists,Keep source table,False
STOCK_ZH_VALUATION_BAIDU,8,R_ID,730,dbd6c484f702500fbdde234a4d872951e2bfb0e26547042888712c4ff03fd6da,,No approved current legacy mapping or target DDL; migration excluded,Not applicable until explicit business mapping exists,Keep source table,False
STOCK_ZH_VALUATION_COMPARISON_EM,26,R_ID,16,163b0926c84ea71aa949edb3885856f56039bdc7f3f1eb0755abed13b8c565dc,,No approved current legacy mapping or target DDL; migration excluded,Not applicable until explicit business mapping exists,Keep source table,False
STOCK_ZH_VOTE_BAIDU,11,R_ID,8,6cb657113b749eaaa9f0f7c4d70b03a3a95aeab7fd25cc9e57d3df895d3c86c3,,No approved current legacy mapping or target DDL; migration excluded,Not applicable until explicit business mapping exists,Keep source table,False
STOCK_ZT_POOL_DTGC_EM,22,R_ID,25,f1416d40628de1620fa6dabd8aae430adc53099d48503c17ea551090032e124a,,No approved current legacy mapping or target DDL; migration excluded,Not applicable until explicit business mapping exists,Keep source table,False
STOCK_ZT_POOL_EM,22,R_ID,301,a2a4fafd7f7bd8af7ca09d489911c9177785ad9e5172737ec562042d6cee86c7,,No approved current legacy mapping or target DDL; migration excluded,Not applicable until explicit business mapping exists,Keep source table,False
STOCK_ZT_POOL_PREVIOUS_EM,22,R_ID,184,d7454af2d8140df57572405c965d79cf92274ab25647bd7bddaf42bfb4a68ffd,,No approved current legacy mapping or target DDL; migration excluded,Not applicable until explicit business mapping exists,Keep source table,False
STOCK_ZT_POOL_STRONG_EM,22,R_ID,498,420ef3e9ea8e41a13d7c92d45f4e5e530f42a6162ce6f1790a44c7a99f68d55b,,No approved current legacy mapping or target DDL; migration excluded,Not applicable until explicit business mapping exists,Keep source table,False
STOCK_ZT_POOL_SUB_NEW_EM,22,R_ID,270,87f5ca3abc3680d91c5f6284c76097d6a260ffb3f2678c02cafebe1b8b337db5,,No approved current legacy mapping or target DDL; migration excluded,Not applicable until explicit business mapping exists,Keep source table,False
STOCK_ZT_POOL_ZBGC_EM,22,R_ID,81,dff1c50a1bb3ca7c4cd0a91214635629ab1783633afd300fbf9f4495a8c4a772,,No approved current legacy mapping or target DDL; migration excluded,Not applicable until explicit business mapping exists,Keep source table,False
STOCK_ZYGC_EM,17,R_ID,400,470bd43434f7f511b0792e9120f3331afc7f7c341aa683db7109c45e5b6a118c,,No approved current legacy mapping or target DDL; migration excluded,Not applicable until explicit business mapping exists,Keep source table,False
STOCK_ZYJS_THS,11,R_ID,2,3e0f0f741df9639614cbe9a81d3098fcf6750ece37dfbf9806be7e80540d73ea,,No approved current legacy mapping or target DDL; migration excluded,Not applicable until explicit business mapping exists,Keep source table,False
SUNRISE_DAILY,20,R_ID,2,9b48f3e6684aaaf745617dbf9a1f847e89b1e048a1d0c76399fc3147a8c793fd,,No approved current legacy mapping or target DDL; migration excluded,Not applicable until explicit business mapping exists,Keep source table,False
SUNRISE_MONTHLY,20,R_ID,60,9b48f3e6684aaaf745617dbf9a1f847e89b1e048a1d0c76399fc3147a8c793fd,,No approved current legacy mapping or target DDL; migration excluded,Not applicable until explicit business mapping exists,Keep source table,False
SW_FUND_INDEX_HISTORICAL,15,R_ID,14659,a587c413e48a3e581414e234cc1e86314fb1268856fcb4bf87e4712db7229db5,,No approved current legacy mapping or target DDL; migration excluded,Not applicable until explicit business mapping exists,Keep source table,False
SW_FUND_INDEX_REALTIME,14,R_ID,72,5a7144f57dab6f870d922f6c82cb32012972e5a2aff4f4919903106efb4eb91b,,No approved current legacy mapping or target DDL; migration excluded,Not applicable until explicit business mapping exists,Keep source table,False
SW_INDEX_ANALYSIS_DAILY,22,R_ID,5244,80587e47c67a675e3bdec6e3d634c9d979548abfddc0816cf62dd6019f96d01a,,No approved current legacy mapping or target DDL; migration excluded,Not applicable until explicit business mapping exists,Keep source table,False
SW_INDEX_COMPONENTS,13,R_ID,5964,f7fa662aab9912f18ce9d64c769b62c1632559304ec852bd097149d747a6e1d6,,No approved current legacy mapping or target DDL; migration excluded,Not applicable until explicit business mapping exists,Keep source table,False
SW_INDEX_HISTORICAL,16,R_ID,17595,cd33ca57dd543f1f9258fefe85b3f710863136f366acc9852dbfe2483494fc94,,No approved current legacy mapping or target DDL; migration excluded,Not applicable until explicit business mapping exists,Keep source table,False
SW_INDEX_MINUTE,13,R_ID,8512,a1ce3199899c719ffb8c3d8fac1ddb274a401868e914bd48c1cc8f7d58b4373a,,No approved current legacy mapping or target DDL; migration excluded,Not applicable until explicit business mapping exists,Keep source table,False
SW_INDEX_REALTIME,18,R_ID,56,8fcf8dd9c60016da3661819e352b9bc49a7838221210d328488e01b63e468b47,,No approved current legacy mapping or target DDL; migration excluded,Not applicable until explicit business mapping exists,Keep source table,False
SW_INDUSTRY_FIRST_INFO,15,R_ID,31,468efdba48f1ad4af9538bbdc4e69f5df07e2d6ac8441dd7f761202ab2673f9f,,No approved current legacy mapping or target DDL; migration excluded,Not applicable until explicit business mapping exists,Keep source table,False
SW_INDUSTRY_SECOND_INFO,16,R_ID,131,a44e6679b40df0b37e75ab1a8934095215c62a3a2591d76ddce0c1291ce6dd43,,No approved current legacy mapping or target DDL; migration excluded,Not applicable until explicit business mapping exists,Keep source table,False
SW_INDUSTRY_THIRD_CONS,25,R_ID,14,bd56fc5ffba3cc5e2cd214e8269381f9b514f498a307d213124015db1a8a767d,,No approved current legacy mapping or target DDL; migration excluded,Not applicable until explicit business mapping exists,Keep source table,False
SW_INDUSTRY_THIRD_INFO,16,R_ID,336,911a3aeb9eb1f7d8d3e2942365a7ad855efb440440e28c77f016472e36ba553f,,No approved current legacy mapping or target DDL; migration excluded,Not applicable until explicit business mapping exists,Keep source table,False
TRADING_DAYS,13,R_ID,8685,7e386d56aa6607cca88881b81f881508d730ce5c24a424a1b946eca32915c79b,,No approved current legacy mapping or target DDL; migration excluded,Not applicable until explicit business mapping exists,Keep source table,False
YW_PRICE_INDEX,14,R_ID,0,52c8bddc030da9053f7275bda0446e884e4d3d0476f010c7ba2391076a78c994,,No approved current legacy mapping or target DDL; migration excluded,Not applicable until explicit business mapping exists,Keep source table,False
