task_id,provider,upstream_model,batch,existing_domain_candidates,coverage_status,implementation_task_status,live_verification_status,upstream_commit,upstream_shape_file,upstream_shape_line,upstream_shape_sha256,phase,requester,scenario,scenario_status,contract_family_candidate,contract_family_status,provider_delta_ref,rights_status,rights_review_task_id,rights_evidence_ref,credential_fields,credential_requirement_status,key_decision_status,access_decision_ref,live_target,async_mode
OBB2-alpha_vantage-EquityHistorical,alpha_vantage,EquityHistorical,P1,,NOT_ASSESSED,NOT_RUN,NOT_RUN,3e071fcc2cd9f891cac6040ae60296dba76dab46,providers/alpha_vantage/openbb_alpha_vantage/__init__.py,19,e8b214471665a46c4fd6c2f260dd7c4d815369a497fb09f6503db1de6340a0dd,2C,cloudQuant,,NOT_ASSESSED,EquityHistorical,NOT_ASSESSED,,NOT_REGISTERED,RIGHTS2-alpha_vantage,,api_key,NOT_ASSESSED,PENDING_DECISION,ACCESS2-alpha_vantage,SOURCE_VERIFIED_WHEN_AUTHORIZED,NOT_ASSESSED
OBB2-alpha_vantage-HistoricalEps,alpha_vantage,HistoricalEps,P1,,NOT_ASSESSED,NOT_RUN,NOT_RUN,3e071fcc2cd9f891cac6040ae60296dba76dab46,providers/alpha_vantage/openbb_alpha_vantage/__init__.py,20,e8b214471665a46c4fd6c2f260dd7c4d815369a497fb09f6503db1de6340a0dd,2C,cloudQuant,,NOT_ASSESSED,HistoricalEps,NOT_ASSESSED,,NOT_REGISTERED,RIGHTS2-alpha_vantage,,api_key,NOT_ASSESSED,PENDING_DECISION,ACCESS2-alpha_vantage,SOURCE_VERIFIED_WHEN_AUTHORIZED,NOT_ASSESSED
OBB2-alpha_vantage-EtfHistorical,alpha_vantage,EtfHistorical,P1,,NOT_ASSESSED,NOT_RUN,NOT_RUN,3e071fcc2cd9f891cac6040ae60296dba76dab46,providers/alpha_vantage/openbb_alpha_vantage/__init__.py,21,e8b214471665a46c4fd6c2f260dd7c4d815369a497fb09f6503db1de6340a0dd,2C,cloudQuant,,NOT_ASSESSED,EtfHistorical,NOT_ASSESSED,,NOT_REGISTERED,RIGHTS2-alpha_vantage,,api_key,NOT_ASSESSED,PENDING_DECISION,ACCESS2-alpha_vantage,SOURCE_VERIFIED_WHEN_AUTHORIZED,NOT_ASSESSED
OBB2-benzinga-AnalystSearch,benzinga,AnalystSearch,P2,,NOT_ASSESSED,NOT_RUN,NOT_RUN,3e071fcc2cd9f891cac6040ae60296dba76dab46,providers/benzinga/openbb_benzinga/__init__.py,16,82e56aa80301c2f86ead205af183a90e0c2d1e4229b448197e1ec04f0167d556,2D,cloudQuant,,NOT_ASSESSED,AnalystSearch,NOT_ASSESSED,,NOT_REGISTERED,RIGHTS2-benzinga,,api_key,NOT_ASSESSED,PENDING_DECISION,ACCESS2-benzinga,SOURCE_VERIFIED_WHEN_AUTHORIZED,NOT_ASSESSED
OBB2-benzinga-CompanyNews,benzinga,CompanyNews,P2,,NOT_ASSESSED,NOT_RUN,NOT_RUN,3e071fcc2cd9f891cac6040ae60296dba76dab46,providers/benzinga/openbb_benzinga/__init__.py,17,82e56aa80301c2f86ead205af183a90e0c2d1e4229b448197e1ec04f0167d556,2D,cloudQuant,,NOT_ASSESSED,CompanyNews,NOT_ASSESSED,,NOT_REGISTERED,RIGHTS2-benzinga,,api_key,NOT_ASSESSED,PENDING_DECISION,ACCESS2-benzinga,SOURCE_VERIFIED_WHEN_AUTHORIZED,NOT_ASSESSED
OBB2-benzinga-WorldNews,benzinga,WorldNews,P2,,NOT_ASSESSED,NOT_RUN,NOT_RUN,3e071fcc2cd9f891cac6040ae60296dba76dab46,providers/benzinga/openbb_benzinga/__init__.py,18,82e56aa80301c2f86ead205af183a90e0c2d1e4229b448197e1ec04f0167d556,2D,cloudQuant,,NOT_ASSESSED,WorldNews,NOT_ASSESSED,,NOT_REGISTERED,RIGHTS2-benzinga,,api_key,NOT_ASSESSED,PENDING_DECISION,ACCESS2-benzinga,SOURCE_VERIFIED_WHEN_AUTHORIZED,NOT_ASSESSED
OBB2-benzinga-PriceTarget,benzinga,PriceTarget,P2,,NOT_ASSESSED,NOT_RUN,NOT_RUN,3e071fcc2cd9f891cac6040ae60296dba76dab46,providers/benzinga/openbb_benzinga/__init__.py,19,82e56aa80301c2f86ead205af183a90e0c2d1e4229b448197e1ec04f0167d556,2D,cloudQuant,,NOT_ASSESSED,PriceTarget,NOT_ASSESSED,,NOT_REGISTERED,RIGHTS2-benzinga,,api_key,NOT_ASSESSED,PENDING_DECISION,ACCESS2-benzinga,SOURCE_VERIFIED_WHEN_AUTHORIZED,NOT_ASSESSED
OBB2-biztoc-WorldNews,biztoc,WorldNews,P2,,NOT_ASSESSED,NOT_RUN,NOT_RUN,3e071fcc2cd9f891cac6040ae60296dba76dab46,providers/biztoc/openbb_biztoc/__init__.py,20,7c6b564db93d06823df3727fb2b6de7e692a189dddf122b1b8565ece76b09455,2D,cloudQuant,,NOT_ASSESSED,WorldNews,NOT_ASSESSED,,NOT_REGISTERED,RIGHTS2-biztoc,,api_key,NOT_ASSESSED,PENDING_DECISION,ACCESS2-biztoc,SOURCE_VERIFIED_WHEN_AUTHORIZED,NOT_ASSESSED
OBB2-bls-BlsSearch,bls,BlsSearch,P1,,NOT_ASSESSED,IN_PROGRESS,NOT_RUN,3e071fcc2cd9f891cac6040ae60296dba76dab46,providers/bls/openbb_bls/__init__.py,16,7f8a15b35b25b3110de3db269de14bf6ce024f44ad6be2a9ada978071eda2620,2B,cloudQuant,,NOT_ASSESSED,BlsSearch,NOT_ASSESSED,,NOT_REGISTERED,RIGHTS2-bls,,api_key,NOT_ASSESSED,PENDING_DECISION,ACCESS2-bls,SOURCE_VERIFIED_WHEN_AUTHORIZED,NOT_ASSESSED
OBB2-bls-BlsSeries,bls,BlsSeries,P1,,NOT_ASSESSED,IN_PROGRESS,NOT_RUN,3e071fcc2cd9f891cac6040ae60296dba76dab46,providers/bls/openbb_bls/__init__.py,17,7f8a15b35b25b3110de3db269de14bf6ce024f44ad6be2a9ada978071eda2620,2B,cloudQuant,,NOT_ASSESSED,BlsSeries,NOT_ASSESSED,,NOT_REGISTERED,RIGHTS2-bls,,api_key,NOT_ASSESSED,PENDING_DECISION,ACCESS2-bls,SOURCE_VERIFIED_WHEN_AUTHORIZED,NOT_ASSESSED
OBB2-cboe-AvailableIndices,cboe,AvailableIndices,P2,,NOT_ASSESSED,DEV_DONE,NOT_RUN,3e071fcc2cd9f891cac6040ae60296dba76dab46,providers/cboe/openbb_cboe/__init__.py,27,46ea531ed3cbd29b20974d1811a09890c70fc1c71cb1973346c63f24bc57fc7b,2D,cloudQuant,,NOT_ASSESSED,AvailableIndices,NOT_ASSESSED,,NOT_REGISTERED,RIGHTS2-cboe,,,NOT_ASSESSED,PENDING_ACCESS_ASSESSMENT,ACCESS2-cboe,SOURCE_VERIFIED_WHEN_AUTHORIZED,NOT_ASSESSED
OBB2-cboe-EquityHistorical,cboe,EquityHistorical,P2,,NOT_ASSESSED,NOT_RUN,NOT_RUN,3e071fcc2cd9f891cac6040ae60296dba76dab46,providers/cboe/openbb_cboe/__init__.py,28,46ea531ed3cbd29b20974d1811a09890c70fc1c71cb1973346c63f24bc57fc7b,2D,cloudQuant,,NOT_ASSESSED,EquityHistorical,NOT_ASSESSED,,NOT_REGISTERED,RIGHTS2-cboe,,,NOT_ASSESSED,PENDING_ACCESS_ASSESSMENT,ACCESS2-cboe,SOURCE_VERIFIED_WHEN_AUTHORIZED,NOT_ASSESSED
OBB2-cboe-EquityQuote,cboe,EquityQuote,P2,,NOT_ASSESSED,NOT_RUN,NOT_RUN,3e071fcc2cd9f891cac6040ae60296dba76dab46,providers/cboe/openbb_cboe/__init__.py,29,46ea531ed3cbd29b20974d1811a09890c70fc1c71cb1973346c63f24bc57fc7b,2D,cloudQuant,,NOT_ASSESSED,EquityQuote,NOT_ASSESSED,,NOT_REGISTERED,RIGHTS2-cboe,,,NOT_ASSESSED,PENDING_ACCESS_ASSESSMENT,ACCESS2-cboe,SOURCE_VERIFIED_WHEN_AUTHORIZED,NOT_ASSESSED
OBB2-cboe-EquitySearch,cboe,EquitySearch,P2,,NOT_ASSESSED,NOT_RUN,NOT_RUN,3e071fcc2cd9f891cac6040ae60296dba76dab46,providers/cboe/openbb_cboe/__init__.py,30,46ea531ed3cbd29b20974d1811a09890c70fc1c71cb1973346c63f24bc57fc7b,2D,cloudQuant,,NOT_ASSESSED,EquitySearch,NOT_ASSESSED,,NOT_REGISTERED,RIGHTS2-cboe,,,NOT_ASSESSED,PENDING_ACCESS_ASSESSMENT,ACCESS2-cboe,SOURCE_VERIFIED_WHEN_AUTHORIZED,NOT_ASSESSED
OBB2-cboe-EtfHistorical,cboe,EtfHistorical,P2,,NOT_ASSESSED,NOT_RUN,NOT_RUN,3e071fcc2cd9f891cac6040ae60296dba76dab46,providers/cboe/openbb_cboe/__init__.py,31,46ea531ed3cbd29b20974d1811a09890c70fc1c71cb1973346c63f24bc57fc7b,2D,cloudQuant,,NOT_ASSESSED,EtfHistorical,NOT_ASSESSED,,NOT_REGISTERED,RIGHTS2-cboe,,,NOT_ASSESSED,PENDING_ACCESS_ASSESSMENT,ACCESS2-cboe,SOURCE_VERIFIED_WHEN_AUTHORIZED,NOT_ASSESSED
OBB2-cboe-IndexConstituents,cboe,IndexConstituents,P2,,NOT_ASSESSED,DEV_DONE,NOT_RUN,3e071fcc2cd9f891cac6040ae60296dba76dab46,providers/cboe/openbb_cboe/__init__.py,32,46ea531ed3cbd29b20974d1811a09890c70fc1c71cb1973346c63f24bc57fc7b,2D,cloudQuant,,NOT_ASSESSED,IndexConstituents,NOT_ASSESSED,,NOT_REGISTERED,RIGHTS2-cboe,,,NOT_ASSESSED,PENDING_ACCESS_ASSESSMENT,ACCESS2-cboe,SOURCE_VERIFIED_WHEN_AUTHORIZED,NOT_ASSESSED
OBB2-cboe-FuturesCurve,cboe,FuturesCurve,P2,,NOT_ASSESSED,NOT_RUN,NOT_RUN,3e071fcc2cd9f891cac6040ae60296dba76dab46,providers/cboe/openbb_cboe/__init__.py,33,46ea531ed3cbd29b20974d1811a09890c70fc1c71cb1973346c63f24bc57fc7b,2D,cloudQuant,,NOT_ASSESSED,FuturesCurve,NOT_ASSESSED,,NOT_REGISTERED,RIGHTS2-cboe,,,NOT_ASSESSED,PENDING_ACCESS_ASSESSMENT,ACCESS2-cboe,SOURCE_VERIFIED_WHEN_AUTHORIZED,NOT_ASSESSED
OBB2-cboe-IndexHistorical,cboe,IndexHistorical,P2,,NOT_ASSESSED,NOT_RUN,NOT_RUN,3e071fcc2cd9f891cac6040ae60296dba76dab46,providers/cboe/openbb_cboe/__init__.py,34,46ea531ed3cbd29b20974d1811a09890c70fc1c71cb1973346c63f24bc57fc7b,2D,cloudQuant,,NOT_ASSESSED,IndexHistorical,NOT_ASSESSED,,NOT_REGISTERED,RIGHTS2-cboe,,,NOT_ASSESSED,PENDING_ACCESS_ASSESSMENT,ACCESS2-cboe,SOURCE_VERIFIED_WHEN_AUTHORIZED,NOT_ASSESSED
OBB2-cboe-IndexSearch,cboe,IndexSearch,P2,,NOT_ASSESSED,DEV_DONE,NOT_RUN,3e071fcc2cd9f891cac6040ae60296dba76dab46,providers/cboe/openbb_cboe/__init__.py,35,46ea531ed3cbd29b20974d1811a09890c70fc1c71cb1973346c63f24bc57fc7b,2D,cloudQuant,,NOT_ASSESSED,IndexSearch,NOT_ASSESSED,,NOT_REGISTERED,RIGHTS2-cboe,,,NOT_ASSESSED,PENDING_ACCESS_ASSESSMENT,ACCESS2-cboe,SOURCE_VERIFIED_WHEN_AUTHORIZED,NOT_ASSESSED
OBB2-cboe-IndexSnapshots,cboe,IndexSnapshots,P2,,NOT_ASSESSED,NOT_RUN,NOT_RUN,3e071fcc2cd9f891cac6040ae60296dba76dab46,providers/cboe/openbb_cboe/__init__.py,36,46ea531ed3cbd29b20974d1811a09890c70fc1c71cb1973346c63f24bc57fc7b,2D,cloudQuant,,NOT_ASSESSED,IndexSnapshots,NOT_ASSESSED,,NOT_REGISTERED,RIGHTS2-cboe,,,NOT_ASSESSED,PENDING_ACCESS_ASSESSMENT,ACCESS2-cboe,SOURCE_VERIFIED_WHEN_AUTHORIZED,NOT_ASSESSED
OBB2-cboe-OptionsChains,cboe,OptionsChains,P2,,NOT_ASSESSED,NOT_RUN,NOT_RUN,3e071fcc2cd9f891cac6040ae60296dba76dab46,providers/cboe/openbb_cboe/__init__.py,37,46ea531ed3cbd29b20974d1811a09890c70fc1c71cb1973346c63f24bc57fc7b,2D,cloudQuant,,NOT_ASSESSED,OptionsChains,NOT_ASSESSED,,NOT_REGISTERED,RIGHTS2-cboe,,,NOT_ASSESSED,PENDING_ACCESS_ASSESSMENT,ACCESS2-cboe,SOURCE_VERIFIED_WHEN_AUTHORIZED,NOT_ASSESSED
OBB2-cftc-COT,cftc,COT,P2,,NOT_ASSESSED,NOT_RUN,NOT_RUN,3e071fcc2cd9f891cac6040ae60296dba76dab46,providers/cftc/openbb_cftc/__init__.py,14,fac47e872c9cf1079298835b5c0a11b32eb4d8d3394085a182e1beb3e51c9245,2D,cloudQuant,,NOT_ASSESSED,COT,NOT_ASSESSED,,NOT_REGISTERED,RIGHTS2-cftc,,app_token,NOT_ASSESSED,PENDING_DECISION,ACCESS2-cftc,SOURCE_VERIFIED_WHEN_AUTHORIZED,NOT_ASSESSED
OBB2-cftc-COTSearch,cftc,COTSearch,P2,,NOT_ASSESSED,NOT_RUN,NOT_RUN,3e071fcc2cd9f891cac6040ae60296dba76dab46,providers/cftc/openbb_cftc/__init__.py,15,fac47e872c9cf1079298835b5c0a11b32eb4d8d3394085a182e1beb3e51c9245,2D,cloudQuant,,NOT_ASSESSED,COTSearch,NOT_ASSESSED,,NOT_REGISTERED,RIGHTS2-cftc,,app_token,NOT_ASSESSED,PENDING_DECISION,ACCESS2-cftc,SOURCE_VERIFIED_WHEN_AUTHORIZED,NOT_ASSESSED
OBB2-congress_gov-CongressBills,congress_gov,CongressBills,P2,,NOT_ASSESSED,NOT_RUN,NOT_RUN,3e071fcc2cd9f891cac6040ae60296dba76dab46,providers/congress_gov/openbb_congress_gov/__init__.py,25,bec4dd3c8d35d85b0556620bb8dbc9249d67f50a41a0f80b54633fe996649943,2D,cloudQuant,,NOT_ASSESSED,CongressBills,NOT_ASSESSED,,NOT_REGISTERED,RIGHTS2-congress_gov,,api_key,NOT_ASSESSED,PENDING_DECISION,ACCESS2-congress_gov,SOURCE_VERIFIED_WHEN_AUTHORIZED,NOT_ASSESSED
OBB2-congress_gov-CongressBillInfo,congress_gov,CongressBillInfo,P2,,NOT_ASSESSED,NOT_RUN,NOT_RUN,3e071fcc2cd9f891cac6040ae60296dba76dab46,providers/congress_gov/openbb_congress_gov/__init__.py,26,bec4dd3c8d35d85b0556620bb8dbc9249d67f50a41a0f80b54633fe996649943,2D,cloudQuant,,NOT_ASSESSED,CongressBillInfo,NOT_ASSESSED,,NOT_REGISTERED,RIGHTS2-congress_gov,,api_key,NOT_ASSESSED,PENDING_DECISION,ACCESS2-congress_gov,SOURCE_VERIFIED_WHEN_AUTHORIZED,NOT_ASSESSED
OBB2-congress_gov-CongressBillText,congress_gov,CongressBillText,P2,,NOT_ASSESSED,NOT_RUN,NOT_RUN,3e071fcc2cd9f891cac6040ae60296dba76dab46,providers/congress_gov/openbb_congress_gov/__init__.py,27,bec4dd3c8d35d85b0556620bb8dbc9249d67f50a41a0f80b54633fe996649943,2D,cloudQuant,,NOT_ASSESSED,CongressBillText,NOT_ASSESSED,,NOT_REGISTERED,RIGHTS2-congress_gov,,api_key,NOT_ASSESSED,PENDING_DECISION,ACCESS2-congress_gov,SOURCE_VERIFIED_WHEN_AUTHORIZED,NOT_ASSESSED
OBB2-congress_gov-CongressAmendments,congress_gov,CongressAmendments,P2,,NOT_ASSESSED,NOT_RUN,NOT_RUN,3e071fcc2cd9f891cac6040ae60296dba76dab46,providers/congress_gov/openbb_congress_gov/__init__.py,28,bec4dd3c8d35d85b0556620bb8dbc9249d67f50a41a0f80b54633fe996649943,2D,cloudQuant,,NOT_ASSESSED,CongressAmendments,NOT_ASSESSED,,NOT_REGISTERED,RIGHTS2-congress_gov,,api_key,NOT_ASSESSED,PENDING_DECISION,ACCESS2-congress_gov,SOURCE_VERIFIED_WHEN_AUTHORIZED,NOT_ASSESSED
OBB2-congress_gov-CongressAmendmentInfo,congress_gov,CongressAmendmentInfo,P2,,NOT_ASSESSED,NOT_RUN,NOT_RUN,3e071fcc2cd9f891cac6040ae60296dba76dab46,providers/congress_gov/openbb_congress_gov/__init__.py,29,bec4dd3c8d35d85b0556620bb8dbc9249d67f50a41a0f80b54633fe996649943,2D,cloudQuant,,NOT_ASSESSED,CongressAmendmentInfo,NOT_ASSESSED,,NOT_REGISTERED,RIGHTS2-congress_gov,,api_key,NOT_ASSESSED,PENDING_DECISION,ACCESS2-congress_gov,SOURCE_VERIFIED_WHEN_AUTHORIZED,NOT_ASSESSED
OBB2-congress_gov-CongressAmendmentText,congress_gov,CongressAmendmentText,P2,,NOT_ASSESSED,NOT_RUN,NOT_RUN,3e071fcc2cd9f891cac6040ae60296dba76dab46,providers/congress_gov/openbb_congress_gov/__init__.py,30,bec4dd3c8d35d85b0556620bb8dbc9249d67f50a41a0f80b54633fe996649943,2D,cloudQuant,,NOT_ASSESSED,CongressAmendmentText,NOT_ASSESSED,,NOT_REGISTERED,RIGHTS2-congress_gov,,api_key,NOT_ASSESSED,PENDING_DECISION,ACCESS2-congress_gov,SOURCE_VERIFIED_WHEN_AUTHORIZED,NOT_ASSESSED
OBB2-congress_gov-CongressCommitteeInfo,congress_gov,CongressCommitteeInfo,P2,,NOT_ASSESSED,NOT_RUN,NOT_RUN,3e071fcc2cd9f891cac6040ae60296dba76dab46,providers/congress_gov/openbb_congress_gov/__init__.py,31,bec4dd3c8d35d85b0556620bb8dbc9249d67f50a41a0f80b54633fe996649943,2D,cloudQuant,,NOT_ASSESSED,CongressCommitteeInfo,NOT_ASSESSED,,NOT_REGISTERED,RIGHTS2-congress_gov,,api_key,NOT_ASSESSED,PENDING_DECISION,ACCESS2-congress_gov,SOURCE_VERIFIED_WHEN_AUTHORIZED,NOT_ASSESSED
OBB2-congress_gov-CongressCommitteeDocuments,congress_gov,CongressCommitteeDocuments,P2,,NOT_ASSESSED,NOT_RUN,NOT_RUN,3e071fcc2cd9f891cac6040ae60296dba76dab46,providers/congress_gov/openbb_congress_gov/__init__.py,32,bec4dd3c8d35d85b0556620bb8dbc9249d67f50a41a0f80b54633fe996649943,2D,cloudQuant,,NOT_ASSESSED,CongressCommitteeDocuments,NOT_ASSESSED,,NOT_REGISTERED,RIGHTS2-congress_gov,,api_key,NOT_ASSESSED,PENDING_DECISION,ACCESS2-congress_gov,SOURCE_VERIFIED_WHEN_AUTHORIZED,NOT_ASSESSED
OBB2-deribit-FuturesCurve,deribit,FuturesCurve,P2,,NOT_ASSESSED,NOT_RUN,NOT_RUN,3e071fcc2cd9f891cac6040ae60296dba76dab46,providers/deribit/openbb_deribit/__init__.py,16,672d19999d36bc74cc8f0151eabbea7b925dc6d849d5301a54f407402a2e465f,2D,cloudQuant,,NOT_ASSESSED,FuturesCurve,NOT_ASSESSED,,NOT_REGISTERED,RIGHTS2-deribit,,,NOT_ASSESSED,PENDING_ACCESS_ASSESSMENT,ACCESS2-deribit,SOURCE_VERIFIED_WHEN_AUTHORIZED,NOT_ASSESSED
OBB2-deribit-FuturesHistorical,deribit,FuturesHistorical,P2,,NOT_ASSESSED,NOT_RUN,NOT_RUN,3e071fcc2cd9f891cac6040ae60296dba76dab46,providers/deribit/openbb_deribit/__init__.py,17,672d19999d36bc74cc8f0151eabbea7b925dc6d849d5301a54f407402a2e465f,2D,cloudQuant,,NOT_ASSESSED,FuturesHistorical,NOT_ASSESSED,,NOT_REGISTERED,RIGHTS2-deribit,,,NOT_ASSESSED,PENDING_ACCESS_ASSESSMENT,ACCESS2-deribit,SOURCE_VERIFIED_WHEN_AUTHORIZED,NOT_ASSESSED
OBB2-deribit-FuturesInfo,deribit,FuturesInfo,P2,,NOT_ASSESSED,NOT_RUN,NOT_RUN,3e071fcc2cd9f891cac6040ae60296dba76dab46,providers/deribit/openbb_deribit/__init__.py,18,672d19999d36bc74cc8f0151eabbea7b925dc6d849d5301a54f407402a2e465f,2D,cloudQuant,,NOT_ASSESSED,FuturesInfo,NOT_ASSESSED,,NOT_REGISTERED,RIGHTS2-deribit,,,NOT_ASSESSED,PENDING_ACCESS_ASSESSMENT,ACCESS2-deribit,SOURCE_VERIFIED_WHEN_AUTHORIZED,NOT_ASSESSED
OBB2-deribit-FuturesInstruments,deribit,FuturesInstruments,P2,,NOT_ASSESSED,NOT_RUN,NOT_RUN,3e071fcc2cd9f891cac6040ae60296dba76dab46,providers/deribit/openbb_deribit/__init__.py,19,672d19999d36bc74cc8f0151eabbea7b925dc6d849d5301a54f407402a2e465f,2D,cloudQuant,,NOT_ASSESSED,FuturesInstruments,NOT_ASSESSED,,NOT_REGISTERED,RIGHTS2-deribit,,,NOT_ASSESSED,PENDING_ACCESS_ASSESSMENT,ACCESS2-deribit,SOURCE_VERIFIED_WHEN_AUTHORIZED,NOT_ASSESSED
OBB2-deribit-OptionsChains,deribit,OptionsChains,P2,,NOT_ASSESSED,NOT_RUN,NOT_RUN,3e071fcc2cd9f891cac6040ae60296dba76dab46,providers/deribit/openbb_deribit/__init__.py,20,672d19999d36bc74cc8f0151eabbea7b925dc6d849d5301a54f407402a2e465f,2D,cloudQuant,,NOT_ASSESSED,OptionsChains,NOT_ASSESSED,,NOT_REGISTERED,RIGHTS2-deribit,,,NOT_ASSESSED,PENDING_ACCESS_ASSESSMENT,ACCESS2-deribit,SOURCE_VERIFIED_WHEN_AUTHORIZED,NOT_ASSESSED
OBB2-ecb-BalanceOfPayments,ecb,BalanceOfPayments,P0,economy_cpi;economy_gdp;economy_rate,NOT_ASSESSED,IN_PROGRESS,NOT_RUN,3e071fcc2cd9f891cac6040ae60296dba76dab46,providers/ecb/openbb_ecb/__init__.py,15,e980cbfd316993b99e645dd60d44f2db30fba738e574f57f12efbaca6854e88a,2B,cloudQuant,,NOT_ASSESSED,BalanceOfPayments,NOT_ASSESSED,,EXISTING_SOURCE_REVIEW_MODEL_PENDING,RIGHTS2-ecb,docs/data-rights-registry.md §1 #10 v1.2（集合登记，模型范围待审）,,NOT_ASSESSED,PENDING_ACCESS_ASSESSMENT,ACCESS2-ecb,SOURCE_VERIFIED_WHEN_AUTHORIZED,NOT_ASSESSED
OBB2-ecb-CurrencyReferenceRates,ecb,CurrencyReferenceRates,P0,economy_cpi;economy_gdp;economy_rate,NOT_ASSESSED,IN_PROGRESS,NOT_RUN,3e071fcc2cd9f891cac6040ae60296dba76dab46,providers/ecb/openbb_ecb/__init__.py,16,e980cbfd316993b99e645dd60d44f2db30fba738e574f57f12efbaca6854e88a,2B,cloudQuant,,NOT_ASSESSED,CurrencyReferenceRates,NOT_ASSESSED,,EXISTING_SOURCE_REVIEW_MODEL_PENDING,RIGHTS2-ecb,docs/data-rights-registry.md §1 #10 v1.2（集合登记，模型范围待审）,,NOT_ASSESSED,PENDING_ACCESS_ASSESSMENT,ACCESS2-ecb,SOURCE_VERIFIED_WHEN_AUTHORIZED,NOT_ASSESSED
OBB2-ecb-YieldCurve,ecb,YieldCurve,P0,economy_cpi;economy_gdp;economy_rate,NOT_ASSESSED,IN_PROGRESS,NOT_RUN,3e071fcc2cd9f891cac6040ae60296dba76dab46,providers/ecb/openbb_ecb/__init__.py,17,e980cbfd316993b99e645dd60d44f2db30fba738e574f57f12efbaca6854e88a,2B,cloudQuant,,NOT_ASSESSED,YieldCurve,NOT_ASSESSED,,EXISTING_SOURCE_REVIEW_MODEL_PENDING,RIGHTS2-ecb,docs/data-rights-registry.md §1 #10 v1.2（集合登记，模型范围待审）,,NOT_ASSESSED,PENDING_ACCESS_ASSESSMENT,ACCESS2-ecb,SOURCE_VERIFIED_WHEN_AUTHORIZED,NOT_ASSESSED
OBB2-econdb-AvailableIndicators,econdb,AvailableIndicators,P1,,NOT_ASSESSED,NOT_RUN,NOT_RUN,3e071fcc2cd9f891cac6040ae60296dba76dab46,providers/econdb/openbb_econdb/__init__.py,26,14daac45be8cf5d75b0c0750f9b27f303f5889eb8e622d0f9368592361f1a2bd,2B,cloudQuant,,NOT_ASSESSED,AvailableIndicators,NOT_ASSESSED,,NOT_REGISTERED,RIGHTS2-econdb,,api_key,NOT_ASSESSED,PENDING_DECISION,ACCESS2-econdb,SOURCE_VERIFIED_WHEN_AUTHORIZED,NOT_ASSESSED
OBB2-econdb-CountryProfile,econdb,CountryProfile,P1,,NOT_ASSESSED,NOT_RUN,NOT_RUN,3e071fcc2cd9f891cac6040ae60296dba76dab46,providers/econdb/openbb_econdb/__init__.py,27,14daac45be8cf5d75b0c0750f9b27f303f5889eb8e622d0f9368592361f1a2bd,2B,cloudQuant,,NOT_ASSESSED,CountryProfile,NOT_ASSESSED,,NOT_REGISTERED,RIGHTS2-econdb,,api_key,NOT_ASSESSED,PENDING_DECISION,ACCESS2-econdb,SOURCE_VERIFIED_WHEN_AUTHORIZED,NOT_ASSESSED
OBB2-econdb-EconomicIndicators,econdb,EconomicIndicators,P1,,NOT_ASSESSED,NOT_RUN,NOT_RUN,3e071fcc2cd9f891cac6040ae60296dba76dab46,providers/econdb/openbb_econdb/__init__.py,28,14daac45be8cf5d75b0c0750f9b27f303f5889eb8e622d0f9368592361f1a2bd,2B,cloudQuant,,NOT_ASSESSED,EconomicIndicators,NOT_ASSESSED,,NOT_REGISTERED,RIGHTS2-econdb,,api_key,NOT_ASSESSED,PENDING_DECISION,ACCESS2-econdb,SOURCE_VERIFIED_WHEN_AUTHORIZED,NOT_ASSESSED
OBB2-econdb-ExportDestinations,econdb,ExportDestinations,P1,,NOT_ASSESSED,NOT_RUN,NOT_RUN,3e071fcc2cd9f891cac6040ae60296dba76dab46,providers/econdb/openbb_econdb/__init__.py,29,14daac45be8cf5d75b0c0750f9b27f303f5889eb8e622d0f9368592361f1a2bd,2B,cloudQuant,,NOT_ASSESSED,ExportDestinations,NOT_ASSESSED,,NOT_REGISTERED,RIGHTS2-econdb,,api_key,NOT_ASSESSED,PENDING_DECISION,ACCESS2-econdb,SOURCE_VERIFIED_WHEN_AUTHORIZED,NOT_ASSESSED
OBB2-econdb-GdpNominal,econdb,GdpNominal,P1,,NOT_ASSESSED,NOT_RUN,NOT_RUN,3e071fcc2cd9f891cac6040ae60296dba76dab46,providers/econdb/openbb_econdb/__init__.py,30,14daac45be8cf5d75b0c0750f9b27f303f5889eb8e622d0f9368592361f1a2bd,2B,cloudQuant,,NOT_ASSESSED,GdpNominal,NOT_ASSESSED,,NOT_REGISTERED,RIGHTS2-econdb,,api_key,NOT_ASSESSED,PENDING_DECISION,ACCESS2-econdb,SOURCE_VERIFIED_WHEN_AUTHORIZED,NOT_ASSESSED
OBB2-econdb-GdpReal,econdb,GdpReal,P1,,NOT_ASSESSED,NOT_RUN,NOT_RUN,3e071fcc2cd9f891cac6040ae60296dba76dab46,providers/econdb/openbb_econdb/__init__.py,31,14daac45be8cf5d75b0c0750f9b27f303f5889eb8e622d0f9368592361f1a2bd,2B,cloudQuant,,NOT_ASSESSED,GdpReal,NOT_ASSESSED,,NOT_REGISTERED,RIGHTS2-econdb,,api_key,NOT_ASSESSED,PENDING_DECISION,ACCESS2-econdb,SOURCE_VERIFIED_WHEN_AUTHORIZED,NOT_ASSESSED
OBB2-econdb-PortVolume,econdb,PortVolume,P1,,NOT_ASSESSED,NOT_RUN,NOT_RUN,3e071fcc2cd9f891cac6040ae60296dba76dab46,providers/econdb/openbb_econdb/__init__.py,32,14daac45be8cf5d75b0c0750f9b27f303f5889eb8e622d0f9368592361f1a2bd,2B,cloudQuant,,NOT_ASSESSED,PortVolume,NOT_ASSESSED,,NOT_REGISTERED,RIGHTS2-econdb,,api_key,NOT_ASSESSED,PENDING_DECISION,ACCESS2-econdb,SOURCE_VERIFIED_WHEN_AUTHORIZED,NOT_ASSESSED
OBB2-econdb-YieldCurve,econdb,YieldCurve,P1,,NOT_ASSESSED,NOT_RUN,NOT_RUN,3e071fcc2cd9f891cac6040ae60296dba76dab46,providers/econdb/openbb_econdb/__init__.py,33,14daac45be8cf5d75b0c0750f9b27f303f5889eb8e622d0f9368592361f1a2bd,2B,cloudQuant,,NOT_ASSESSED,YieldCurve,NOT_ASSESSED,,NOT_REGISTERED,RIGHTS2-econdb,,api_key,NOT_ASSESSED,PENDING_DECISION,ACCESS2-econdb,SOURCE_VERIFIED_WHEN_AUTHORIZED,NOT_ASSESSED
OBB2-eia-PetroleumStatusReport,eia,PetroleumStatusReport,P1,,NOT_ASSESSED,NOT_RUN,NOT_RUN,3e071fcc2cd9f891cac6040ae60296dba76dab46,providers/eia/openbb_us_eia/__init__.py,19,8d5f3478b3c4a45c936001e46ad8c221c4bb6d09b63f994d450f583149eeec8e,2B,cloudQuant,,NOT_ASSESSED,PetroleumStatusReport,NOT_ASSESSED,,NOT_REGISTERED,RIGHTS2-eia,,api_key,NOT_ASSESSED,PENDING_DECISION,ACCESS2-eia,SOURCE_VERIFIED_WHEN_AUTHORIZED,NOT_ASSESSED
OBB2-eia-ShortTermEnergyOutlook,eia,ShortTermEnergyOutlook,P1,,NOT_ASSESSED,NOT_RUN,NOT_RUN,3e071fcc2cd9f891cac6040ae60296dba76dab46,providers/eia/openbb_us_eia/__init__.py,20,8d5f3478b3c4a45c936001e46ad8c221c4bb6d09b63f994d450f583149eeec8e,2B,cloudQuant,,NOT_ASSESSED,ShortTermEnergyOutlook,NOT_ASSESSED,,NOT_REGISTERED,RIGHTS2-eia,,api_key,NOT_ASSESSED,PENDING_DECISION,ACCESS2-eia,SOURCE_VERIFIED_WHEN_AUTHORIZED,NOT_ASSESSED
OBB2-famafrench-FamaFrenchBreakpoints,famafrench,FamaFrenchBreakpoints,P1,,NOT_ASSESSED,NOT_RUN,NOT_RUN,3e071fcc2cd9f891cac6040ae60296dba76dab46,providers/famafrench/openbb_famafrench/__init__.py,27,94b63f527ac038217e54103e1377dc2aaccc207e1a7b80b6bbd15ab075a4c796,2B,cloudQuant,,NOT_ASSESSED,FamaFrenchBreakpoints,NOT_ASSESSED,,NOT_REGISTERED,RIGHTS2-famafrench,,,NOT_ASSESSED,PENDING_ACCESS_ASSESSMENT,ACCESS2-famafrench,SOURCE_VERIFIED_WHEN_AUTHORIZED,NOT_ASSESSED
OBB2-famafrench-FamaFrenchCountryPortfolioReturns,famafrench,FamaFrenchCountryPortfolioReturns,P1,,NOT_ASSESSED,NOT_RUN,NOT_RUN,3e071fcc2cd9f891cac6040ae60296dba76dab46,providers/famafrench/openbb_famafrench/__init__.py,28,94b63f527ac038217e54103e1377dc2aaccc207e1a7b80b6bbd15ab075a4c796,2B,cloudQuant,,NOT_ASSESSED,FamaFrenchCountryPortfolioReturns,NOT_ASSESSED,,NOT_REGISTERED,RIGHTS2-famafrench,,,NOT_ASSESSED,PENDING_ACCESS_ASSESSMENT,ACCESS2-famafrench,SOURCE_VERIFIED_WHEN_AUTHORIZED,NOT_ASSESSED
OBB2-famafrench-FamaFrenchFactors,famafrench,FamaFrenchFactors,P1,,NOT_ASSESSED,NOT_RUN,NOT_RUN,3e071fcc2cd9f891cac6040ae60296dba76dab46,providers/famafrench/openbb_famafrench/__init__.py,29,94b63f527ac038217e54103e1377dc2aaccc207e1a7b80b6bbd15ab075a4c796,2B,cloudQuant,,NOT_ASSESSED,FamaFrenchFactors,NOT_ASSESSED,,NOT_REGISTERED,RIGHTS2-famafrench,,,NOT_ASSESSED,PENDING_ACCESS_ASSESSMENT,ACCESS2-famafrench,SOURCE_VERIFIED_WHEN_AUTHORIZED,NOT_ASSESSED
OBB2-famafrench-FamaFrenchInternationalIndexReturns,famafrench,FamaFrenchInternationalIndexReturns,P1,,NOT_ASSESSED,NOT_RUN,NOT_RUN,3e071fcc2cd9f891cac6040ae60296dba76dab46,providers/famafrench/openbb_famafrench/__init__.py,30,94b63f527ac038217e54103e1377dc2aaccc207e1a7b80b6bbd15ab075a4c796,2B,cloudQuant,,NOT_ASSESSED,FamaFrenchInternationalIndexReturns,NOT_ASSESSED,,NOT_REGISTERED,RIGHTS2-famafrench,,,NOT_ASSESSED,PENDING_ACCESS_ASSESSMENT,ACCESS2-famafrench,SOURCE_VERIFIED_WHEN_AUTHORIZED,NOT_ASSESSED
OBB2-famafrench-FamaFrenchRegionalPortfolioReturns,famafrench,FamaFrenchRegionalPortfolioReturns,P1,,NOT_ASSESSED,NOT_RUN,NOT_RUN,3e071fcc2cd9f891cac6040ae60296dba76dab46,providers/famafrench/openbb_famafrench/__init__.py,31,94b63f527ac038217e54103e1377dc2aaccc207e1a7b80b6bbd15ab075a4c796,2B,cloudQuant,,NOT_ASSESSED,FamaFrenchRegionalPortfolioReturns,NOT_ASSESSED,,NOT_REGISTERED,RIGHTS2-famafrench,,,NOT_ASSESSED,PENDING_ACCESS_ASSESSMENT,ACCESS2-famafrench,SOURCE_VERIFIED_WHEN_AUTHORIZED,NOT_ASSESSED
OBB2-famafrench-FamaFrenchUSPortfolioReturns,famafrench,FamaFrenchUSPortfolioReturns,P1,,NOT_ASSESSED,NOT_RUN,NOT_RUN,3e071fcc2cd9f891cac6040ae60296dba76dab46,providers/famafrench/openbb_famafrench/__init__.py,32,94b63f527ac038217e54103e1377dc2aaccc207e1a7b80b6bbd15ab075a4c796,2B,cloudQuant,,NOT_ASSESSED,FamaFrenchUSPortfolioReturns,NOT_ASSESSED,,NOT_REGISTERED,RIGHTS2-famafrench,,,NOT_ASSESSED,PENDING_ACCESS_ASSESSMENT,ACCESS2-famafrench,SOURCE_VERIFIED_WHEN_AUTHORIZED,NOT_ASSESSED
OBB2-federal_reserve-CentralBankHoldings,federal_reserve,CentralBankHoldings,P1,,NOT_ASSESSED,NOT_RUN,NOT_RUN,3e071fcc2cd9f891cac6040ae60296dba76dab46,providers/federal_reserve/openbb_federal_reserve/__init__.py,45,887f16f50b4f1728ad3ed5f1ea5ba068750a6304d875c93870043337cb5ea3c5,2B,cloudQuant,,NOT_ASSESSED,CentralBankHoldings,NOT_ASSESSED,,NOT_REGISTERED,RIGHTS2-federal_reserve,,,NOT_ASSESSED,PENDING_ACCESS_ASSESSMENT,ACCESS2-federal_reserve,SOURCE_VERIFIED_WHEN_AUTHORIZED,NOT_ASSESSED
OBB2-federal_reserve-FederalFundsRate,federal_reserve,FederalFundsRate,P1,,NOT_ASSESSED,NOT_RUN,NOT_RUN,3e071fcc2cd9f891cac6040ae60296dba76dab46,providers/federal_reserve/openbb_federal_reserve/__init__.py,46,887f16f50b4f1728ad3ed5f1ea5ba068750a6304d875c93870043337cb5ea3c5,2B,cloudQuant,,NOT_ASSESSED,FederalFundsRate,NOT_ASSESSED,,NOT_REGISTERED,RIGHTS2-federal_reserve,,,NOT_ASSESSED,PENDING_ACCESS_ASSESSMENT,ACCESS2-federal_reserve,SOURCE_VERIFIED_WHEN_AUTHORIZED,NOT_ASSESSED
OBB2-federal_reserve-FomcDocuments,federal_reserve,FomcDocuments,P1,,NOT_ASSESSED,NOT_RUN,NOT_RUN,3e071fcc2cd9f891cac6040ae60296dba76dab46,providers/federal_reserve/openbb_federal_reserve/__init__.py,47,887f16f50b4f1728ad3ed5f1ea5ba068750a6304d875c93870043337cb5ea3c5,2B,cloudQuant,,NOT_ASSESSED,FomcDocuments,NOT_ASSESSED,,NOT_REGISTERED,RIGHTS2-federal_reserve,,,NOT_ASSESSED,PENDING_ACCESS_ASSESSMENT,ACCESS2-federal_reserve,SOURCE_VERIFIED_WHEN_AUTHORIZED,NOT_ASSESSED
OBB2-federal_reserve-InflationExpectations,federal_reserve,InflationExpectations,P1,,NOT_ASSESSED,NOT_RUN,NOT_RUN,3e071fcc2cd9f891cac6040ae60296dba76dab46,providers/federal_reserve/openbb_federal_reserve/__init__.py,48,887f16f50b4f1728ad3ed5f1ea5ba068750a6304d875c93870043337cb5ea3c5,2B,cloudQuant,,NOT_ASSESSED,InflationExpectations,NOT_ASSESSED,,NOT_REGISTERED,RIGHTS2-federal_reserve,,,NOT_ASSESSED,PENDING_ACCESS_ASSESSMENT,ACCESS2-federal_reserve,SOURCE_VERIFIED_WHEN_AUTHORIZED,NOT_ASSESSED
OBB2-federal_reserve-MoneyMeasures,federal_reserve,MoneyMeasures,P1,,NOT_ASSESSED,DEV_DONE,NOT_RUN,3e071fcc2cd9f891cac6040ae60296dba76dab46,providers/federal_reserve/openbb_federal_reserve/__init__.py,49,887f16f50b4f1728ad3ed5f1ea5ba068750a6304d875c93870043337cb5ea3c5,2B,cloudQuant,,NOT_ASSESSED,MoneyMeasures,NOT_ASSESSED,,NOT_REGISTERED,RIGHTS2-federal_reserve,,,NOT_ASSESSED,PENDING_ACCESS_ASSESSMENT,ACCESS2-federal_reserve,SOURCE_VERIFIED_WHEN_AUTHORIZED,NOT_ASSESSED
OBB2-federal_reserve-OvernightBankFundingRate,federal_reserve,OvernightBankFundingRate,P1,,NOT_ASSESSED,NOT_RUN,NOT_RUN,3e071fcc2cd9f891cac6040ae60296dba76dab46,providers/federal_reserve/openbb_federal_reserve/__init__.py,50,887f16f50b4f1728ad3ed5f1ea5ba068750a6304d875c93870043337cb5ea3c5,2B,cloudQuant,,NOT_ASSESSED,OvernightBankFundingRate,NOT_ASSESSED,,NOT_REGISTERED,RIGHTS2-federal_reserve,,,NOT_ASSESSED,PENDING_ACCESS_ASSESSMENT,ACCESS2-federal_reserve,SOURCE_VERIFIED_WHEN_AUTHORIZED,NOT_ASSESSED
OBB2-federal_reserve-PrimaryDealerFails,federal_reserve,PrimaryDealerFails,P1,,NOT_ASSESSED,NOT_RUN,NOT_RUN,3e071fcc2cd9f891cac6040ae60296dba76dab46,providers/federal_reserve/openbb_federal_reserve/__init__.py,51,887f16f50b4f1728ad3ed5f1ea5ba068750a6304d875c93870043337cb5ea3c5,2B,cloudQuant,,NOT_ASSESSED,PrimaryDealerFails,NOT_ASSESSED,,NOT_REGISTERED,RIGHTS2-federal_reserve,,,NOT_ASSESSED,PENDING_ACCESS_ASSESSMENT,ACCESS2-federal_reserve,SOURCE_VERIFIED_WHEN_AUTHORIZED,NOT_ASSESSED
OBB2-federal_reserve-PrimaryDealerPositioning,federal_reserve,PrimaryDealerPositioning,P1,,NOT_ASSESSED,NOT_RUN,NOT_RUN,3e071fcc2cd9f891cac6040ae60296dba76dab46,providers/federal_reserve/openbb_federal_reserve/__init__.py,52,887f16f50b4f1728ad3ed5f1ea5ba068750a6304d875c93870043337cb5ea3c5,2B,cloudQuant,,NOT_ASSESSED,PrimaryDealerPositioning,NOT_ASSESSED,,NOT_REGISTERED,RIGHTS2-federal_reserve,,,NOT_ASSESSED,PENDING_ACCESS_ASSESSMENT,ACCESS2-federal_reserve,SOURCE_VERIFIED_WHEN_AUTHORIZED,NOT_ASSESSED
OBB2-federal_reserve-SOFR,federal_reserve,SOFR,P1,,NOT_ASSESSED,NOT_RUN,NOT_RUN,3e071fcc2cd9f891cac6040ae60296dba76dab46,providers/federal_reserve/openbb_federal_reserve/__init__.py,53,887f16f50b4f1728ad3ed5f1ea5ba068750a6304d875c93870043337cb5ea3c5,2B,cloudQuant,,NOT_ASSESSED,SOFR,NOT_ASSESSED,,NOT_REGISTERED,RIGHTS2-federal_reserve,,,NOT_ASSESSED,PENDING_ACCESS_ASSESSMENT,ACCESS2-federal_reserve,SOURCE_VERIFIED_WHEN_AUTHORIZED,NOT_ASSESSED
OBB2-federal_reserve-SvenssonYieldCurve,federal_reserve,SvenssonYieldCurve,P1,,NOT_ASSESSED,NOT_RUN,NOT_RUN,3e071fcc2cd9f891cac6040ae60296dba76dab46,providers/federal_reserve/openbb_federal_reserve/__init__.py,54,887f16f50b4f1728ad3ed5f1ea5ba068750a6304d875c93870043337cb5ea3c5,2B,cloudQuant,,NOT_ASSESSED,SvenssonYieldCurve,NOT_ASSESSED,,NOT_REGISTERED,RIGHTS2-federal_reserve,,,NOT_ASSESSED,PENDING_ACCESS_ASSESSMENT,ACCESS2-federal_reserve,SOURCE_VERIFIED_WHEN_AUTHORIZED,NOT_ASSESSED
OBB2-federal_reserve-TotalFactorProductivity,federal_reserve,TotalFactorProductivity,P1,,NOT_ASSESSED,NOT_RUN,NOT_RUN,3e071fcc2cd9f891cac6040ae60296dba76dab46,providers/federal_reserve/openbb_federal_reserve/__init__.py,55,887f16f50b4f1728ad3ed5f1ea5ba068750a6304d875c93870043337cb5ea3c5,2B,cloudQuant,,NOT_ASSESSED,TotalFactorProductivity,NOT_ASSESSED,,NOT_REGISTERED,RIGHTS2-federal_reserve,,,NOT_ASSESSED,PENDING_ACCESS_ASSESSMENT,ACCESS2-federal_reserve,SOURCE_VERIFIED_WHEN_AUTHORIZED,NOT_ASSESSED
OBB2-federal_reserve-TreasuryRates,federal_reserve,TreasuryRates,P1,,NOT_ASSESSED,DEV_DONE,NOT_RUN,3e071fcc2cd9f891cac6040ae60296dba76dab46,providers/federal_reserve/openbb_federal_reserve/__init__.py,56,887f16f50b4f1728ad3ed5f1ea5ba068750a6304d875c93870043337cb5ea3c5,2B,cloudQuant,,NOT_ASSESSED,TreasuryRates,NOT_ASSESSED,,NOT_REGISTERED,RIGHTS2-federal_reserve,,,NOT_ASSESSED,PENDING_ACCESS_ASSESSMENT,ACCESS2-federal_reserve,SOURCE_VERIFIED_WHEN_AUTHORIZED,NOT_ASSESSED
OBB2-federal_reserve-YieldCurve,federal_reserve,YieldCurve,P1,,NOT_ASSESSED,NOT_RUN,NOT_RUN,3e071fcc2cd9f891cac6040ae60296dba76dab46,providers/federal_reserve/openbb_federal_reserve/__init__.py,57,887f16f50b4f1728ad3ed5f1ea5ba068750a6304d875c93870043337cb5ea3c5,2B,cloudQuant,,NOT_ASSESSED,YieldCurve,NOT_ASSESSED,,NOT_REGISTERED,RIGHTS2-federal_reserve,,,NOT_ASSESSED,PENDING_ACCESS_ASSESSMENT,ACCESS2-federal_reserve,SOURCE_VERIFIED_WHEN_AUTHORIZED,NOT_ASSESSED
OBB2-finra-OTCAggregate,finra,OTCAggregate,P2,,NOT_ASSESSED,NOT_RUN,NOT_RUN,3e071fcc2cd9f891cac6040ae60296dba76dab46,providers/finra/openbb_finra/__init__.py,14,6ed6e0b4ff86ff0763f76647a3df92b1875ae5066b80c22f63561a30e2848510,2D,cloudQuant,,NOT_ASSESSED,OTCAggregate,NOT_ASSESSED,,NOT_REGISTERED,RIGHTS2-finra,,,NOT_ASSESSED,PENDING_ACCESS_ASSESSMENT,ACCESS2-finra,SOURCE_VERIFIED_WHEN_AUTHORIZED,NOT_ASSESSED
OBB2-finra-EquityShortInterest,finra,EquityShortInterest,P2,,NOT_ASSESSED,NOT_RUN,NOT_RUN,3e071fcc2cd9f891cac6040ae60296dba76dab46,providers/finra/openbb_finra/__init__.py,15,6ed6e0b4ff86ff0763f76647a3df92b1875ae5066b80c22f63561a30e2848510,2D,cloudQuant,,NOT_ASSESSED,EquityShortInterest,NOT_ASSESSED,,NOT_REGISTERED,RIGHTS2-finra,,,NOT_ASSESSED,PENDING_ACCESS_ASSESSMENT,ACCESS2-finra,SOURCE_VERIFIED_WHEN_AUTHORIZED,NOT_ASSESSED
OBB2-finviz-CompareGroups,finviz,CompareGroups,P2,,NOT_ASSESSED,NOT_RUN,NOT_RUN,3e071fcc2cd9f891cac6040ae60296dba76dab46,providers/finviz/openbb_finviz/__init__.py,17,002a525ac874a03e5a80bcc3d46357fc15c14fe82a167f32959e8cd883d8c6a4,2D,cloudQuant,,NOT_ASSESSED,CompareGroups,NOT_ASSESSED,,NOT_REGISTERED,RIGHTS2-finviz,,,NOT_ASSESSED,PENDING_ACCESS_ASSESSMENT,ACCESS2-finviz,SOURCE_VERIFIED_WHEN_AUTHORIZED,NOT_ASSESSED
OBB2-finviz-EtfPricePerformance,finviz,EtfPricePerformance,P2,,NOT_ASSESSED,NOT_RUN,NOT_RUN,3e071fcc2cd9f891cac6040ae60296dba76dab46,providers/finviz/openbb_finviz/__init__.py,18,002a525ac874a03e5a80bcc3d46357fc15c14fe82a167f32959e8cd883d8c6a4,2D,cloudQuant,,NOT_ASSESSED,EtfPricePerformance,NOT_ASSESSED,,NOT_REGISTERED,RIGHTS2-finviz,,,NOT_ASSESSED,PENDING_ACCESS_ASSESSMENT,ACCESS2-finviz,SOURCE_VERIFIED_WHEN_AUTHORIZED,NOT_ASSESSED
OBB2-finviz-EquityInfo,finviz,EquityInfo,P2,,NOT_ASSESSED,NOT_RUN,NOT_RUN,3e071fcc2cd9f891cac6040ae60296dba76dab46,providers/finviz/openbb_finviz/__init__.py,19,002a525ac874a03e5a80bcc3d46357fc15c14fe82a167f32959e8cd883d8c6a4,2D,cloudQuant,,NOT_ASSESSED,EquityInfo,NOT_ASSESSED,,NOT_REGISTERED,RIGHTS2-finviz,,,NOT_ASSESSED,PENDING_ACCESS_ASSESSMENT,ACCESS2-finviz,SOURCE_VERIFIED_WHEN_AUTHORIZED,NOT_ASSESSED
OBB2-finviz-EquityScreener,finviz,EquityScreener,P2,,NOT_ASSESSED,NOT_RUN,NOT_RUN,3e071fcc2cd9f891cac6040ae60296dba76dab46,providers/finviz/openbb_finviz/__init__.py,20,002a525ac874a03e5a80bcc3d46357fc15c14fe82a167f32959e8cd883d8c6a4,2D,cloudQuant,,NOT_ASSESSED,EquityScreener,NOT_ASSESSED,,NOT_REGISTERED,RIGHTS2-finviz,,,NOT_ASSESSED,PENDING_ACCESS_ASSESSMENT,ACCESS2-finviz,SOURCE_VERIFIED_WHEN_AUTHORIZED,NOT_ASSESSED
OBB2-finviz-KeyMetrics,finviz,KeyMetrics,P2,,NOT_ASSESSED,NOT_RUN,NOT_RUN,3e071fcc2cd9f891cac6040ae60296dba76dab46,providers/finviz/openbb_finviz/__init__.py,21,002a525ac874a03e5a80bcc3d46357fc15c14fe82a167f32959e8cd883d8c6a4,2D,cloudQuant,,NOT_ASSESSED,KeyMetrics,NOT_ASSESSED,,NOT_REGISTERED,RIGHTS2-finviz,,,NOT_ASSESSED,PENDING_ACCESS_ASSESSMENT,ACCESS2-finviz,SOURCE_VERIFIED_WHEN_AUTHORIZED,NOT_ASSESSED
OBB2-finviz-PricePerformance,finviz,PricePerformance,P2,,NOT_ASSESSED,NOT_RUN,NOT_RUN,3e071fcc2cd9f891cac6040ae60296dba76dab46,providers/finviz/openbb_finviz/__init__.py,22,002a525ac874a03e5a80bcc3d46357fc15c14fe82a167f32959e8cd883d8c6a4,2D,cloudQuant,,NOT_ASSESSED,PricePerformance,NOT_ASSESSED,,NOT_REGISTERED,RIGHTS2-finviz,,,NOT_ASSESSED,PENDING_ACCESS_ASSESSMENT,ACCESS2-finviz,SOURCE_VERIFIED_WHEN_AUTHORIZED,NOT_ASSESSED
OBB2-finviz-PriceTarget,finviz,PriceTarget,P2,,NOT_ASSESSED,NOT_RUN,NOT_RUN,3e071fcc2cd9f891cac6040ae60296dba76dab46,providers/finviz/openbb_finviz/__init__.py,23,002a525ac874a03e5a80bcc3d46357fc15c14fe82a167f32959e8cd883d8c6a4,2D,cloudQuant,,NOT_ASSESSED,PriceTarget,NOT_ASSESSED,,NOT_REGISTERED,RIGHTS2-finviz,,,NOT_ASSESSED,PENDING_ACCESS_ASSESSMENT,ACCESS2-finviz,SOURCE_VERIFIED_WHEN_AUTHORIZED,NOT_ASSESSED
OBB2-fmp-AnalystEstimates,fmp,AnalystEstimates,P1,,NOT_ASSESSED,NOT_RUN,NOT_RUN,3e071fcc2cd9f891cac6040ae60296dba76dab46,providers/fmp/openbb_fmp/__init__.py,79,90f0d23cadabf93d71d9a05b27ab4326579f338bb49d203001c99ec60fe0d391,2C,cloudQuant,,NOT_ASSESSED,AnalystEstimates,NOT_ASSESSED,,NOT_REGISTERED,RIGHTS2-fmp,,api_key,NOT_ASSESSED,PENDING_DECISION,ACCESS2-fmp,SOURCE_VERIFIED_WHEN_AUTHORIZED,NOT_ASSESSED
OBB2-fmp-AvailableIndices,fmp,AvailableIndices,P1,,NOT_ASSESSED,NOT_RUN,NOT_RUN,3e071fcc2cd9f891cac6040ae60296dba76dab46,providers/fmp/openbb_fmp/__init__.py,80,90f0d23cadabf93d71d9a05b27ab4326579f338bb49d203001c99ec60fe0d391,2C,cloudQuant,,NOT_ASSESSED,AvailableIndices,NOT_ASSESSED,,NOT_REGISTERED,RIGHTS2-fmp,,api_key,NOT_ASSESSED,PENDING_DECISION,ACCESS2-fmp,SOURCE_VERIFIED_WHEN_AUTHORIZED,NOT_ASSESSED
OBB2-fmp-BalanceSheet,fmp,BalanceSheet,P1,,NOT_ASSESSED,NOT_RUN,NOT_RUN,3e071fcc2cd9f891cac6040ae60296dba76dab46,providers/fmp/openbb_fmp/__init__.py,81,90f0d23cadabf93d71d9a05b27ab4326579f338bb49d203001c99ec60fe0d391,2C,cloudQuant,,NOT_ASSESSED,BalanceSheet,NOT_ASSESSED,,NOT_REGISTERED,RIGHTS2-fmp,,api_key,NOT_ASSESSED,PENDING_DECISION,ACCESS2-fmp,SOURCE_VERIFIED_WHEN_AUTHORIZED,NOT_ASSESSED
OBB2-fmp-BalanceSheetGrowth,fmp,BalanceSheetGrowth,P1,,NOT_ASSESSED,NOT_RUN,NOT_RUN,3e071fcc2cd9f891cac6040ae60296dba76dab46,providers/fmp/openbb_fmp/__init__.py,82,90f0d23cadabf93d71d9a05b27ab4326579f338bb49d203001c99ec60fe0d391,2C,cloudQuant,,NOT_ASSESSED,BalanceSheetGrowth,NOT_ASSESSED,,NOT_REGISTERED,RIGHTS2-fmp,,api_key,NOT_ASSESSED,PENDING_DECISION,ACCESS2-fmp,SOURCE_VERIFIED_WHEN_AUTHORIZED,NOT_ASSESSED
OBB2-fmp-CalendarDividend,fmp,CalendarDividend,P1,,NOT_ASSESSED,NOT_RUN,NOT_RUN,3e071fcc2cd9f891cac6040ae60296dba76dab46,providers/fmp/openbb_fmp/__init__.py,83,90f0d23cadabf93d71d9a05b27ab4326579f338bb49d203001c99ec60fe0d391,2C,cloudQuant,,NOT_ASSESSED,CalendarDividend,NOT_ASSESSED,,NOT_REGISTERED,RIGHTS2-fmp,,api_key,NOT_ASSESSED,PENDING_DECISION,ACCESS2-fmp,SOURCE_VERIFIED_WHEN_AUTHORIZED,NOT_ASSESSED
OBB2-fmp-CalendarEarnings,fmp,CalendarEarnings,P1,,NOT_ASSESSED,NOT_RUN,NOT_RUN,3e071fcc2cd9f891cac6040ae60296dba76dab46,providers/fmp/openbb_fmp/__init__.py,84,90f0d23cadabf93d71d9a05b27ab4326579f338bb49d203001c99ec60fe0d391,2C,cloudQuant,,NOT_ASSESSED,CalendarEarnings,NOT_ASSESSED,,NOT_REGISTERED,RIGHTS2-fmp,,api_key,NOT_ASSESSED,PENDING_DECISION,ACCESS2-fmp,SOURCE_VERIFIED_WHEN_AUTHORIZED,NOT_ASSESSED
OBB2-fmp-CalendarEvents,fmp,CalendarEvents,P1,,NOT_ASSESSED,NOT_RUN,NOT_RUN,3e071fcc2cd9f891cac6040ae60296dba76dab46,providers/fmp/openbb_fmp/__init__.py,85,90f0d23cadabf93d71d9a05b27ab4326579f338bb49d203001c99ec60fe0d391,2C,cloudQuant,,NOT_ASSESSED,CalendarEvents,NOT_ASSESSED,,NOT_REGISTERED,RIGHTS2-fmp,,api_key,NOT_ASSESSED,PENDING_DECISION,ACCESS2-fmp,SOURCE_VERIFIED_WHEN_AUTHORIZED,NOT_ASSESSED
OBB2-fmp-CalendarIpo,fmp,CalendarIpo,P1,,NOT_ASSESSED,NOT_RUN,NOT_RUN,3e071fcc2cd9f891cac6040ae60296dba76dab46,providers/fmp/openbb_fmp/__init__.py,86,90f0d23cadabf93d71d9a05b27ab4326579f338bb49d203001c99ec60fe0d391,2C,cloudQuant,,NOT_ASSESSED,CalendarIpo,NOT_ASSESSED,,NOT_REGISTERED,RIGHTS2-fmp,,api_key,NOT_ASSESSED,PENDING_DECISION,ACCESS2-fmp,SOURCE_VERIFIED_WHEN_AUTHORIZED,NOT_ASSESSED
OBB2-fmp-CalendarSplits,fmp,CalendarSplits,P1,,NOT_ASSESSED,NOT_RUN,NOT_RUN,3e071fcc2cd9f891cac6040ae60296dba76dab46,providers/fmp/openbb_fmp/__init__.py,87,90f0d23cadabf93d71d9a05b27ab4326579f338bb49d203001c99ec60fe0d391,2C,cloudQuant,,NOT_ASSESSED,CalendarSplits,NOT_ASSESSED,,NOT_REGISTERED,RIGHTS2-fmp,,api_key,NOT_ASSESSED,PENDING_DECISION,ACCESS2-fmp,SOURCE_VERIFIED_WHEN_AUTHORIZED,NOT_ASSESSED
OBB2-fmp-CashFlowStatement,fmp,CashFlowStatement,P1,,NOT_ASSESSED,NOT_RUN,NOT_RUN,3e071fcc2cd9f891cac6040ae60296dba76dab46,providers/fmp/openbb_fmp/__init__.py,88,90f0d23cadabf93d71d9a05b27ab4326579f338bb49d203001c99ec60fe0d391,2C,cloudQuant,,NOT_ASSESSED,CashFlowStatement,NOT_ASSESSED,,NOT_REGISTERED,RIGHTS2-fmp,,api_key,NOT_ASSESSED,PENDING_DECISION,ACCESS2-fmp,SOURCE_VERIFIED_WHEN_AUTHORIZED,NOT_ASSESSED
OBB2-fmp-CashFlowStatementGrowth,fmp,CashFlowStatementGrowth,P1,,NOT_ASSESSED,NOT_RUN,NOT_RUN,3e071fcc2cd9f891cac6040ae60296dba76dab46,providers/fmp/openbb_fmp/__init__.py,89,90f0d23cadabf93d71d9a05b27ab4326579f338bb49d203001c99ec60fe0d391,2C,cloudQuant,,NOT_ASSESSED,CashFlowStatementGrowth,NOT_ASSESSED,,NOT_REGISTERED,RIGHTS2-fmp,,api_key,NOT_ASSESSED,PENDING_DECISION,ACCESS2-fmp,SOURCE_VERIFIED_WHEN_AUTHORIZED,NOT_ASSESSED
OBB2-fmp-CompanyFilings,fmp,CompanyFilings,P1,,NOT_ASSESSED,NOT_RUN,NOT_RUN,3e071fcc2cd9f891cac6040ae60296dba76dab46,providers/fmp/openbb_fmp/__init__.py,90,90f0d23cadabf93d71d9a05b27ab4326579f338bb49d203001c99ec60fe0d391,2C,cloudQuant,,NOT_ASSESSED,CompanyFilings,NOT_ASSESSED,,NOT_REGISTERED,RIGHTS2-fmp,,api_key,NOT_ASSESSED,PENDING_DECISION,ACCESS2-fmp,SOURCE_VERIFIED_WHEN_AUTHORIZED,NOT_ASSESSED
OBB2-fmp-CompanyNews,fmp,CompanyNews,P1,,NOT_ASSESSED,NOT_RUN,NOT_RUN,3e071fcc2cd9f891cac6040ae60296dba76dab46,providers/fmp/openbb_fmp/__init__.py,91,90f0d23cadabf93d71d9a05b27ab4326579f338bb49d203001c99ec60fe0d391,2C,cloudQuant,,NOT_ASSESSED,CompanyNews,NOT_ASSESSED,,NOT_REGISTERED,RIGHTS2-fmp,,api_key,NOT_ASSESSED,PENDING_DECISION,ACCESS2-fmp,SOURCE_VERIFIED_WHEN_AUTHORIZED,NOT_ASSESSED
OBB2-fmp-CryptoHistorical,fmp,CryptoHistorical,P1,,NOT_ASSESSED,NOT_RUN,NOT_RUN,3e071fcc2cd9f891cac6040ae60296dba76dab46,providers/fmp/openbb_fmp/__init__.py,92,90f0d23cadabf93d71d9a05b27ab4326579f338bb49d203001c99ec60fe0d391,2C,cloudQuant,,NOT_ASSESSED,CryptoHistorical,NOT_ASSESSED,,NOT_REGISTERED,RIGHTS2-fmp,,api_key,NOT_ASSESSED,PENDING_DECISION,ACCESS2-fmp,SOURCE_VERIFIED_WHEN_AUTHORIZED,NOT_ASSESSED
OBB2-fmp-CryptoSearch,fmp,CryptoSearch,P1,,NOT_ASSESSED,NOT_RUN,NOT_RUN,3e071fcc2cd9f891cac6040ae60296dba76dab46,providers/fmp/openbb_fmp/__init__.py,93,90f0d23cadabf93d71d9a05b27ab4326579f338bb49d203001c99ec60fe0d391,2C,cloudQuant,,NOT_ASSESSED,CryptoSearch,NOT_ASSESSED,,NOT_REGISTERED,RIGHTS2-fmp,,api_key,NOT_ASSESSED,PENDING_DECISION,ACCESS2-fmp,SOURCE_VERIFIED_WHEN_AUTHORIZED,NOT_ASSESSED
OBB2-fmp-CurrencyHistorical,fmp,CurrencyHistorical,P1,,NOT_ASSESSED,NOT_RUN,NOT_RUN,3e071fcc2cd9f891cac6040ae60296dba76dab46,providers/fmp/openbb_fmp/__init__.py,94,90f0d23cadabf93d71d9a05b27ab4326579f338bb49d203001c99ec60fe0d391,2C,cloudQuant,,NOT_ASSESSED,CurrencyHistorical,NOT_ASSESSED,,NOT_REGISTERED,RIGHTS2-fmp,,api_key,NOT_ASSESSED,PENDING_DECISION,ACCESS2-fmp,SOURCE_VERIFIED_WHEN_AUTHORIZED,NOT_ASSESSED
OBB2-fmp-CurrencyPairs,fmp,CurrencyPairs,P1,,NOT_ASSESSED,NOT_RUN,NOT_RUN,3e071fcc2cd9f891cac6040ae60296dba76dab46,providers/fmp/openbb_fmp/__init__.py,95,90f0d23cadabf93d71d9a05b27ab4326579f338bb49d203001c99ec60fe0d391,2C,cloudQuant,,NOT_ASSESSED,CurrencyPairs,NOT_ASSESSED,,NOT_REGISTERED,RIGHTS2-fmp,,api_key,NOT_ASSESSED,PENDING_DECISION,ACCESS2-fmp,SOURCE_VERIFIED_WHEN_AUTHORIZED,NOT_ASSESSED
OBB2-fmp-CurrencySnapshots,fmp,CurrencySnapshots,P1,,NOT_ASSESSED,NOT_RUN,NOT_RUN,3e071fcc2cd9f891cac6040ae60296dba76dab46,providers/fmp/openbb_fmp/__init__.py,96,90f0d23cadabf93d71d9a05b27ab4326579f338bb49d203001c99ec60fe0d391,2C,cloudQuant,,NOT_ASSESSED,CurrencySnapshots,NOT_ASSESSED,,NOT_REGISTERED,RIGHTS2-fmp,,api_key,NOT_ASSESSED,PENDING_DECISION,ACCESS2-fmp,SOURCE_VERIFIED_WHEN_AUTHORIZED,NOT_ASSESSED
OBB2-fmp-DiscoveryFilings,fmp,DiscoveryFilings,P1,,NOT_ASSESSED,NOT_RUN,NOT_RUN,3e071fcc2cd9f891cac6040ae60296dba76dab46,providers/fmp/openbb_fmp/__init__.py,97,90f0d23cadabf93d71d9a05b27ab4326579f338bb49d203001c99ec60fe0d391,2C,cloudQuant,,NOT_ASSESSED,DiscoveryFilings,NOT_ASSESSED,,NOT_REGISTERED,RIGHTS2-fmp,,api_key,NOT_ASSESSED,PENDING_DECISION,ACCESS2-fmp,SOURCE_VERIFIED_WHEN_AUTHORIZED,NOT_ASSESSED
OBB2-fmp-EarningsCallTranscript,fmp,EarningsCallTranscript,P1,,NOT_ASSESSED,NOT_RUN,NOT_RUN,3e071fcc2cd9f891cac6040ae60296dba76dab46,providers/fmp/openbb_fmp/__init__.py,98,90f0d23cadabf93d71d9a05b27ab4326579f338bb49d203001c99ec60fe0d391,2C,cloudQuant,,NOT_ASSESSED,EarningsCallTranscript,NOT_ASSESSED,,NOT_REGISTERED,RIGHTS2-fmp,,api_key,NOT_ASSESSED,PENDING_DECISION,ACCESS2-fmp,SOURCE_VERIFIED_WHEN_AUTHORIZED,NOT_ASSESSED
OBB2-fmp-EconomicCalendar,fmp,EconomicCalendar,P1,,NOT_ASSESSED,NOT_RUN,NOT_RUN,3e071fcc2cd9f891cac6040ae60296dba76dab46,providers/fmp/openbb_fmp/__init__.py,99,90f0d23cadabf93d71d9a05b27ab4326579f338bb49d203001c99ec60fe0d391,2C,cloudQuant,,NOT_ASSESSED,EconomicCalendar,NOT_ASSESSED,,NOT_REGISTERED,RIGHTS2-fmp,,api_key,NOT_ASSESSED,PENDING_DECISION,ACCESS2-fmp,SOURCE_VERIFIED_WHEN_AUTHORIZED,NOT_ASSESSED
OBB2-fmp-EquityActive,fmp,EquityActive,P1,,NOT_ASSESSED,NOT_RUN,NOT_RUN,3e071fcc2cd9f891cac6040ae60296dba76dab46,providers/fmp/openbb_fmp/__init__.py,100,90f0d23cadabf93d71d9a05b27ab4326579f338bb49d203001c99ec60fe0d391,2C,cloudQuant,,NOT_ASSESSED,EquityActive,NOT_ASSESSED,,NOT_REGISTERED,RIGHTS2-fmp,,api_key,NOT_ASSESSED,PENDING_DECISION,ACCESS2-fmp,SOURCE_VERIFIED_WHEN_AUTHORIZED,NOT_ASSESSED
OBB2-fmp-EquityHistorical,fmp,EquityHistorical,P1,,NOT_ASSESSED,IN_PROGRESS,NOT_RUN,3e071fcc2cd9f891cac6040ae60296dba76dab46,providers/fmp/openbb_fmp/__init__.py,101,90f0d23cadabf93d71d9a05b27ab4326579f338bb49d203001c99ec60fe0d391,2C,cloudQuant,,NOT_ASSESSED,EquityHistorical,NOT_ASSESSED,,NOT_REGISTERED,RIGHTS2-fmp,,api_key,NOT_ASSESSED,PENDING_DECISION,ACCESS2-fmp,SOURCE_VERIFIED_WHEN_AUTHORIZED,NOT_ASSESSED
OBB2-fmp-EquityOwnership,fmp,EquityOwnership,P1,,NOT_ASSESSED,NOT_RUN,NOT_RUN,3e071fcc2cd9f891cac6040ae60296dba76dab46,providers/fmp/openbb_fmp/__init__.py,102,90f0d23cadabf93d71d9a05b27ab4326579f338bb49d203001c99ec60fe0d391,2C,cloudQuant,,NOT_ASSESSED,EquityOwnership,NOT_ASSESSED,,NOT_REGISTERED,RIGHTS2-fmp,,api_key,NOT_ASSESSED,PENDING_DECISION,ACCESS2-fmp,SOURCE_VERIFIED_WHEN_AUTHORIZED,NOT_ASSESSED
OBB2-fmp-EquityPeers,fmp,EquityPeers,P1,,NOT_ASSESSED,NOT_RUN,NOT_RUN,3e071fcc2cd9f891cac6040ae60296dba76dab46,providers/fmp/openbb_fmp/__init__.py,103,90f0d23cadabf93d71d9a05b27ab4326579f338bb49d203001c99ec60fe0d391,2C,cloudQuant,,NOT_ASSESSED,EquityPeers,NOT_ASSESSED,,NOT_REGISTERED,RIGHTS2-fmp,,api_key,NOT_ASSESSED,PENDING_DECISION,ACCESS2-fmp,SOURCE_VERIFIED_WHEN_AUTHORIZED,NOT_ASSESSED
OBB2-fmp-EquityInfo,fmp,EquityInfo,P1,,NOT_ASSESSED,NOT_RUN,NOT_RUN,3e071fcc2cd9f891cac6040ae60296dba76dab46,providers/fmp/openbb_fmp/__init__.py,104,90f0d23cadabf93d71d9a05b27ab4326579f338bb49d203001c99ec60fe0d391,2C,cloudQuant,,NOT_ASSESSED,EquityInfo,NOT_ASSESSED,,NOT_REGISTERED,RIGHTS2-fmp,,api_key,NOT_ASSESSED,PENDING_DECISION,ACCESS2-fmp,SOURCE_VERIFIED_WHEN_AUTHORIZED,NOT_ASSESSED
OBB2-fmp-EquityGainers,fmp,EquityGainers,P1,,NOT_ASSESSED,NOT_RUN,NOT_RUN,3e071fcc2cd9f891cac6040ae60296dba76dab46,providers/fmp/openbb_fmp/__init__.py,105,90f0d23cadabf93d71d9a05b27ab4326579f338bb49d203001c99ec60fe0d391,2C,cloudQuant,,NOT_ASSESSED,EquityGainers,NOT_ASSESSED,,NOT_REGISTERED,RIGHTS2-fmp,,api_key,NOT_ASSESSED,PENDING_DECISION,ACCESS2-fmp,SOURCE_VERIFIED_WHEN_AUTHORIZED,NOT_ASSESSED
OBB2-fmp-EquityLosers,fmp,EquityLosers,P1,,NOT_ASSESSED,NOT_RUN,NOT_RUN,3e071fcc2cd9f891cac6040ae60296dba76dab46,providers/fmp/openbb_fmp/__init__.py,106,90f0d23cadabf93d71d9a05b27ab4326579f338bb49d203001c99ec60fe0d391,2C,cloudQuant,,NOT_ASSESSED,EquityLosers,NOT_ASSESSED,,NOT_REGISTERED,RIGHTS2-fmp,,api_key,NOT_ASSESSED,PENDING_DECISION,ACCESS2-fmp,SOURCE_VERIFIED_WHEN_AUTHORIZED,NOT_ASSESSED
OBB2-fmp-EquityQuote,fmp,EquityQuote,P1,,NOT_ASSESSED,IN_PROGRESS,NOT_RUN,3e071fcc2cd9f891cac6040ae60296dba76dab46,providers/fmp/openbb_fmp/__init__.py,107,90f0d23cadabf93d71d9a05b27ab4326579f338bb49d203001c99ec60fe0d391,2C,cloudQuant,,NOT_ASSESSED,EquityQuote,NOT_ASSESSED,,NOT_REGISTERED,RIGHTS2-fmp,,api_key,NOT_ASSESSED,PENDING_DECISION,ACCESS2-fmp,SOURCE_VERIFIED_WHEN_AUTHORIZED,NOT_ASSESSED
OBB2-fmp-EquityScreener,fmp,EquityScreener,P1,,NOT_ASSESSED,NOT_RUN,NOT_RUN,3e071fcc2cd9f891cac6040ae60296dba76dab46,providers/fmp/openbb_fmp/__init__.py,108,90f0d23cadabf93d71d9a05b27ab4326579f338bb49d203001c99ec60fe0d391,2C,cloudQuant,,NOT_ASSESSED,EquityScreener,NOT_ASSESSED,,NOT_REGISTERED,RIGHTS2-fmp,,api_key,NOT_ASSESSED,PENDING_DECISION,ACCESS2-fmp,SOURCE_VERIFIED_WHEN_AUTHORIZED,NOT_ASSESSED
OBB2-fmp-EsgScore,fmp,EsgScore,P1,,NOT_ASSESSED,NOT_RUN,NOT_RUN,3e071fcc2cd9f891cac6040ae60296dba76dab46,providers/fmp/openbb_fmp/__init__.py,109,90f0d23cadabf93d71d9a05b27ab4326579f338bb49d203001c99ec60fe0d391,2C,cloudQuant,,NOT_ASSESSED,EsgScore,NOT_ASSESSED,,NOT_REGISTERED,RIGHTS2-fmp,,api_key,NOT_ASSESSED,PENDING_DECISION,ACCESS2-fmp,SOURCE_VERIFIED_WHEN_AUTHORIZED,NOT_ASSESSED
OBB2-fmp-EtfCountries,fmp,EtfCountries,P1,,NOT_ASSESSED,NOT_RUN,NOT_RUN,3e071fcc2cd9f891cac6040ae60296dba76dab46,providers/fmp/openbb_fmp/__init__.py,110,90f0d23cadabf93d71d9a05b27ab4326579f338bb49d203001c99ec60fe0d391,2C,cloudQuant,,NOT_ASSESSED,EtfCountries,NOT_ASSESSED,,NOT_REGISTERED,RIGHTS2-fmp,,api_key,NOT_ASSESSED,PENDING_DECISION,ACCESS2-fmp,SOURCE_VERIFIED_WHEN_AUTHORIZED,NOT_ASSESSED
OBB2-fmp-EtfEquityExposure,fmp,EtfEquityExposure,P1,,NOT_ASSESSED,NOT_RUN,NOT_RUN,3e071fcc2cd9f891cac6040ae60296dba76dab46,providers/fmp/openbb_fmp/__init__.py,111,90f0d23cadabf93d71d9a05b27ab4326579f338bb49d203001c99ec60fe0d391,2C,cloudQuant,,NOT_ASSESSED,EtfEquityExposure,NOT_ASSESSED,,NOT_REGISTERED,RIGHTS2-fmp,,api_key,NOT_ASSESSED,PENDING_DECISION,ACCESS2-fmp,SOURCE_VERIFIED_WHEN_AUTHORIZED,NOT_ASSESSED
OBB2-fmp-EtfHoldings,fmp,EtfHoldings,P1,,NOT_ASSESSED,NOT_RUN,NOT_RUN,3e071fcc2cd9f891cac6040ae60296dba76dab46,providers/fmp/openbb_fmp/__init__.py,112,90f0d23cadabf93d71d9a05b27ab4326579f338bb49d203001c99ec60fe0d391,2C,cloudQuant,,NOT_ASSESSED,EtfHoldings,NOT_ASSESSED,,NOT_REGISTERED,RIGHTS2-fmp,,api_key,NOT_ASSESSED,PENDING_DECISION,ACCESS2-fmp,SOURCE_VERIFIED_WHEN_AUTHORIZED,NOT_ASSESSED
OBB2-fmp-EtfInfo,fmp,EtfInfo,P1,,NOT_ASSESSED,NOT_RUN,NOT_RUN,3e071fcc2cd9f891cac6040ae60296dba76dab46,providers/fmp/openbb_fmp/__init__.py,113,90f0d23cadabf93d71d9a05b27ab4326579f338bb49d203001c99ec60fe0d391,2C,cloudQuant,,NOT_ASSESSED,EtfInfo,NOT_ASSESSED,,NOT_REGISTERED,RIGHTS2-fmp,,api_key,NOT_ASSESSED,PENDING_DECISION,ACCESS2-fmp,SOURCE_VERIFIED_WHEN_AUTHORIZED,NOT_ASSESSED
OBB2-fmp-EtfPricePerformance,fmp,EtfPricePerformance,P1,,NOT_ASSESSED,NOT_RUN,NOT_RUN,3e071fcc2cd9f891cac6040ae60296dba76dab46,providers/fmp/openbb_fmp/__init__.py,114,90f0d23cadabf93d71d9a05b27ab4326579f338bb49d203001c99ec60fe0d391,2C,cloudQuant,,NOT_ASSESSED,EtfPricePerformance,NOT_ASSESSED,,NOT_REGISTERED,RIGHTS2-fmp,,api_key,NOT_ASSESSED,PENDING_DECISION,ACCESS2-fmp,SOURCE_VERIFIED_WHEN_AUTHORIZED,NOT_ASSESSED
OBB2-fmp-EtfSearch,fmp,EtfSearch,P1,,NOT_ASSESSED,NOT_RUN,NOT_RUN,3e071fcc2cd9f891cac6040ae60296dba76dab46,providers/fmp/openbb_fmp/__init__.py,115,90f0d23cadabf93d71d9a05b27ab4326579f338bb49d203001c99ec60fe0d391,2C,cloudQuant,,NOT_ASSESSED,EtfSearch,NOT_ASSESSED,,NOT_REGISTERED,RIGHTS2-fmp,,api_key,NOT_ASSESSED,PENDING_DECISION,ACCESS2-fmp,SOURCE_VERIFIED_WHEN_AUTHORIZED,NOT_ASSESSED
OBB2-fmp-EtfSectors,fmp,EtfSectors,P1,,NOT_ASSESSED,NOT_RUN,NOT_RUN,3e071fcc2cd9f891cac6040ae60296dba76dab46,providers/fmp/openbb_fmp/__init__.py,116,90f0d23cadabf93d71d9a05b27ab4326579f338bb49d203001c99ec60fe0d391,2C,cloudQuant,,NOT_ASSESSED,EtfSectors,NOT_ASSESSED,,NOT_REGISTERED,RIGHTS2-fmp,,api_key,NOT_ASSESSED,PENDING_DECISION,ACCESS2-fmp,SOURCE_VERIFIED_WHEN_AUTHORIZED,NOT_ASSESSED
OBB2-fmp-ExecutiveCompensation,fmp,ExecutiveCompensation,P1,,NOT_ASSESSED,NOT_RUN,NOT_RUN,3e071fcc2cd9f891cac6040ae60296dba76dab46,providers/fmp/openbb_fmp/__init__.py,117,90f0d23cadabf93d71d9a05b27ab4326579f338bb49d203001c99ec60fe0d391,2C,cloudQuant,,NOT_ASSESSED,ExecutiveCompensation,NOT_ASSESSED,,NOT_REGISTERED,RIGHTS2-fmp,,api_key,NOT_ASSESSED,PENDING_DECISION,ACCESS2-fmp,SOURCE_VERIFIED_WHEN_AUTHORIZED,NOT_ASSESSED
OBB2-fmp-FinancialRatios,fmp,FinancialRatios,P1,,NOT_ASSESSED,NOT_RUN,NOT_RUN,3e071fcc2cd9f891cac6040ae60296dba76dab46,providers/fmp/openbb_fmp/__init__.py,118,90f0d23cadabf93d71d9a05b27ab4326579f338bb49d203001c99ec60fe0d391,2C,cloudQuant,,NOT_ASSESSED,FinancialRatios,NOT_ASSESSED,,NOT_REGISTERED,RIGHTS2-fmp,,api_key,NOT_ASSESSED,PENDING_DECISION,ACCESS2-fmp,SOURCE_VERIFIED_WHEN_AUTHORIZED,NOT_ASSESSED
OBB2-fmp-ForwardEbitdaEstimates,fmp,ForwardEbitdaEstimates,P1,,NOT_ASSESSED,NOT_RUN,NOT_RUN,3e071fcc2cd9f891cac6040ae60296dba76dab46,providers/fmp/openbb_fmp/__init__.py,119,90f0d23cadabf93d71d9a05b27ab4326579f338bb49d203001c99ec60fe0d391,2C,cloudQuant,,NOT_ASSESSED,ForwardEbitdaEstimates,NOT_ASSESSED,,NOT_REGISTERED,RIGHTS2-fmp,,api_key,NOT_ASSESSED,PENDING_DECISION,ACCESS2-fmp,SOURCE_VERIFIED_WHEN_AUTHORIZED,NOT_ASSESSED
OBB2-fmp-ForwardEpsEstimates,fmp,ForwardEpsEstimates,P1,,NOT_ASSESSED,NOT_RUN,NOT_RUN,3e071fcc2cd9f891cac6040ae60296dba76dab46,providers/fmp/openbb_fmp/__init__.py,120,90f0d23cadabf93d71d9a05b27ab4326579f338bb49d203001c99ec60fe0d391,2C,cloudQuant,,NOT_ASSESSED,ForwardEpsEstimates,NOT_ASSESSED,,NOT_REGISTERED,RIGHTS2-fmp,,api_key,NOT_ASSESSED,PENDING_DECISION,ACCESS2-fmp,SOURCE_VERIFIED_WHEN_AUTHORIZED,NOT_ASSESSED
OBB2-fmp-HistoricalDividends,fmp,HistoricalDividends,P1,,NOT_ASSESSED,NOT_RUN,NOT_RUN,3e071fcc2cd9f891cac6040ae60296dba76dab46,providers/fmp/openbb_fmp/__init__.py,121,90f0d23cadabf93d71d9a05b27ab4326579f338bb49d203001c99ec60fe0d391,2C,cloudQuant,,NOT_ASSESSED,HistoricalDividends,NOT_ASSESSED,,NOT_REGISTERED,RIGHTS2-fmp,,api_key,NOT_ASSESSED,PENDING_DECISION,ACCESS2-fmp,SOURCE_VERIFIED_WHEN_AUTHORIZED,NOT_ASSESSED
OBB2-fmp-HistoricalEmployees,fmp,HistoricalEmployees,P1,,NOT_ASSESSED,NOT_RUN,NOT_RUN,3e071fcc2cd9f891cac6040ae60296dba76dab46,providers/fmp/openbb_fmp/__init__.py,122,90f0d23cadabf93d71d9a05b27ab4326579f338bb49d203001c99ec60fe0d391,2C,cloudQuant,,NOT_ASSESSED,HistoricalEmployees,NOT_ASSESSED,,NOT_REGISTERED,RIGHTS2-fmp,,api_key,NOT_ASSESSED,PENDING_DECISION,ACCESS2-fmp,SOURCE_VERIFIED_WHEN_AUTHORIZED,NOT_ASSESSED
OBB2-fmp-HistoricalEps,fmp,HistoricalEps,P1,,NOT_ASSESSED,NOT_RUN,NOT_RUN,3e071fcc2cd9f891cac6040ae60296dba76dab46,providers/fmp/openbb_fmp/__init__.py,123,90f0d23cadabf93d71d9a05b27ab4326579f338bb49d203001c99ec60fe0d391,2C,cloudQuant,,NOT_ASSESSED,HistoricalEps,NOT_ASSESSED,,NOT_REGISTERED,RIGHTS2-fmp,,api_key,NOT_ASSESSED,PENDING_DECISION,ACCESS2-fmp,SOURCE_VERIFIED_WHEN_AUTHORIZED,NOT_ASSESSED
OBB2-fmp-HistoricalMarketCap,fmp,HistoricalMarketCap,P1,,NOT_ASSESSED,NOT_RUN,NOT_RUN,3e071fcc2cd9f891cac6040ae60296dba76dab46,providers/fmp/openbb_fmp/__init__.py,124,90f0d23cadabf93d71d9a05b27ab4326579f338bb49d203001c99ec60fe0d391,2C,cloudQuant,,NOT_ASSESSED,HistoricalMarketCap,NOT_ASSESSED,,NOT_REGISTERED,RIGHTS2-fmp,,api_key,NOT_ASSESSED,PENDING_DECISION,ACCESS2-fmp,SOURCE_VERIFIED_WHEN_AUTHORIZED,NOT_ASSESSED
OBB2-fmp-HistoricalSplits,fmp,HistoricalSplits,P1,,NOT_ASSESSED,NOT_RUN,NOT_RUN,3e071fcc2cd9f891cac6040ae60296dba76dab46,providers/fmp/openbb_fmp/__init__.py,125,90f0d23cadabf93d71d9a05b27ab4326579f338bb49d203001c99ec60fe0d391,2C,cloudQuant,,NOT_ASSESSED,HistoricalSplits,NOT_ASSESSED,,NOT_REGISTERED,RIGHTS2-fmp,,api_key,NOT_ASSESSED,PENDING_DECISION,ACCESS2-fmp,SOURCE_VERIFIED_WHEN_AUTHORIZED,NOT_ASSESSED
OBB2-fmp-IncomeStatement,fmp,IncomeStatement,P1,,NOT_ASSESSED,NOT_RUN,NOT_RUN,3e071fcc2cd9f891cac6040ae60296dba76dab46,providers/fmp/openbb_fmp/__init__.py,126,90f0d23cadabf93d71d9a05b27ab4326579f338bb49d203001c99ec60fe0d391,2C,cloudQuant,,NOT_ASSESSED,IncomeStatement,NOT_ASSESSED,,NOT_REGISTERED,RIGHTS2-fmp,,api_key,NOT_ASSESSED,PENDING_DECISION,ACCESS2-fmp,SOURCE_VERIFIED_WHEN_AUTHORIZED,NOT_ASSESSED
OBB2-fmp-IncomeStatementGrowth,fmp,IncomeStatementGrowth,P1,,NOT_ASSESSED,NOT_RUN,NOT_RUN,3e071fcc2cd9f891cac6040ae60296dba76dab46,providers/fmp/openbb_fmp/__init__.py,127,90f0d23cadabf93d71d9a05b27ab4326579f338bb49d203001c99ec60fe0d391,2C,cloudQuant,,NOT_ASSESSED,IncomeStatementGrowth,NOT_ASSESSED,,NOT_REGISTERED,RIGHTS2-fmp,,api_key,NOT_ASSESSED,PENDING_DECISION,ACCESS2-fmp,SOURCE_VERIFIED_WHEN_AUTHORIZED,NOT_ASSESSED
OBB2-fmp-IndexConstituents,fmp,IndexConstituents,P1,,NOT_ASSESSED,NOT_RUN,NOT_RUN,3e071fcc2cd9f891cac6040ae60296dba76dab46,providers/fmp/openbb_fmp/__init__.py,128,90f0d23cadabf93d71d9a05b27ab4326579f338bb49d203001c99ec60fe0d391,2C,cloudQuant,,NOT_ASSESSED,IndexConstituents,NOT_ASSESSED,,NOT_REGISTERED,RIGHTS2-fmp,,api_key,NOT_ASSESSED,PENDING_DECISION,ACCESS2-fmp,SOURCE_VERIFIED_WHEN_AUTHORIZED,NOT_ASSESSED
OBB2-fmp-IndexHistorical,fmp,IndexHistorical,P1,,NOT_ASSESSED,NOT_RUN,NOT_RUN,3e071fcc2cd9f891cac6040ae60296dba76dab46,providers/fmp/openbb_fmp/__init__.py,129,90f0d23cadabf93d71d9a05b27ab4326579f338bb49d203001c99ec60fe0d391,2C,cloudQuant,,NOT_ASSESSED,IndexHistorical,NOT_ASSESSED,,NOT_REGISTERED,RIGHTS2-fmp,,api_key,NOT_ASSESSED,PENDING_DECISION,ACCESS2-fmp,SOURCE_VERIFIED_WHEN_AUTHORIZED,NOT_ASSESSED
OBB2-fmp-InsiderTrading,fmp,InsiderTrading,P1,,NOT_ASSESSED,NOT_RUN,NOT_RUN,3e071fcc2cd9f891cac6040ae60296dba76dab46,providers/fmp/openbb_fmp/__init__.py,130,90f0d23cadabf93d71d9a05b27ab4326579f338bb49d203001c99ec60fe0d391,2C,cloudQuant,,NOT_ASSESSED,InsiderTrading,NOT_ASSESSED,,NOT_REGISTERED,RIGHTS2-fmp,,api_key,NOT_ASSESSED,PENDING_DECISION,ACCESS2-fmp,SOURCE_VERIFIED_WHEN_AUTHORIZED,NOT_ASSESSED
OBB2-fmp-InstitutionalOwnership,fmp,InstitutionalOwnership,P1,,NOT_ASSESSED,NOT_RUN,NOT_RUN,3e071fcc2cd9f891cac6040ae60296dba76dab46,providers/fmp/openbb_fmp/__init__.py,131,90f0d23cadabf93d71d9a05b27ab4326579f338bb49d203001c99ec60fe0d391,2C,cloudQuant,,NOT_ASSESSED,InstitutionalOwnership,NOT_ASSESSED,,NOT_REGISTERED,RIGHTS2-fmp,,api_key,NOT_ASSESSED,PENDING_DECISION,ACCESS2-fmp,SOURCE_VERIFIED_WHEN_AUTHORIZED,NOT_ASSESSED
OBB2-fmp-KeyExecutives,fmp,KeyExecutives,P1,,NOT_ASSESSED,NOT_RUN,NOT_RUN,3e071fcc2cd9f891cac6040ae60296dba76dab46,providers/fmp/openbb_fmp/__init__.py,132,90f0d23cadabf93d71d9a05b27ab4326579f338bb49d203001c99ec60fe0d391,2C,cloudQuant,,NOT_ASSESSED,KeyExecutives,NOT_ASSESSED,,NOT_REGISTERED,RIGHTS2-fmp,,api_key,NOT_ASSESSED,PENDING_DECISION,ACCESS2-fmp,SOURCE_VERIFIED_WHEN_AUTHORIZED,NOT_ASSESSED
OBB2-fmp-KeyMetrics,fmp,KeyMetrics,P1,,NOT_ASSESSED,NOT_RUN,NOT_RUN,3e071fcc2cd9f891cac6040ae60296dba76dab46,providers/fmp/openbb_fmp/__init__.py,133,90f0d23cadabf93d71d9a05b27ab4326579f338bb49d203001c99ec60fe0d391,2C,cloudQuant,,NOT_ASSESSED,KeyMetrics,NOT_ASSESSED,,NOT_REGISTERED,RIGHTS2-fmp,,api_key,NOT_ASSESSED,PENDING_DECISION,ACCESS2-fmp,SOURCE_VERIFIED_WHEN_AUTHORIZED,NOT_ASSESSED
OBB2-fmp-MarketSnapshots,fmp,MarketSnapshots,P1,,NOT_ASSESSED,NOT_RUN,NOT_RUN,3e071fcc2cd9f891cac6040ae60296dba76dab46,providers/fmp/openbb_fmp/__init__.py,134,90f0d23cadabf93d71d9a05b27ab4326579f338bb49d203001c99ec60fe0d391,2C,cloudQuant,,NOT_ASSESSED,MarketSnapshots,NOT_ASSESSED,,NOT_REGISTERED,RIGHTS2-fmp,,api_key,NOT_ASSESSED,PENDING_DECISION,ACCESS2-fmp,SOURCE_VERIFIED_WHEN_AUTHORIZED,NOT_ASSESSED
OBB2-fmp-NportDisclosure,fmp,NportDisclosure,P1,,NOT_ASSESSED,NOT_RUN,NOT_RUN,3e071fcc2cd9f891cac6040ae60296dba76dab46,providers/fmp/openbb_fmp/__init__.py,135,90f0d23cadabf93d71d9a05b27ab4326579f338bb49d203001c99ec60fe0d391,2C,cloudQuant,,NOT_ASSESSED,NportDisclosure,NOT_ASSESSED,,NOT_REGISTERED,RIGHTS2-fmp,,api_key,NOT_ASSESSED,PENDING_DECISION,ACCESS2-fmp,SOURCE_VERIFIED_WHEN_AUTHORIZED,NOT_ASSESSED
OBB2-fmp-PricePerformance,fmp,PricePerformance,P1,,NOT_ASSESSED,NOT_RUN,NOT_RUN,3e071fcc2cd9f891cac6040ae60296dba76dab46,providers/fmp/openbb_fmp/__init__.py,136,90f0d23cadabf93d71d9a05b27ab4326579f338bb49d203001c99ec60fe0d391,2C,cloudQuant,,NOT_ASSESSED,PricePerformance,NOT_ASSESSED,,NOT_REGISTERED,RIGHTS2-fmp,,api_key,NOT_ASSESSED,PENDING_DECISION,ACCESS2-fmp,SOURCE_VERIFIED_WHEN_AUTHORIZED,NOT_ASSESSED
OBB2-fmp-PriceTarget,fmp,PriceTarget,P1,,NOT_ASSESSED,NOT_RUN,NOT_RUN,3e071fcc2cd9f891cac6040ae60296dba76dab46,providers/fmp/openbb_fmp/__init__.py,137,90f0d23cadabf93d71d9a05b27ab4326579f338bb49d203001c99ec60fe0d391,2C,cloudQuant,,NOT_ASSESSED,PriceTarget,NOT_ASSESSED,,NOT_REGISTERED,RIGHTS2-fmp,,api_key,NOT_ASSESSED,PENDING_DECISION,ACCESS2-fmp,SOURCE_VERIFIED_WHEN_AUTHORIZED,NOT_ASSESSED
OBB2-fmp-PriceTargetConsensus,fmp,PriceTargetConsensus,P1,,NOT_ASSESSED,NOT_RUN,NOT_RUN,3e071fcc2cd9f891cac6040ae60296dba76dab46,providers/fmp/openbb_fmp/__init__.py,138,90f0d23cadabf93d71d9a05b27ab4326579f338bb49d203001c99ec60fe0d391,2C,cloudQuant,,NOT_ASSESSED,PriceTargetConsensus,NOT_ASSESSED,,NOT_REGISTERED,RIGHTS2-fmp,,api_key,NOT_ASSESSED,PENDING_DECISION,ACCESS2-fmp,SOURCE_VERIFIED_WHEN_AUTHORIZED,NOT_ASSESSED
OBB2-fmp-RevenueBusinessLine,fmp,RevenueBusinessLine,P1,,NOT_ASSESSED,NOT_RUN,NOT_RUN,3e071fcc2cd9f891cac6040ae60296dba76dab46,providers/fmp/openbb_fmp/__init__.py,139,90f0d23cadabf93d71d9a05b27ab4326579f338bb49d203001c99ec60fe0d391,2C,cloudQuant,,NOT_ASSESSED,RevenueBusinessLine,NOT_ASSESSED,,NOT_REGISTERED,RIGHTS2-fmp,,api_key,NOT_ASSESSED,PENDING_DECISION,ACCESS2-fmp,SOURCE_VERIFIED_WHEN_AUTHORIZED,NOT_ASSESSED
OBB2-fmp-RevenueGeographic,fmp,RevenueGeographic,P1,,NOT_ASSESSED,NOT_RUN,NOT_RUN,3e071fcc2cd9f891cac6040ae60296dba76dab46,providers/fmp/openbb_fmp/__init__.py,140,90f0d23cadabf93d71d9a05b27ab4326579f338bb49d203001c99ec60fe0d391,2C,cloudQuant,,NOT_ASSESSED,RevenueGeographic,NOT_ASSESSED,,NOT_REGISTERED,RIGHTS2-fmp,,api_key,NOT_ASSESSED,PENDING_DECISION,ACCESS2-fmp,SOURCE_VERIFIED_WHEN_AUTHORIZED,NOT_ASSESSED
OBB2-fmp-RiskPremium,fmp,RiskPremium,P1,,NOT_ASSESSED,NOT_RUN,NOT_RUN,3e071fcc2cd9f891cac6040ae60296dba76dab46,providers/fmp/openbb_fmp/__init__.py,141,90f0d23cadabf93d71d9a05b27ab4326579f338bb49d203001c99ec60fe0d391,2C,cloudQuant,,NOT_ASSESSED,RiskPremium,NOT_ASSESSED,,NOT_REGISTERED,RIGHTS2-fmp,,api_key,NOT_ASSESSED,PENDING_DECISION,ACCESS2-fmp,SOURCE_VERIFIED_WHEN_AUTHORIZED,NOT_ASSESSED
OBB2-fmp-ShareStatistics,fmp,ShareStatistics,P1,,NOT_ASSESSED,NOT_RUN,NOT_RUN,3e071fcc2cd9f891cac6040ae60296dba76dab46,providers/fmp/openbb_fmp/__init__.py,142,90f0d23cadabf93d71d9a05b27ab4326579f338bb49d203001c99ec60fe0d391,2C,cloudQuant,,NOT_ASSESSED,ShareStatistics,NOT_ASSESSED,,NOT_REGISTERED,RIGHTS2-fmp,,api_key,NOT_ASSESSED,PENDING_DECISION,ACCESS2-fmp,SOURCE_VERIFIED_WHEN_AUTHORIZED,NOT_ASSESSED
OBB2-fmp-TreasuryRates,fmp,TreasuryRates,P1,,NOT_ASSESSED,NOT_RUN,NOT_RUN,3e071fcc2cd9f891cac6040ae60296dba76dab46,providers/fmp/openbb_fmp/__init__.py,143,90f0d23cadabf93d71d9a05b27ab4326579f338bb49d203001c99ec60fe0d391,2C,cloudQuant,,NOT_ASSESSED,TreasuryRates,NOT_ASSESSED,,NOT_REGISTERED,RIGHTS2-fmp,,api_key,NOT_ASSESSED,PENDING_DECISION,ACCESS2-fmp,SOURCE_VERIFIED_WHEN_AUTHORIZED,NOT_ASSESSED
OBB2-fmp-WorldNews,fmp,WorldNews,P1,,NOT_ASSESSED,NOT_RUN,NOT_RUN,3e071fcc2cd9f891cac6040ae60296dba76dab46,providers/fmp/openbb_fmp/__init__.py,144,90f0d23cadabf93d71d9a05b27ab4326579f338bb49d203001c99ec60fe0d391,2C,cloudQuant,,NOT_ASSESSED,WorldNews,NOT_ASSESSED,,NOT_REGISTERED,RIGHTS2-fmp,,api_key,NOT_ASSESSED,PENDING_DECISION,ACCESS2-fmp,SOURCE_VERIFIED_WHEN_AUTHORIZED,NOT_ASSESSED
OBB2-fmp-EtfHistorical,fmp,EtfHistorical,P1,,NOT_ASSESSED,NOT_RUN,NOT_RUN,3e071fcc2cd9f891cac6040ae60296dba76dab46,providers/fmp/openbb_fmp/__init__.py,145,90f0d23cadabf93d71d9a05b27ab4326579f338bb49d203001c99ec60fe0d391,2C,cloudQuant,,NOT_ASSESSED,EtfHistorical,NOT_ASSESSED,,NOT_REGISTERED,RIGHTS2-fmp,,api_key,NOT_ASSESSED,PENDING_DECISION,ACCESS2-fmp,SOURCE_VERIFIED_WHEN_AUTHORIZED,NOT_ASSESSED
OBB2-fmp-YieldCurve,fmp,YieldCurve,P1,,NOT_ASSESSED,NOT_RUN,NOT_RUN,3e071fcc2cd9f891cac6040ae60296dba76dab46,providers/fmp/openbb_fmp/__init__.py,146,90f0d23cadabf93d71d9a05b27ab4326579f338bb49d203001c99ec60fe0d391,2C,cloudQuant,,NOT_ASSESSED,YieldCurve,NOT_ASSESSED,,NOT_REGISTERED,RIGHTS2-fmp,,api_key,NOT_ASSESSED,PENDING_DECISION,ACCESS2-fmp,SOURCE_VERIFIED_WHEN_AUTHORIZED,NOT_ASSESSED
OBB2-fmp-GovernmentTrades,fmp,GovernmentTrades,P1,,NOT_ASSESSED,NOT_RUN,NOT_RUN,3e071fcc2cd9f891cac6040ae60296dba76dab46,providers/fmp/openbb_fmp/__init__.py,147,90f0d23cadabf93d71d9a05b27ab4326579f338bb49d203001c99ec60fe0d391,2C,cloudQuant,,NOT_ASSESSED,GovernmentTrades,NOT_ASSESSED,,NOT_REGISTERED,RIGHTS2-fmp,,api_key,NOT_ASSESSED,PENDING_DECISION,ACCESS2-fmp,SOURCE_VERIFIED_WHEN_AUTHORIZED,NOT_ASSESSED
OBB2-fred-BalanceOfPayments,fred,BalanceOfPayments,P0,economy_cpi;economy_gdp;economy_unemployment,NOT_ASSESSED,NOT_RUN,NOT_RUN,3e071fcc2cd9f891cac6040ae60296dba76dab46,providers/fred/openbb_fred/__init__.py,67,ae3a4afd36eebdf885bcab0d6faa1790baeff9eef799bca24484eb3586a2eb4e,2B,cloudQuant,,NOT_ASSESSED,BalanceOfPayments,NOT_ASSESSED,,EXISTING_SOURCE_REVIEW_MODEL_PENDING,RIGHTS2-fred,docs/data-rights-registry.md §1 #9 v1.2（源级受限，模型范围待审）,api_key,NOT_ASSESSED,PENDING_DECISION,ACCESS2-fred,SOURCE_VERIFIED_WHEN_AUTHORIZED,NOT_ASSESSED
OBB2-fred-BondIndices,fred,BondIndices,P0,economy_cpi;economy_gdp;economy_unemployment,NOT_ASSESSED,NOT_RUN,NOT_RUN,3e071fcc2cd9f891cac6040ae60296dba76dab46,providers/fred/openbb_fred/__init__.py,68,ae3a4afd36eebdf885bcab0d6faa1790baeff9eef799bca24484eb3586a2eb4e,2B,cloudQuant,,NOT_ASSESSED,BondIndices,NOT_ASSESSED,,EXISTING_SOURCE_REVIEW_MODEL_PENDING,RIGHTS2-fred,docs/data-rights-registry.md §1 #9 v1.2（源级受限，模型范围待审）,api_key,NOT_ASSESSED,PENDING_DECISION,ACCESS2-fred,SOURCE_VERIFIED_WHEN_AUTHORIZED,NOT_ASSESSED
OBB2-fred-CommoditySpotPrices,fred,CommoditySpotPrices,P0,economy_cpi;economy_gdp;economy_unemployment,NOT_ASSESSED,NOT_RUN,NOT_RUN,3e071fcc2cd9f891cac6040ae60296dba76dab46,providers/fred/openbb_fred/__init__.py,69,ae3a4afd36eebdf885bcab0d6faa1790baeff9eef799bca24484eb3586a2eb4e,2B,cloudQuant,,NOT_ASSESSED,CommoditySpotPrices,NOT_ASSESSED,,EXISTING_SOURCE_REVIEW_MODEL_PENDING,RIGHTS2-fred,docs/data-rights-registry.md §1 #9 v1.2（源级受限，模型范围待审）,api_key,NOT_ASSESSED,PENDING_DECISION,ACCESS2-fred,SOURCE_VERIFIED_WHEN_AUTHORIZED,NOT_ASSESSED
OBB2-fred-ConsumerPriceIndex,fred,ConsumerPriceIndex,P0,economy_cpi;economy_gdp;economy_unemployment,NOT_ASSESSED,NOT_RUN,NOT_RUN,3e071fcc2cd9f891cac6040ae60296dba76dab46,providers/fred/openbb_fred/__init__.py,70,ae3a4afd36eebdf885bcab0d6faa1790baeff9eef799bca24484eb3586a2eb4e,2B,cloudQuant,,NOT_ASSESSED,ConsumerPriceIndex,NOT_ASSESSED,,EXISTING_SOURCE_REVIEW_MODEL_PENDING,RIGHTS2-fred,docs/data-rights-registry.md §1 #9 v1.2（源级受限，模型范围待审）,api_key,NOT_ASSESSED,PENDING_DECISION,ACCESS2-fred,SOURCE_VERIFIED_WHEN_AUTHORIZED,NOT_ASSESSED
OBB2-fred-SOFR,fred,SOFR,P0,sofr,NOT_ASSESSED,IN_PROGRESS,NOT_RUN,3e071fcc2cd9f891cac6040ae60296dba76dab46,providers/fred/openbb_fred/__init__.py,71,ae3a4afd36eebdf885bcab0d6faa1790baeff9eef799bca24484eb3586a2eb4e,2B,cloudQuant,,NOT_ASSESSED,SOFR,NOT_ASSESSED,,EXISTING_SOURCE_REVIEW_MODEL_PENDING,RIGHTS2-fred,docs/data-rights-registry.md §1 #9 v1.2（源级受限，模型范围待审）,api_key,NOT_ASSESSED,PENDING_DECISION,ACCESS2-fred,SOURCE_VERIFIED_WHEN_AUTHORIZED,bounded_thread
OBB2-fred-EuroShortTermRate,fred,EuroShortTermRate,P0,economy_cpi;economy_gdp;economy_unemployment,NOT_ASSESSED,IN_PROGRESS,NOT_RUN,3e071fcc2cd9f891cac6040ae60296dba76dab46,providers/fred/openbb_fred/__init__.py,72,ae3a4afd36eebdf885bcab0d6faa1790baeff9eef799bca24484eb3586a2eb4e,2B,cloudQuant,,NOT_ASSESSED,EuroShortTermRate,NOT_ASSESSED,,EXISTING_SOURCE_REVIEW_MODEL_PENDING,RIGHTS2-fred,docs/data-rights-registry.md §1 #9 v1.2（源级受限，模型范围待审）,api_key,NOT_ASSESSED,PENDING_DECISION,ACCESS2-fred,SOURCE_VERIFIED_WHEN_AUTHORIZED,NOT_ASSESSED
OBB2-fred-SONIA,fred,SONIA,P0,sonia,NOT_ASSESSED,IN_PROGRESS,NOT_RUN,3e071fcc2cd9f891cac6040ae60296dba76dab46,providers/fred/openbb_fred/__init__.py,73,ae3a4afd36eebdf885bcab0d6faa1790baeff9eef799bca24484eb3586a2eb4e,2B,cloudQuant,,NOT_ASSESSED,SONIA,NOT_ASSESSED,,EXISTING_SOURCE_REVIEW_MODEL_PENDING,RIGHTS2-fred,docs/data-rights-registry.md §1 #9 v1.2（源级受限，模型范围待审）,api_key,NOT_ASSESSED,PENDING_DECISION,ACCESS2-fred,SOURCE_VERIFIED_WHEN_AUTHORIZED,bounded_thread
OBB2-fred-Ameribor,fred,Ameribor,P0,economy_cpi;economy_gdp;economy_unemployment,NOT_ASSESSED,NOT_RUN,NOT_RUN,3e071fcc2cd9f891cac6040ae60296dba76dab46,providers/fred/openbb_fred/__init__.py,74,ae3a4afd36eebdf885bcab0d6faa1790baeff9eef799bca24484eb3586a2eb4e,2B,cloudQuant,,NOT_ASSESSED,Ameribor,NOT_ASSESSED,,EXISTING_SOURCE_REVIEW_MODEL_PENDING,RIGHTS2-fred,docs/data-rights-registry.md §1 #9 v1.2（源级受限，模型范围待审）,api_key,NOT_ASSESSED,PENDING_DECISION,ACCESS2-fred,SOURCE_VERIFIED_WHEN_AUTHORIZED,NOT_ASSESSED
OBB2-fred-FederalFundsRate,fred,FederalFundsRate,P0,economy_cpi;economy_gdp;economy_unemployment,NOT_ASSESSED,NOT_RUN,NOT_RUN,3e071fcc2cd9f891cac6040ae60296dba76dab46,providers/fred/openbb_fred/__init__.py,75,ae3a4afd36eebdf885bcab0d6faa1790baeff9eef799bca24484eb3586a2eb4e,2B,cloudQuant,,NOT_ASSESSED,FederalFundsRate,NOT_ASSESSED,,EXISTING_SOURCE_REVIEW_MODEL_PENDING,RIGHTS2-fred,docs/data-rights-registry.md §1 #9 v1.2（源级受限，模型范围待审）,api_key,NOT_ASSESSED,PENDING_DECISION,ACCESS2-fred,SOURCE_VERIFIED_WHEN_AUTHORIZED,NOT_ASSESSED
OBB2-fred-PROJECTIONS,fred,PROJECTIONS,P0,economy_cpi;economy_gdp;economy_unemployment,NOT_ASSESSED,NOT_RUN,NOT_RUN,3e071fcc2cd9f891cac6040ae60296dba76dab46,providers/fred/openbb_fred/__init__.py,76,ae3a4afd36eebdf885bcab0d6faa1790baeff9eef799bca24484eb3586a2eb4e,2B,cloudQuant,,NOT_ASSESSED,PROJECTIONS,NOT_ASSESSED,,EXISTING_SOURCE_REVIEW_MODEL_PENDING,RIGHTS2-fred,docs/data-rights-registry.md §1 #9 v1.2（源级受限，模型范围待审）,api_key,NOT_ASSESSED,PENDING_DECISION,ACCESS2-fred,SOURCE_VERIFIED_WHEN_AUTHORIZED,NOT_ASSESSED
OBB2-fred-IORB,fred,IORB,P0,economy_cpi;economy_gdp;economy_unemployment,NOT_ASSESSED,IN_PROGRESS,NOT_RUN,3e071fcc2cd9f891cac6040ae60296dba76dab46,providers/fred/openbb_fred/__init__.py,77,ae3a4afd36eebdf885bcab0d6faa1790baeff9eef799bca24484eb3586a2eb4e,2B,cloudQuant,,NOT_ASSESSED,IORB,NOT_ASSESSED,,EXISTING_SOURCE_REVIEW_MODEL_PENDING,RIGHTS2-fred,docs/data-rights-registry.md §1 #9 v1.2（源级受限，模型范围待审）,api_key,NOT_ASSESSED,PENDING_DECISION,ACCESS2-fred,SOURCE_VERIFIED_WHEN_AUTHORIZED,NOT_ASSESSED
OBB2-fred-DiscountWindowPrimaryCreditRate,fred,DiscountWindowPrimaryCreditRate,P0,economy_cpi;economy_gdp;economy_unemployment,NOT_ASSESSED,NOT_RUN,NOT_RUN,3e071fcc2cd9f891cac6040ae60296dba76dab46,providers/fred/openbb_fred/__init__.py,78,ae3a4afd36eebdf885bcab0d6faa1790baeff9eef799bca24484eb3586a2eb4e,2B,cloudQuant,,NOT_ASSESSED,DiscountWindowPrimaryCreditRate,NOT_ASSESSED,,EXISTING_SOURCE_REVIEW_MODEL_PENDING,RIGHTS2-fred,docs/data-rights-registry.md §1 #9 v1.2（源级受限，模型范围待审）,api_key,NOT_ASSESSED,PENDING_DECISION,ACCESS2-fred,SOURCE_VERIFIED_WHEN_AUTHORIZED,NOT_ASSESSED
OBB2-fred-EconomicCalendar,fred,EconomicCalendar,P0,economy_cpi;economy_gdp;economy_unemployment,NOT_ASSESSED,NOT_RUN,NOT_RUN,3e071fcc2cd9f891cac6040ae60296dba76dab46,providers/fred/openbb_fred/__init__.py,79,ae3a4afd36eebdf885bcab0d6faa1790baeff9eef799bca24484eb3586a2eb4e,2B,cloudQuant,,NOT_ASSESSED,EconomicCalendar,NOT_ASSESSED,,EXISTING_SOURCE_REVIEW_MODEL_PENDING,RIGHTS2-fred,docs/data-rights-registry.md §1 #9 v1.2（源级受限，模型范围待审）,api_key,NOT_ASSESSED,PENDING_DECISION,ACCESS2-fred,SOURCE_VERIFIED_WHEN_AUTHORIZED,NOT_ASSESSED
OBB2-fred-EuropeanCentralBankInterestRates,fred,EuropeanCentralBankInterestRates,P0,economy_cpi;economy_gdp;economy_unemployment,NOT_ASSESSED,NOT_RUN,NOT_RUN,3e071fcc2cd9f891cac6040ae60296dba76dab46,providers/fred/openbb_fred/__init__.py,80,ae3a4afd36eebdf885bcab0d6faa1790baeff9eef799bca24484eb3586a2eb4e,2B,cloudQuant,,NOT_ASSESSED,EuropeanCentralBankInterestRates,NOT_ASSESSED,,EXISTING_SOURCE_REVIEW_MODEL_PENDING,RIGHTS2-fred,docs/data-rights-registry.md §1 #9 v1.2（源级受限，模型范围待审）,api_key,NOT_ASSESSED,PENDING_DECISION,ACCESS2-fred,SOURCE_VERIFIED_WHEN_AUTHORIZED,NOT_ASSESSED
OBB2-fred-ManufacturingOutlookNY,fred,ManufacturingOutlookNY,P0,economy_cpi;economy_gdp;economy_unemployment,NOT_ASSESSED,NOT_RUN,NOT_RUN,3e071fcc2cd9f891cac6040ae60296dba76dab46,providers/fred/openbb_fred/__init__.py,81,ae3a4afd36eebdf885bcab0d6faa1790baeff9eef799bca24484eb3586a2eb4e,2B,cloudQuant,,NOT_ASSESSED,ManufacturingOutlookNY,NOT_ASSESSED,,EXISTING_SOURCE_REVIEW_MODEL_PENDING,RIGHTS2-fred,docs/data-rights-registry.md §1 #9 v1.2（源级受限，模型范围待审）,api_key,NOT_ASSESSED,PENDING_DECISION,ACCESS2-fred,SOURCE_VERIFIED_WHEN_AUTHORIZED,NOT_ASSESSED
OBB2-fred-ManufacturingOutlookTexas,fred,ManufacturingOutlookTexas,P0,economy_cpi;economy_gdp;economy_unemployment,NOT_ASSESSED,NOT_RUN,NOT_RUN,3e071fcc2cd9f891cac6040ae60296dba76dab46,providers/fred/openbb_fred/__init__.py,82,ae3a4afd36eebdf885bcab0d6faa1790baeff9eef799bca24484eb3586a2eb4e,2B,cloudQuant,,NOT_ASSESSED,ManufacturingOutlookTexas,NOT_ASSESSED,,EXISTING_SOURCE_REVIEW_MODEL_PENDING,RIGHTS2-fred,docs/data-rights-registry.md §1 #9 v1.2（源级受限，模型范围待审）,api_key,NOT_ASSESSED,PENDING_DECISION,ACCESS2-fred,SOURCE_VERIFIED_WHEN_AUTHORIZED,NOT_ASSESSED
OBB2-fred-MortgageIndices,fred,MortgageIndices,P0,economy_cpi;economy_gdp;economy_unemployment,NOT_ASSESSED,NOT_RUN,NOT_RUN,3e071fcc2cd9f891cac6040ae60296dba76dab46,providers/fred/openbb_fred/__init__.py,83,ae3a4afd36eebdf885bcab0d6faa1790baeff9eef799bca24484eb3586a2eb4e,2B,cloudQuant,,NOT_ASSESSED,MortgageIndices,NOT_ASSESSED,,EXISTING_SOURCE_REVIEW_MODEL_PENDING,RIGHTS2-fred,docs/data-rights-registry.md §1 #9 v1.2（源级受限，模型范围待审）,api_key,NOT_ASSESSED,PENDING_DECISION,ACCESS2-fred,SOURCE_VERIFIED_WHEN_AUTHORIZED,NOT_ASSESSED
OBB2-fred-NonFarmPayrolls,fred,NonFarmPayrolls,P0,economy_cpi;economy_gdp;economy_unemployment,NOT_ASSESSED,NOT_RUN,NOT_RUN,3e071fcc2cd9f891cac6040ae60296dba76dab46,providers/fred/openbb_fred/__init__.py,84,ae3a4afd36eebdf885bcab0d6faa1790baeff9eef799bca24484eb3586a2eb4e,2B,cloudQuant,,NOT_ASSESSED,NonFarmPayrolls,NOT_ASSESSED,,EXISTING_SOURCE_REVIEW_MODEL_PENDING,RIGHTS2-fred,docs/data-rights-registry.md §1 #9 v1.2（源级受限，模型范围待审）,api_key,NOT_ASSESSED,PENDING_DECISION,ACCESS2-fred,SOURCE_VERIFIED_WHEN_AUTHORIZED,NOT_ASSESSED
OBB2-fred-OvernightBankFundingRate,fred,OvernightBankFundingRate,P0,economy_cpi;economy_gdp;economy_unemployment,NOT_ASSESSED,NOT_RUN,NOT_RUN,3e071fcc2cd9f891cac6040ae60296dba76dab46,providers/fred/openbb_fred/__init__.py,85,ae3a4afd36eebdf885bcab0d6faa1790baeff9eef799bca24484eb3586a2eb4e,2B,cloudQuant,,NOT_ASSESSED,OvernightBankFundingRate,NOT_ASSESSED,,EXISTING_SOURCE_REVIEW_MODEL_PENDING,RIGHTS2-fred,docs/data-rights-registry.md §1 #9 v1.2（源级受限，模型范围待审）,api_key,NOT_ASSESSED,PENDING_DECISION,ACCESS2-fred,SOURCE_VERIFIED_WHEN_AUTHORIZED,NOT_ASSESSED
OBB2-fred-PersonalConsumptionExpenditures,fred,PersonalConsumptionExpenditures,P0,economy_cpi;economy_gdp;economy_unemployment,NOT_ASSESSED,NOT_RUN,NOT_RUN,3e071fcc2cd9f891cac6040ae60296dba76dab46,providers/fred/openbb_fred/__init__.py,86,ae3a4afd36eebdf885bcab0d6faa1790baeff9eef799bca24484eb3586a2eb4e,2B,cloudQuant,,NOT_ASSESSED,PersonalConsumptionExpenditures,NOT_ASSESSED,,EXISTING_SOURCE_REVIEW_MODEL_PENDING,RIGHTS2-fred,docs/data-rights-registry.md §1 #9 v1.2（源级受限，模型范围待审）,api_key,NOT_ASSESSED,PENDING_DECISION,ACCESS2-fred,SOURCE_VERIFIED_WHEN_AUTHORIZED,NOT_ASSESSED
OBB2-fred-CommercialPaper,fred,CommercialPaper,P0,economy_cpi;economy_gdp;economy_unemployment,NOT_ASSESSED,NOT_RUN,NOT_RUN,3e071fcc2cd9f891cac6040ae60296dba76dab46,providers/fred/openbb_fred/__init__.py,87,ae3a4afd36eebdf885bcab0d6faa1790baeff9eef799bca24484eb3586a2eb4e,2B,cloudQuant,,NOT_ASSESSED,CommercialPaper,NOT_ASSESSED,,EXISTING_SOURCE_REVIEW_MODEL_PENDING,RIGHTS2-fred,docs/data-rights-registry.md §1 #9 v1.2（源级受限，模型范围待审）,api_key,NOT_ASSESSED,PENDING_DECISION,ACCESS2-fred,SOURCE_VERIFIED_WHEN_AUTHORIZED,NOT_ASSESSED
OBB2-fred-FredReleaseTable,fred,FredReleaseTable,P0,economy_cpi;economy_gdp;economy_unemployment,NOT_ASSESSED,NOT_RUN,NOT_RUN,3e071fcc2cd9f891cac6040ae60296dba76dab46,providers/fred/openbb_fred/__init__.py,88,ae3a4afd36eebdf885bcab0d6faa1790baeff9eef799bca24484eb3586a2eb4e,2B,cloudQuant,,NOT_ASSESSED,FredReleaseTable,NOT_ASSESSED,,EXISTING_SOURCE_REVIEW_MODEL_PENDING,RIGHTS2-fred,docs/data-rights-registry.md §1 #9 v1.2（源级受限，模型范围待审）,api_key,NOT_ASSESSED,PENDING_DECISION,ACCESS2-fred,SOURCE_VERIFIED_WHEN_AUTHORIZED,NOT_ASSESSED
OBB2-fred-FredSearch,fred,FredSearch,P0,economy_cpi;economy_gdp;economy_unemployment,NOT_ASSESSED,IN_PROGRESS,NOT_RUN,3e071fcc2cd9f891cac6040ae60296dba76dab46,providers/fred/openbb_fred/__init__.py,89,ae3a4afd36eebdf885bcab0d6faa1790baeff9eef799bca24484eb3586a2eb4e,2B,cloudQuant,,NOT_ASSESSED,FredSearch,NOT_ASSESSED,,EXISTING_SOURCE_REVIEW_MODEL_PENDING,RIGHTS2-fred,docs/data-rights-registry.md §1 #9 v1.2（源级受限，模型范围待审）,api_key,NOT_ASSESSED,PENDING_DECISION,ACCESS2-fred,SOURCE_VERIFIED_WHEN_AUTHORIZED,NOT_ASSESSED
OBB2-fred-FredSeries,fred,FredSeries,P0,economy_cpi;economy_gdp;economy_unemployment,NOT_ASSESSED,IN_PROGRESS,NOT_RUN,3e071fcc2cd9f891cac6040ae60296dba76dab46,providers/fred/openbb_fred/__init__.py,90,ae3a4afd36eebdf885bcab0d6faa1790baeff9eef799bca24484eb3586a2eb4e,2B,cloudQuant,,NOT_ASSESSED,FredSeries,NOT_ASSESSED,,EXISTING_SOURCE_REVIEW_MODEL_PENDING,RIGHTS2-fred,docs/data-rights-registry.md §1 #9 v1.2（源级受限，模型范围待审）,api_key,NOT_ASSESSED,PENDING_DECISION,ACCESS2-fred,SOURCE_VERIFIED_WHEN_AUTHORIZED,NOT_ASSESSED
OBB2-fred-FredRegional,fred,FredRegional,P0,economy_cpi;economy_gdp;economy_unemployment,NOT_ASSESSED,NOT_RUN,NOT_RUN,3e071fcc2cd9f891cac6040ae60296dba76dab46,providers/fred/openbb_fred/__init__.py,91,ae3a4afd36eebdf885bcab0d6faa1790baeff9eef799bca24484eb3586a2eb4e,2B,cloudQuant,,NOT_ASSESSED,FredRegional,NOT_ASSESSED,,EXISTING_SOURCE_REVIEW_MODEL_PENDING,RIGHTS2-fred,docs/data-rights-registry.md §1 #9 v1.2（源级受限，模型范围待审）,api_key,NOT_ASSESSED,PENDING_DECISION,ACCESS2-fred,SOURCE_VERIFIED_WHEN_AUTHORIZED,NOT_ASSESSED
OBB2-fred-RetailPrices,fred,RetailPrices,P0,economy_cpi;economy_gdp;economy_unemployment,NOT_ASSESSED,NOT_RUN,NOT_RUN,3e071fcc2cd9f891cac6040ae60296dba76dab46,providers/fred/openbb_fred/__init__.py,92,ae3a4afd36eebdf885bcab0d6faa1790baeff9eef799bca24484eb3586a2eb4e,2B,cloudQuant,,NOT_ASSESSED,RetailPrices,NOT_ASSESSED,,EXISTING_SOURCE_REVIEW_MODEL_PENDING,RIGHTS2-fred,docs/data-rights-registry.md §1 #9 v1.2（源级受限，模型范围待审）,api_key,NOT_ASSESSED,PENDING_DECISION,ACCESS2-fred,SOURCE_VERIFIED_WHEN_AUTHORIZED,NOT_ASSESSED
OBB2-fred-SeniorLoanOfficerSurvey,fred,SeniorLoanOfficerSurvey,P0,economy_cpi;economy_gdp;economy_unemployment,NOT_ASSESSED,NOT_RUN,NOT_RUN,3e071fcc2cd9f891cac6040ae60296dba76dab46,providers/fred/openbb_fred/__init__.py,93,ae3a4afd36eebdf885bcab0d6faa1790baeff9eef799bca24484eb3586a2eb4e,2B,cloudQuant,,NOT_ASSESSED,SeniorLoanOfficerSurvey,NOT_ASSESSED,,EXISTING_SOURCE_REVIEW_MODEL_PENDING,RIGHTS2-fred,docs/data-rights-registry.md §1 #9 v1.2（源级受限，模型范围待审）,api_key,NOT_ASSESSED,PENDING_DECISION,ACCESS2-fred,SOURCE_VERIFIED_WHEN_AUTHORIZED,NOT_ASSESSED
OBB2-fred-SpotRate,fred,SpotRate,P0,economy_cpi;economy_gdp;economy_unemployment,NOT_ASSESSED,NOT_RUN,NOT_RUN,3e071fcc2cd9f891cac6040ae60296dba76dab46,providers/fred/openbb_fred/__init__.py,94,ae3a4afd36eebdf885bcab0d6faa1790baeff9eef799bca24484eb3586a2eb4e,2B,cloudQuant,,NOT_ASSESSED,SpotRate,NOT_ASSESSED,,EXISTING_SOURCE_REVIEW_MODEL_PENDING,RIGHTS2-fred,docs/data-rights-registry.md §1 #9 v1.2（源级受限，模型范围待审）,api_key,NOT_ASSESSED,PENDING_DECISION,ACCESS2-fred,SOURCE_VERIFIED_WHEN_AUTHORIZED,NOT_ASSESSED
OBB2-fred-HighQualityMarketCorporateBond,fred,HighQualityMarketCorporateBond,P0,economy_cpi;economy_gdp;economy_unemployment,NOT_ASSESSED,NOT_RUN,NOT_RUN,3e071fcc2cd9f891cac6040ae60296dba76dab46,providers/fred/openbb_fred/__init__.py,95,ae3a4afd36eebdf885bcab0d6faa1790baeff9eef799bca24484eb3586a2eb4e,2B,cloudQuant,,NOT_ASSESSED,HighQualityMarketCorporateBond,NOT_ASSESSED,,EXISTING_SOURCE_REVIEW_MODEL_PENDING,RIGHTS2-fred,docs/data-rights-registry.md §1 #9 v1.2（源级受限，模型范围待审）,api_key,NOT_ASSESSED,PENDING_DECISION,ACCESS2-fred,SOURCE_VERIFIED_WHEN_AUTHORIZED,NOT_ASSESSED
OBB2-fred-TreasuryConstantMaturity,fred,TreasuryConstantMaturity,P0,economy_cpi;economy_gdp;economy_unemployment,NOT_ASSESSED,NOT_RUN,NOT_RUN,3e071fcc2cd9f891cac6040ae60296dba76dab46,providers/fred/openbb_fred/__init__.py,96,ae3a4afd36eebdf885bcab0d6faa1790baeff9eef799bca24484eb3586a2eb4e,2B,cloudQuant,,NOT_ASSESSED,TreasuryConstantMaturity,NOT_ASSESSED,,EXISTING_SOURCE_REVIEW_MODEL_PENDING,RIGHTS2-fred,docs/data-rights-registry.md §1 #9 v1.2（源级受限，模型范围待审）,api_key,NOT_ASSESSED,PENDING_DECISION,ACCESS2-fred,SOURCE_VERIFIED_WHEN_AUTHORIZED,NOT_ASSESSED
OBB2-fred-SelectedTreasuryConstantMaturity,fred,SelectedTreasuryConstantMaturity,P0,economy_cpi;economy_gdp;economy_unemployment,NOT_ASSESSED,NOT_RUN,NOT_RUN,3e071fcc2cd9f891cac6040ae60296dba76dab46,providers/fred/openbb_fred/__init__.py,97,ae3a4afd36eebdf885bcab0d6faa1790baeff9eef799bca24484eb3586a2eb4e,2B,cloudQuant,,NOT_ASSESSED,SelectedTreasuryConstantMaturity,NOT_ASSESSED,,EXISTING_SOURCE_REVIEW_MODEL_PENDING,RIGHTS2-fred,docs/data-rights-registry.md §1 #9 v1.2（源级受限，模型范围待审）,api_key,NOT_ASSESSED,PENDING_DECISION,ACCESS2-fred,SOURCE_VERIFIED_WHEN_AUTHORIZED,NOT_ASSESSED
OBB2-fred-SelectedTreasuryBill,fred,SelectedTreasuryBill,P0,economy_cpi;economy_gdp;economy_unemployment,NOT_ASSESSED,NOT_RUN,NOT_RUN,3e071fcc2cd9f891cac6040ae60296dba76dab46,providers/fred/openbb_fred/__init__.py,98,ae3a4afd36eebdf885bcab0d6faa1790baeff9eef799bca24484eb3586a2eb4e,2B,cloudQuant,,NOT_ASSESSED,SelectedTreasuryBill,NOT_ASSESSED,,EXISTING_SOURCE_REVIEW_MODEL_PENDING,RIGHTS2-fred,docs/data-rights-registry.md §1 #9 v1.2（源级受限，模型范围待审）,api_key,NOT_ASSESSED,PENDING_DECISION,ACCESS2-fred,SOURCE_VERIFIED_WHEN_AUTHORIZED,NOT_ASSESSED
OBB2-fred-SurveyOfEconomicConditionsChicago,fred,SurveyOfEconomicConditionsChicago,P0,economy_cpi;economy_gdp;economy_unemployment,NOT_ASSESSED,NOT_RUN,NOT_RUN,3e071fcc2cd9f891cac6040ae60296dba76dab46,providers/fred/openbb_fred/__init__.py,99,ae3a4afd36eebdf885bcab0d6faa1790baeff9eef799bca24484eb3586a2eb4e,2B,cloudQuant,,NOT_ASSESSED,SurveyOfEconomicConditionsChicago,NOT_ASSESSED,,EXISTING_SOURCE_REVIEW_MODEL_PENDING,RIGHTS2-fred,docs/data-rights-registry.md §1 #9 v1.2（源级受限，模型范围待审）,api_key,NOT_ASSESSED,PENDING_DECISION,ACCESS2-fred,SOURCE_VERIFIED_WHEN_AUTHORIZED,NOT_ASSESSED
OBB2-fred-TipsYields,fred,TipsYields,P0,economy_cpi;economy_gdp;economy_unemployment,NOT_ASSESSED,NOT_RUN,NOT_RUN,3e071fcc2cd9f891cac6040ae60296dba76dab46,providers/fred/openbb_fred/__init__.py,100,ae3a4afd36eebdf885bcab0d6faa1790baeff9eef799bca24484eb3586a2eb4e,2B,cloudQuant,,NOT_ASSESSED,TipsYields,NOT_ASSESSED,,EXISTING_SOURCE_REVIEW_MODEL_PENDING,RIGHTS2-fred,docs/data-rights-registry.md §1 #9 v1.2（源级受限，模型范围待审）,api_key,NOT_ASSESSED,PENDING_DECISION,ACCESS2-fred,SOURCE_VERIFIED_WHEN_AUTHORIZED,NOT_ASSESSED
OBB2-fred-UniversityOfMichigan,fred,UniversityOfMichigan,P0,economy_cpi;economy_gdp;economy_unemployment,NOT_ASSESSED,NOT_RUN,NOT_RUN,3e071fcc2cd9f891cac6040ae60296dba76dab46,providers/fred/openbb_fred/__init__.py,101,ae3a4afd36eebdf885bcab0d6faa1790baeff9eef799bca24484eb3586a2eb4e,2B,cloudQuant,,NOT_ASSESSED,UniversityOfMichigan,NOT_ASSESSED,,EXISTING_SOURCE_REVIEW_MODEL_PENDING,RIGHTS2-fred,docs/data-rights-registry.md §1 #9 v1.2（源级受限，模型范围待审）,api_key,NOT_ASSESSED,PENDING_DECISION,ACCESS2-fred,SOURCE_VERIFIED_WHEN_AUTHORIZED,NOT_ASSESSED
OBB2-fred-YieldCurve,fred,YieldCurve,P0,economy_cpi;economy_gdp;economy_unemployment,NOT_ASSESSED,NOT_RUN,NOT_RUN,3e071fcc2cd9f891cac6040ae60296dba76dab46,providers/fred/openbb_fred/__init__.py,102,ae3a4afd36eebdf885bcab0d6faa1790baeff9eef799bca24484eb3586a2eb4e,2B,cloudQuant,,NOT_ASSESSED,YieldCurve,NOT_ASSESSED,,EXISTING_SOURCE_REVIEW_MODEL_PENDING,RIGHTS2-fred,docs/data-rights-registry.md §1 #9 v1.2（源级受限，模型范围待审）,api_key,NOT_ASSESSED,PENDING_DECISION,ACCESS2-fred,SOURCE_VERIFIED_WHEN_AUTHORIZED,NOT_ASSESSED
OBB2-government_us-CommodityPsdData,government_us,CommodityPsdData,P2,,NOT_ASSESSED,NOT_RUN,NOT_RUN,3e071fcc2cd9f891cac6040ae60296dba76dab46,providers/government_us/openbb_government_us/__init__.py,32,3b77f2a5c683e816746f1edf066297e675fbdf0a646a1eb0ed5851fee830c4aa,2D,cloudQuant,,NOT_ASSESSED,CommodityPsdData,NOT_ASSESSED,,NOT_REGISTERED,RIGHTS2-government_us,,,NOT_ASSESSED,PENDING_ACCESS_ASSESSMENT,ACCESS2-government_us,SOURCE_VERIFIED_WHEN_AUTHORIZED,NOT_ASSESSED
OBB2-government_us-CommodityPsdReport,government_us,CommodityPsdReport,P2,,NOT_ASSESSED,NOT_RUN,NOT_RUN,3e071fcc2cd9f891cac6040ae60296dba76dab46,providers/government_us/openbb_government_us/__init__.py,33,3b77f2a5c683e816746f1edf066297e675fbdf0a646a1eb0ed5851fee830c4aa,2D,cloudQuant,,NOT_ASSESSED,CommodityPsdReport,NOT_ASSESSED,,NOT_REGISTERED,RIGHTS2-government_us,,,NOT_ASSESSED,PENDING_ACCESS_ASSESSMENT,ACCESS2-government_us,SOURCE_VERIFIED_WHEN_AUTHORIZED,NOT_ASSESSED
OBB2-government_us-TreasuryAuctions,government_us,TreasuryAuctions,P2,,NOT_ASSESSED,NOT_RUN,NOT_RUN,3e071fcc2cd9f891cac6040ae60296dba76dab46,providers/government_us/openbb_government_us/__init__.py,34,3b77f2a5c683e816746f1edf066297e675fbdf0a646a1eb0ed5851fee830c4aa,2D,cloudQuant,,NOT_ASSESSED,TreasuryAuctions,NOT_ASSESSED,,NOT_REGISTERED,RIGHTS2-government_us,,,NOT_ASSESSED,PENDING_ACCESS_ASSESSMENT,ACCESS2-government_us,SOURCE_VERIFIED_WHEN_AUTHORIZED,NOT_ASSESSED
OBB2-government_us-TreasuryPrices,government_us,TreasuryPrices,P2,,NOT_ASSESSED,NOT_RUN,NOT_RUN,3e071fcc2cd9f891cac6040ae60296dba76dab46,providers/government_us/openbb_government_us/__init__.py,35,3b77f2a5c683e816746f1edf066297e675fbdf0a646a1eb0ed5851fee830c4aa,2D,cloudQuant,,NOT_ASSESSED,TreasuryPrices,NOT_ASSESSED,,NOT_REGISTERED,RIGHTS2-government_us,,,NOT_ASSESSED,PENDING_ACCESS_ASSESSMENT,ACCESS2-government_us,SOURCE_VERIFIED_WHEN_AUTHORIZED,NOT_ASSESSED
OBB2-government_us-WeatherBulletin,government_us,WeatherBulletin,P2,,NOT_ASSESSED,NOT_RUN,NOT_RUN,3e071fcc2cd9f891cac6040ae60296dba76dab46,providers/government_us/openbb_government_us/__init__.py,36,3b77f2a5c683e816746f1edf066297e675fbdf0a646a1eb0ed5851fee830c4aa,2D,cloudQuant,,NOT_ASSESSED,WeatherBulletin,NOT_ASSESSED,,NOT_REGISTERED,RIGHTS2-government_us,,,NOT_ASSESSED,PENDING_ACCESS_ASSESSMENT,ACCESS2-government_us,SOURCE_VERIFIED_WHEN_AUTHORIZED,NOT_ASSESSED
OBB2-government_us-WeatherBulletinDownload,government_us,WeatherBulletinDownload,P2,,NOT_ASSESSED,NOT_RUN,NOT_RUN,3e071fcc2cd9f891cac6040ae60296dba76dab46,providers/government_us/openbb_government_us/__init__.py,37,3b77f2a5c683e816746f1edf066297e675fbdf0a646a1eb0ed5851fee830c4aa,2D,cloudQuant,,NOT_ASSESSED,WeatherBulletinDownload,NOT_ASSESSED,,NOT_REGISTERED,RIGHTS2-government_us,,,NOT_ASSESSED,PENDING_ACCESS_ASSESSMENT,ACCESS2-government_us,SOURCE_VERIFIED_WHEN_AUTHORIZED,NOT_ASSESSED
OBB2-imf-AvailableIndicators,imf,AvailableIndicators,P0,economy_cpi;economy_gdp;economy_unemployment,NOT_ASSESSED,NOT_RUN,NOT_RUN,3e071fcc2cd9f891cac6040ae60296dba76dab46,providers/imf/openbb_imf/__init__.py,20,5145896209728e63563b79e83ed5214912a6241dd26f512f5e0c184db010a328,2B,cloudQuant,,NOT_ASSESSED,AvailableIndicators,NOT_ASSESSED,,EXISTING_SOURCE_REVIEW_MODEL_PENDING,RIGHTS2-imf,docs/data-rights-registry.md §1 #10 v1.2（集合登记，模型范围待审）,,NOT_ASSESSED,PENDING_ACCESS_ASSESSMENT,ACCESS2-imf,SOURCE_VERIFIED_WHEN_AUTHORIZED,NOT_ASSESSED
OBB2-imf-ConsumerPriceIndex,imf,ConsumerPriceIndex,P0,economy_cpi;economy_gdp;economy_unemployment,NOT_ASSESSED,NOT_RUN,NOT_RUN,3e071fcc2cd9f891cac6040ae60296dba76dab46,providers/imf/openbb_imf/__init__.py,21,5145896209728e63563b79e83ed5214912a6241dd26f512f5e0c184db010a328,2B,cloudQuant,,NOT_ASSESSED,ConsumerPriceIndex,NOT_ASSESSED,,EXISTING_SOURCE_REVIEW_MODEL_PENDING,RIGHTS2-imf,docs/data-rights-registry.md §1 #10 v1.2（集合登记，模型范围待审）,,NOT_ASSESSED,PENDING_ACCESS_ASSESSMENT,ACCESS2-imf,SOURCE_VERIFIED_WHEN_AUTHORIZED,NOT_ASSESSED
OBB2-imf-DirectionOfTrade,imf,DirectionOfTrade,P0,economy_cpi;economy_gdp;economy_unemployment,NOT_ASSESSED,NOT_RUN,NOT_RUN,3e071fcc2cd9f891cac6040ae60296dba76dab46,providers/imf/openbb_imf/__init__.py,22,5145896209728e63563b79e83ed5214912a6241dd26f512f5e0c184db010a328,2B,cloudQuant,,NOT_ASSESSED,DirectionOfTrade,NOT_ASSESSED,,EXISTING_SOURCE_REVIEW_MODEL_PENDING,RIGHTS2-imf,docs/data-rights-registry.md §1 #10 v1.2（集合登记，模型范围待审）,,NOT_ASSESSED,PENDING_ACCESS_ASSESSMENT,ACCESS2-imf,SOURCE_VERIFIED_WHEN_AUTHORIZED,NOT_ASSESSED
OBB2-imf-EconomicIndicators,imf,EconomicIndicators,P0,economy_cpi;economy_gdp;economy_unemployment,NOT_ASSESSED,NOT_RUN,NOT_RUN,3e071fcc2cd9f891cac6040ae60296dba76dab46,providers/imf/openbb_imf/__init__.py,23,5145896209728e63563b79e83ed5214912a6241dd26f512f5e0c184db010a328,2B,cloudQuant,,NOT_ASSESSED,EconomicIndicators,NOT_ASSESSED,,EXISTING_SOURCE_REVIEW_MODEL_PENDING,RIGHTS2-imf,docs/data-rights-registry.md §1 #10 v1.2（集合登记，模型范围待审）,,NOT_ASSESSED,PENDING_ACCESS_ASSESSMENT,ACCESS2-imf,SOURCE_VERIFIED_WHEN_AUTHORIZED,NOT_ASSESSED
OBB2-imf-MaritimeChokePointInfo,imf,MaritimeChokePointInfo,P0,economy_cpi;economy_gdp;economy_unemployment,NOT_ASSESSED,NOT_RUN,NOT_RUN,3e071fcc2cd9f891cac6040ae60296dba76dab46,providers/imf/openbb_imf/__init__.py,24,5145896209728e63563b79e83ed5214912a6241dd26f512f5e0c184db010a328,2B,cloudQuant,,NOT_ASSESSED,MaritimeChokePointInfo,NOT_ASSESSED,,EXISTING_SOURCE_REVIEW_MODEL_PENDING,RIGHTS2-imf,docs/data-rights-registry.md §1 #10 v1.2（集合登记，模型范围待审）,,NOT_ASSESSED,PENDING_ACCESS_ASSESSMENT,ACCESS2-imf,SOURCE_VERIFIED_WHEN_AUTHORIZED,NOT_ASSESSED
OBB2-imf-MaritimeChokePointVolume,imf,MaritimeChokePointVolume,P0,economy_cpi;economy_gdp;economy_unemployment,NOT_ASSESSED,NOT_RUN,NOT_RUN,3e071fcc2cd9f891cac6040ae60296dba76dab46,providers/imf/openbb_imf/__init__.py,25,5145896209728e63563b79e83ed5214912a6241dd26f512f5e0c184db010a328,2B,cloudQuant,,NOT_ASSESSED,MaritimeChokePointVolume,NOT_ASSESSED,,EXISTING_SOURCE_REVIEW_MODEL_PENDING,RIGHTS2-imf,docs/data-rights-registry.md §1 #10 v1.2（集合登记，模型范围待审）,,NOT_ASSESSED,PENDING_ACCESS_ASSESSMENT,ACCESS2-imf,SOURCE_VERIFIED_WHEN_AUTHORIZED,NOT_ASSESSED
OBB2-imf-PortInfo,imf,PortInfo,P0,economy_cpi;economy_gdp;economy_unemployment,NOT_ASSESSED,NOT_RUN,NOT_RUN,3e071fcc2cd9f891cac6040ae60296dba76dab46,providers/imf/openbb_imf/__init__.py,26,5145896209728e63563b79e83ed5214912a6241dd26f512f5e0c184db010a328,2B,cloudQuant,,NOT_ASSESSED,PortInfo,NOT_ASSESSED,,EXISTING_SOURCE_REVIEW_MODEL_PENDING,RIGHTS2-imf,docs/data-rights-registry.md §1 #10 v1.2（集合登记，模型范围待审）,,NOT_ASSESSED,PENDING_ACCESS_ASSESSMENT,ACCESS2-imf,SOURCE_VERIFIED_WHEN_AUTHORIZED,NOT_ASSESSED
OBB2-imf-PortVolume,imf,PortVolume,P0,economy_cpi;economy_gdp;economy_unemployment,NOT_ASSESSED,NOT_RUN,NOT_RUN,3e071fcc2cd9f891cac6040ae60296dba76dab46,providers/imf/openbb_imf/__init__.py,27,5145896209728e63563b79e83ed5214912a6241dd26f512f5e0c184db010a328,2B,cloudQuant,,NOT_ASSESSED,PortVolume,NOT_ASSESSED,,EXISTING_SOURCE_REVIEW_MODEL_PENDING,RIGHTS2-imf,docs/data-rights-registry.md §1 #10 v1.2（集合登记，模型范围待审）,,NOT_ASSESSED,PENDING_ACCESS_ASSESSMENT,ACCESS2-imf,SOURCE_VERIFIED_WHEN_AUTHORIZED,NOT_ASSESSED
OBB2-intrinio-BalanceSheet,intrinio,BalanceSheet,P1,,NOT_ASSESSED,NOT_RUN,NOT_RUN,3e071fcc2cd9f891cac6040ae60296dba76dab46,providers/intrinio/openbb_intrinio/__init__.py,73,338b239c044fa6a54dcbb4e9ef63f152c1eea2e5817e511436b4d0e79063be63,2C,cloudQuant,,NOT_ASSESSED,BalanceSheet,NOT_ASSESSED,,NOT_REGISTERED,RIGHTS2-intrinio,,api_key,NOT_ASSESSED,PENDING_DECISION,ACCESS2-intrinio,SOURCE_VERIFIED_WHEN_AUTHORIZED,NOT_ASSESSED
OBB2-intrinio-CalendarIpo,intrinio,CalendarIpo,P1,,NOT_ASSESSED,NOT_RUN,NOT_RUN,3e071fcc2cd9f891cac6040ae60296dba76dab46,providers/intrinio/openbb_intrinio/__init__.py,74,338b239c044fa6a54dcbb4e9ef63f152c1eea2e5817e511436b4d0e79063be63,2C,cloudQuant,,NOT_ASSESSED,CalendarIpo,NOT_ASSESSED,,NOT_REGISTERED,RIGHTS2-intrinio,,api_key,NOT_ASSESSED,PENDING_DECISION,ACCESS2-intrinio,SOURCE_VERIFIED_WHEN_AUTHORIZED,NOT_ASSESSED
OBB2-intrinio-CashFlowStatement,intrinio,CashFlowStatement,P1,,NOT_ASSESSED,NOT_RUN,NOT_RUN,3e071fcc2cd9f891cac6040ae60296dba76dab46,providers/intrinio/openbb_intrinio/__init__.py,75,338b239c044fa6a54dcbb4e9ef63f152c1eea2e5817e511436b4d0e79063be63,2C,cloudQuant,,NOT_ASSESSED,CashFlowStatement,NOT_ASSESSED,,NOT_REGISTERED,RIGHTS2-intrinio,,api_key,NOT_ASSESSED,PENDING_DECISION,ACCESS2-intrinio,SOURCE_VERIFIED_WHEN_AUTHORIZED,NOT_ASSESSED
OBB2-intrinio-CompanyFilings,intrinio,CompanyFilings,P1,,NOT_ASSESSED,NOT_RUN,NOT_RUN,3e071fcc2cd9f891cac6040ae60296dba76dab46,providers/intrinio/openbb_intrinio/__init__.py,76,338b239c044fa6a54dcbb4e9ef63f152c1eea2e5817e511436b4d0e79063be63,2C,cloudQuant,,NOT_ASSESSED,CompanyFilings,NOT_ASSESSED,,NOT_REGISTERED,RIGHTS2-intrinio,,api_key,NOT_ASSESSED,PENDING_DECISION,ACCESS2-intrinio,SOURCE_VERIFIED_WHEN_AUTHORIZED,NOT_ASSESSED
OBB2-intrinio-CompanyNews,intrinio,CompanyNews,P1,,NOT_ASSESSED,NOT_RUN,NOT_RUN,3e071fcc2cd9f891cac6040ae60296dba76dab46,providers/intrinio/openbb_intrinio/__init__.py,77,338b239c044fa6a54dcbb4e9ef63f152c1eea2e5817e511436b4d0e79063be63,2C,cloudQuant,,NOT_ASSESSED,CompanyNews,NOT_ASSESSED,,NOT_REGISTERED,RIGHTS2-intrinio,,api_key,NOT_ASSESSED,PENDING_DECISION,ACCESS2-intrinio,SOURCE_VERIFIED_WHEN_AUTHORIZED,NOT_ASSESSED
OBB2-intrinio-CurrencyPairs,intrinio,CurrencyPairs,P1,,NOT_ASSESSED,NOT_RUN,NOT_RUN,3e071fcc2cd9f891cac6040ae60296dba76dab46,providers/intrinio/openbb_intrinio/__init__.py,78,338b239c044fa6a54dcbb4e9ef63f152c1eea2e5817e511436b4d0e79063be63,2C,cloudQuant,,NOT_ASSESSED,CurrencyPairs,NOT_ASSESSED,,NOT_REGISTERED,RIGHTS2-intrinio,,api_key,NOT_ASSESSED,PENDING_DECISION,ACCESS2-intrinio,SOURCE_VERIFIED_WHEN_AUTHORIZED,NOT_ASSESSED
OBB2-intrinio-EquityHistorical,intrinio,EquityHistorical,P1,,NOT_ASSESSED,NOT_RUN,NOT_RUN,3e071fcc2cd9f891cac6040ae60296dba76dab46,providers/intrinio/openbb_intrinio/__init__.py,79,338b239c044fa6a54dcbb4e9ef63f152c1eea2e5817e511436b4d0e79063be63,2C,cloudQuant,,NOT_ASSESSED,EquityHistorical,NOT_ASSESSED,,NOT_REGISTERED,RIGHTS2-intrinio,,api_key,NOT_ASSESSED,PENDING_DECISION,ACCESS2-intrinio,SOURCE_VERIFIED_WHEN_AUTHORIZED,NOT_ASSESSED
OBB2-intrinio-EquityInfo,intrinio,EquityInfo,P1,,NOT_ASSESSED,NOT_RUN,NOT_RUN,3e071fcc2cd9f891cac6040ae60296dba76dab46,providers/intrinio/openbb_intrinio/__init__.py,80,338b239c044fa6a54dcbb4e9ef63f152c1eea2e5817e511436b4d0e79063be63,2C,cloudQuant,,NOT_ASSESSED,EquityInfo,NOT_ASSESSED,,NOT_REGISTERED,RIGHTS2-intrinio,,api_key,NOT_ASSESSED,PENDING_DECISION,ACCESS2-intrinio,SOURCE_VERIFIED_WHEN_AUTHORIZED,NOT_ASSESSED
OBB2-intrinio-EquityQuote,intrinio,EquityQuote,P1,,NOT_ASSESSED,NOT_RUN,NOT_RUN,3e071fcc2cd9f891cac6040ae60296dba76dab46,providers/intrinio/openbb_intrinio/__init__.py,81,338b239c044fa6a54dcbb4e9ef63f152c1eea2e5817e511436b4d0e79063be63,2C,cloudQuant,,NOT_ASSESSED,EquityQuote,NOT_ASSESSED,,NOT_REGISTERED,RIGHTS2-intrinio,,api_key,NOT_ASSESSED,PENDING_DECISION,ACCESS2-intrinio,SOURCE_VERIFIED_WHEN_AUTHORIZED,NOT_ASSESSED
OBB2-intrinio-EquitySearch,intrinio,EquitySearch,P1,,NOT_ASSESSED,NOT_RUN,NOT_RUN,3e071fcc2cd9f891cac6040ae60296dba76dab46,providers/intrinio/openbb_intrinio/__init__.py,82,338b239c044fa6a54dcbb4e9ef63f152c1eea2e5817e511436b4d0e79063be63,2C,cloudQuant,,NOT_ASSESSED,EquitySearch,NOT_ASSESSED,,NOT_REGISTERED,RIGHTS2-intrinio,,api_key,NOT_ASSESSED,PENDING_DECISION,ACCESS2-intrinio,SOURCE_VERIFIED_WHEN_AUTHORIZED,NOT_ASSESSED
OBB2-intrinio-EtfHistorical,intrinio,EtfHistorical,P1,,NOT_ASSESSED,NOT_RUN,NOT_RUN,3e071fcc2cd9f891cac6040ae60296dba76dab46,providers/intrinio/openbb_intrinio/__init__.py,83,338b239c044fa6a54dcbb4e9ef63f152c1eea2e5817e511436b4d0e79063be63,2C,cloudQuant,,NOT_ASSESSED,EtfHistorical,NOT_ASSESSED,,NOT_REGISTERED,RIGHTS2-intrinio,,api_key,NOT_ASSESSED,PENDING_DECISION,ACCESS2-intrinio,SOURCE_VERIFIED_WHEN_AUTHORIZED,NOT_ASSESSED
OBB2-intrinio-EtfHoldings,intrinio,EtfHoldings,P1,,NOT_ASSESSED,NOT_RUN,NOT_RUN,3e071fcc2cd9f891cac6040ae60296dba76dab46,providers/intrinio/openbb_intrinio/__init__.py,84,338b239c044fa6a54dcbb4e9ef63f152c1eea2e5817e511436b4d0e79063be63,2C,cloudQuant,,NOT_ASSESSED,EtfHoldings,NOT_ASSESSED,,NOT_REGISTERED,RIGHTS2-intrinio,,api_key,NOT_ASSESSED,PENDING_DECISION,ACCESS2-intrinio,SOURCE_VERIFIED_WHEN_AUTHORIZED,NOT_ASSESSED
OBB2-intrinio-EtfInfo,intrinio,EtfInfo,P1,,NOT_ASSESSED,NOT_RUN,NOT_RUN,3e071fcc2cd9f891cac6040ae60296dba76dab46,providers/intrinio/openbb_intrinio/__init__.py,85,338b239c044fa6a54dcbb4e9ef63f152c1eea2e5817e511436b4d0e79063be63,2C,cloudQuant,,NOT_ASSESSED,EtfInfo,NOT_ASSESSED,,NOT_REGISTERED,RIGHTS2-intrinio,,api_key,NOT_ASSESSED,PENDING_DECISION,ACCESS2-intrinio,SOURCE_VERIFIED_WHEN_AUTHORIZED,NOT_ASSESSED
OBB2-intrinio-EtfPricePerformance,intrinio,EtfPricePerformance,P1,,NOT_ASSESSED,NOT_RUN,NOT_RUN,3e071fcc2cd9f891cac6040ae60296dba76dab46,providers/intrinio/openbb_intrinio/__init__.py,86,338b239c044fa6a54dcbb4e9ef63f152c1eea2e5817e511436b4d0e79063be63,2C,cloudQuant,,NOT_ASSESSED,EtfPricePerformance,NOT_ASSESSED,,NOT_REGISTERED,RIGHTS2-intrinio,,api_key,NOT_ASSESSED,PENDING_DECISION,ACCESS2-intrinio,SOURCE_VERIFIED_WHEN_AUTHORIZED,NOT_ASSESSED
OBB2-intrinio-EtfSearch,intrinio,EtfSearch,P1,,NOT_ASSESSED,NOT_RUN,NOT_RUN,3e071fcc2cd9f891cac6040ae60296dba76dab46,providers/intrinio/openbb_intrinio/__init__.py,87,338b239c044fa6a54dcbb4e9ef63f152c1eea2e5817e511436b4d0e79063be63,2C,cloudQuant,,NOT_ASSESSED,EtfSearch,NOT_ASSESSED,,NOT_REGISTERED,RIGHTS2-intrinio,,api_key,NOT_ASSESSED,PENDING_DECISION,ACCESS2-intrinio,SOURCE_VERIFIED_WHEN_AUTHORIZED,NOT_ASSESSED
OBB2-intrinio-FinancialRatios,intrinio,FinancialRatios,P1,,NOT_ASSESSED,NOT_RUN,NOT_RUN,3e071fcc2cd9f891cac6040ae60296dba76dab46,providers/intrinio/openbb_intrinio/__init__.py,88,338b239c044fa6a54dcbb4e9ef63f152c1eea2e5817e511436b4d0e79063be63,2C,cloudQuant,,NOT_ASSESSED,FinancialRatios,NOT_ASSESSED,,NOT_REGISTERED,RIGHTS2-intrinio,,api_key,NOT_ASSESSED,PENDING_DECISION,ACCESS2-intrinio,SOURCE_VERIFIED_WHEN_AUTHORIZED,NOT_ASSESSED
OBB2-intrinio-ForwardEbitdaEstimates,intrinio,ForwardEbitdaEstimates,P1,,NOT_ASSESSED,NOT_RUN,NOT_RUN,3e071fcc2cd9f891cac6040ae60296dba76dab46,providers/intrinio/openbb_intrinio/__init__.py,89,338b239c044fa6a54dcbb4e9ef63f152c1eea2e5817e511436b4d0e79063be63,2C,cloudQuant,,NOT_ASSESSED,ForwardEbitdaEstimates,NOT_ASSESSED,,NOT_REGISTERED,RIGHTS2-intrinio,,api_key,NOT_ASSESSED,PENDING_DECISION,ACCESS2-intrinio,SOURCE_VERIFIED_WHEN_AUTHORIZED,NOT_ASSESSED
OBB2-intrinio-ForwardEpsEstimates,intrinio,ForwardEpsEstimates,P1,,NOT_ASSESSED,NOT_RUN,NOT_RUN,3e071fcc2cd9f891cac6040ae60296dba76dab46,providers/intrinio/openbb_intrinio/__init__.py,90,338b239c044fa6a54dcbb4e9ef63f152c1eea2e5817e511436b4d0e79063be63,2C,cloudQuant,,NOT_ASSESSED,ForwardEpsEstimates,NOT_ASSESSED,,NOT_REGISTERED,RIGHTS2-intrinio,,api_key,NOT_ASSESSED,PENDING_DECISION,ACCESS2-intrinio,SOURCE_VERIFIED_WHEN_AUTHORIZED,NOT_ASSESSED
OBB2-intrinio-ForwardPeEstimates,intrinio,ForwardPeEstimates,P1,,NOT_ASSESSED,NOT_RUN,NOT_RUN,3e071fcc2cd9f891cac6040ae60296dba76dab46,providers/intrinio/openbb_intrinio/__init__.py,91,338b239c044fa6a54dcbb4e9ef63f152c1eea2e5817e511436b4d0e79063be63,2C,cloudQuant,,NOT_ASSESSED,ForwardPeEstimates,NOT_ASSESSED,,NOT_REGISTERED,RIGHTS2-intrinio,,api_key,NOT_ASSESSED,PENDING_DECISION,ACCESS2-intrinio,SOURCE_VERIFIED_WHEN_AUTHORIZED,NOT_ASSESSED
OBB2-intrinio-ForwardSalesEstimates,intrinio,ForwardSalesEstimates,P1,,NOT_ASSESSED,NOT_RUN,NOT_RUN,3e071fcc2cd9f891cac6040ae60296dba76dab46,providers/intrinio/openbb_intrinio/__init__.py,92,338b239c044fa6a54dcbb4e9ef63f152c1eea2e5817e511436b4d0e79063be63,2C,cloudQuant,,NOT_ASSESSED,ForwardSalesEstimates,NOT_ASSESSED,,NOT_REGISTERED,RIGHTS2-intrinio,,api_key,NOT_ASSESSED,PENDING_DECISION,ACCESS2-intrinio,SOURCE_VERIFIED_WHEN_AUTHORIZED,NOT_ASSESSED
OBB2-intrinio-FredSeries,intrinio,FredSeries,P1,,NOT_ASSESSED,NOT_RUN,NOT_RUN,3e071fcc2cd9f891cac6040ae60296dba76dab46,providers/intrinio/openbb_intrinio/__init__.py,93,338b239c044fa6a54dcbb4e9ef63f152c1eea2e5817e511436b4d0e79063be63,2C,cloudQuant,,NOT_ASSESSED,FredSeries,NOT_ASSESSED,,NOT_REGISTERED,RIGHTS2-intrinio,,api_key,NOT_ASSESSED,PENDING_DECISION,ACCESS2-intrinio,SOURCE_VERIFIED_WHEN_AUTHORIZED,NOT_ASSESSED
OBB2-intrinio-HistoricalAttributes,intrinio,HistoricalAttributes,P1,,NOT_ASSESSED,NOT_RUN,NOT_RUN,3e071fcc2cd9f891cac6040ae60296dba76dab46,providers/intrinio/openbb_intrinio/__init__.py,94,338b239c044fa6a54dcbb4e9ef63f152c1eea2e5817e511436b4d0e79063be63,2C,cloudQuant,,NOT_ASSESSED,HistoricalAttributes,NOT_ASSESSED,,NOT_REGISTERED,RIGHTS2-intrinio,,api_key,NOT_ASSESSED,PENDING_DECISION,ACCESS2-intrinio,SOURCE_VERIFIED_WHEN_AUTHORIZED,NOT_ASSESSED
OBB2-intrinio-HistoricalDividends,intrinio,HistoricalDividends,P1,,NOT_ASSESSED,NOT_RUN,NOT_RUN,3e071fcc2cd9f891cac6040ae60296dba76dab46,providers/intrinio/openbb_intrinio/__init__.py,95,338b239c044fa6a54dcbb4e9ef63f152c1eea2e5817e511436b4d0e79063be63,2C,cloudQuant,,NOT_ASSESSED,HistoricalDividends,NOT_ASSESSED,,NOT_REGISTERED,RIGHTS2-intrinio,,api_key,NOT_ASSESSED,PENDING_DECISION,ACCESS2-intrinio,SOURCE_VERIFIED_WHEN_AUTHORIZED,NOT_ASSESSED
OBB2-intrinio-HistoricalMarketCap,intrinio,HistoricalMarketCap,P1,,NOT_ASSESSED,NOT_RUN,NOT_RUN,3e071fcc2cd9f891cac6040ae60296dba76dab46,providers/intrinio/openbb_intrinio/__init__.py,96,338b239c044fa6a54dcbb4e9ef63f152c1eea2e5817e511436b4d0e79063be63,2C,cloudQuant,,NOT_ASSESSED,HistoricalMarketCap,NOT_ASSESSED,,NOT_REGISTERED,RIGHTS2-intrinio,,api_key,NOT_ASSESSED,PENDING_DECISION,ACCESS2-intrinio,SOURCE_VERIFIED_WHEN_AUTHORIZED,NOT_ASSESSED
OBB2-intrinio-IncomeStatement,intrinio,IncomeStatement,P1,,NOT_ASSESSED,NOT_RUN,NOT_RUN,3e071fcc2cd9f891cac6040ae60296dba76dab46,providers/intrinio/openbb_intrinio/__init__.py,97,338b239c044fa6a54dcbb4e9ef63f152c1eea2e5817e511436b4d0e79063be63,2C,cloudQuant,,NOT_ASSESSED,IncomeStatement,NOT_ASSESSED,,NOT_REGISTERED,RIGHTS2-intrinio,,api_key,NOT_ASSESSED,PENDING_DECISION,ACCESS2-intrinio,SOURCE_VERIFIED_WHEN_AUTHORIZED,NOT_ASSESSED
OBB2-intrinio-IndexHistorical,intrinio,IndexHistorical,P1,,NOT_ASSESSED,NOT_RUN,NOT_RUN,3e071fcc2cd9f891cac6040ae60296dba76dab46,providers/intrinio/openbb_intrinio/__init__.py,98,338b239c044fa6a54dcbb4e9ef63f152c1eea2e5817e511436b4d0e79063be63,2C,cloudQuant,,NOT_ASSESSED,IndexHistorical,NOT_ASSESSED,,NOT_REGISTERED,RIGHTS2-intrinio,,api_key,NOT_ASSESSED,PENDING_DECISION,ACCESS2-intrinio,SOURCE_VERIFIED_WHEN_AUTHORIZED,NOT_ASSESSED
OBB2-intrinio-InsiderTrading,intrinio,InsiderTrading,P1,,NOT_ASSESSED,NOT_RUN,NOT_RUN,3e071fcc2cd9f891cac6040ae60296dba76dab46,providers/intrinio/openbb_intrinio/__init__.py,99,338b239c044fa6a54dcbb4e9ef63f152c1eea2e5817e511436b4d0e79063be63,2C,cloudQuant,,NOT_ASSESSED,InsiderTrading,NOT_ASSESSED,,NOT_REGISTERED,RIGHTS2-intrinio,,api_key,NOT_ASSESSED,PENDING_DECISION,ACCESS2-intrinio,SOURCE_VERIFIED_WHEN_AUTHORIZED,NOT_ASSESSED
OBB2-intrinio-KeyMetrics,intrinio,KeyMetrics,P1,,NOT_ASSESSED,NOT_RUN,NOT_RUN,3e071fcc2cd9f891cac6040ae60296dba76dab46,providers/intrinio/openbb_intrinio/__init__.py,101,338b239c044fa6a54dcbb4e9ef63f152c1eea2e5817e511436b4d0e79063be63,2C,cloudQuant,,NOT_ASSESSED,KeyMetrics,NOT_ASSESSED,,NOT_REGISTERED,RIGHTS2-intrinio,,api_key,NOT_ASSESSED,PENDING_DECISION,ACCESS2-intrinio,SOURCE_VERIFIED_WHEN_AUTHORIZED,NOT_ASSESSED
OBB2-intrinio-LatestAttributes,intrinio,LatestAttributes,P1,,NOT_ASSESSED,NOT_RUN,NOT_RUN,3e071fcc2cd9f891cac6040ae60296dba76dab46,providers/intrinio/openbb_intrinio/__init__.py,102,338b239c044fa6a54dcbb4e9ef63f152c1eea2e5817e511436b4d0e79063be63,2C,cloudQuant,,NOT_ASSESSED,LatestAttributes,NOT_ASSESSED,,NOT_REGISTERED,RIGHTS2-intrinio,,api_key,NOT_ASSESSED,PENDING_DECISION,ACCESS2-intrinio,SOURCE_VERIFIED_WHEN_AUTHORIZED,NOT_ASSESSED
OBB2-intrinio-MarketSnapshots,intrinio,MarketSnapshots,P1,,NOT_ASSESSED,NOT_RUN,NOT_RUN,3e071fcc2cd9f891cac6040ae60296dba76dab46,providers/intrinio/openbb_intrinio/__init__.py,103,338b239c044fa6a54dcbb4e9ef63f152c1eea2e5817e511436b4d0e79063be63,2C,cloudQuant,,NOT_ASSESSED,MarketSnapshots,NOT_ASSESSED,,NOT_REGISTERED,RIGHTS2-intrinio,,api_key,NOT_ASSESSED,PENDING_DECISION,ACCESS2-intrinio,SOURCE_VERIFIED_WHEN_AUTHORIZED,NOT_ASSESSED
OBB2-intrinio-OptionsChains,intrinio,OptionsChains,P1,,NOT_ASSESSED,NOT_RUN,NOT_RUN,3e071fcc2cd9f891cac6040ae60296dba76dab46,providers/intrinio/openbb_intrinio/__init__.py,104,338b239c044fa6a54dcbb4e9ef63f152c1eea2e5817e511436b4d0e79063be63,2C,cloudQuant,,NOT_ASSESSED,OptionsChains,NOT_ASSESSED,,NOT_REGISTERED,RIGHTS2-intrinio,,api_key,NOT_ASSESSED,PENDING_DECISION,ACCESS2-intrinio,SOURCE_VERIFIED_WHEN_AUTHORIZED,NOT_ASSESSED
OBB2-intrinio-OptionsSnapshots,intrinio,OptionsSnapshots,P1,,NOT_ASSESSED,NOT_RUN,NOT_RUN,3e071fcc2cd9f891cac6040ae60296dba76dab46,providers/intrinio/openbb_intrinio/__init__.py,105,338b239c044fa6a54dcbb4e9ef63f152c1eea2e5817e511436b4d0e79063be63,2C,cloudQuant,,NOT_ASSESSED,OptionsSnapshots,NOT_ASSESSED,,NOT_REGISTERED,RIGHTS2-intrinio,,api_key,NOT_ASSESSED,PENDING_DECISION,ACCESS2-intrinio,SOURCE_VERIFIED_WHEN_AUTHORIZED,NOT_ASSESSED
OBB2-intrinio-OptionsUnusual,intrinio,OptionsUnusual,P1,,NOT_ASSESSED,NOT_RUN,NOT_RUN,3e071fcc2cd9f891cac6040ae60296dba76dab46,providers/intrinio/openbb_intrinio/__init__.py,106,338b239c044fa6a54dcbb4e9ef63f152c1eea2e5817e511436b4d0e79063be63,2C,cloudQuant,,NOT_ASSESSED,OptionsUnusual,NOT_ASSESSED,,NOT_REGISTERED,RIGHTS2-intrinio,,api_key,NOT_ASSESSED,PENDING_DECISION,ACCESS2-intrinio,SOURCE_VERIFIED_WHEN_AUTHORIZED,NOT_ASSESSED
OBB2-intrinio-PriceTargetConsensus,intrinio,PriceTargetConsensus,P1,,NOT_ASSESSED,NOT_RUN,NOT_RUN,3e071fcc2cd9f891cac6040ae60296dba76dab46,providers/intrinio/openbb_intrinio/__init__.py,107,338b239c044fa6a54dcbb4e9ef63f152c1eea2e5817e511436b4d0e79063be63,2C,cloudQuant,,NOT_ASSESSED,PriceTargetConsensus,NOT_ASSESSED,,NOT_REGISTERED,RIGHTS2-intrinio,,api_key,NOT_ASSESSED,PENDING_DECISION,ACCESS2-intrinio,SOURCE_VERIFIED_WHEN_AUTHORIZED,NOT_ASSESSED
OBB2-intrinio-ReportedFinancials,intrinio,ReportedFinancials,P1,,NOT_ASSESSED,NOT_RUN,NOT_RUN,3e071fcc2cd9f891cac6040ae60296dba76dab46,providers/intrinio/openbb_intrinio/__init__.py,108,338b239c044fa6a54dcbb4e9ef63f152c1eea2e5817e511436b4d0e79063be63,2C,cloudQuant,,NOT_ASSESSED,ReportedFinancials,NOT_ASSESSED,,NOT_REGISTERED,RIGHTS2-intrinio,,api_key,NOT_ASSESSED,PENDING_DECISION,ACCESS2-intrinio,SOURCE_VERIFIED_WHEN_AUTHORIZED,NOT_ASSESSED
OBB2-intrinio-SearchAttributes,intrinio,SearchAttributes,P1,,NOT_ASSESSED,NOT_RUN,NOT_RUN,3e071fcc2cd9f891cac6040ae60296dba76dab46,providers/intrinio/openbb_intrinio/__init__.py,109,338b239c044fa6a54dcbb4e9ef63f152c1eea2e5817e511436b4d0e79063be63,2C,cloudQuant,,NOT_ASSESSED,SearchAttributes,NOT_ASSESSED,,NOT_REGISTERED,RIGHTS2-intrinio,,api_key,NOT_ASSESSED,PENDING_DECISION,ACCESS2-intrinio,SOURCE_VERIFIED_WHEN_AUTHORIZED,NOT_ASSESSED
OBB2-intrinio-ShareStatistics,intrinio,ShareStatistics,P1,,NOT_ASSESSED,NOT_RUN,NOT_RUN,3e071fcc2cd9f891cac6040ae60296dba76dab46,providers/intrinio/openbb_intrinio/__init__.py,110,338b239c044fa6a54dcbb4e9ef63f152c1eea2e5817e511436b4d0e79063be63,2C,cloudQuant,,NOT_ASSESSED,ShareStatistics,NOT_ASSESSED,,NOT_REGISTERED,RIGHTS2-intrinio,,api_key,NOT_ASSESSED,PENDING_DECISION,ACCESS2-intrinio,SOURCE_VERIFIED_WHEN_AUTHORIZED,NOT_ASSESSED
OBB2-intrinio-WorldNews,intrinio,WorldNews,P1,,NOT_ASSESSED,NOT_RUN,NOT_RUN,3e071fcc2cd9f891cac6040ae60296dba76dab46,providers/intrinio/openbb_intrinio/__init__.py,111,338b239c044fa6a54dcbb4e9ef63f152c1eea2e5817e511436b4d0e79063be63,2C,cloudQuant,,NOT_ASSESSED,WorldNews,NOT_ASSESSED,,NOT_REGISTERED,RIGHTS2-intrinio,,api_key,NOT_ASSESSED,PENDING_DECISION,ACCESS2-intrinio,SOURCE_VERIFIED_WHEN_AUTHORIZED,NOT_ASSESSED
OBB2-multpl-SP500Multiples,multpl,SP500Multiples,P1,,NOT_ASSESSED,NOT_RUN,NOT_RUN,3e071fcc2cd9f891cac6040ae60296dba76dab46,providers/multpl/openbb_multpl/__init__.py,11,0fd823fc9cc5f99a83d3a90330b08aeb20efb99bd06003ac5cdaed672cd8216e,2B,cloudQuant,,NOT_ASSESSED,SP500Multiples,NOT_ASSESSED,,NOT_REGISTERED,RIGHTS2-multpl,,,NOT_ASSESSED,PENDING_ACCESS_ASSESSMENT,ACCESS2-multpl,SOURCE_VERIFIED_WHEN_AUTHORIZED,NOT_ASSESSED
OBB2-nasdaq-CalendarDividend,nasdaq,CalendarDividend,P2,,NOT_ASSESSED,NOT_RUN,NOT_RUN,3e071fcc2cd9f891cac6040ae60296dba76dab46,providers/nasdaq/openbb_nasdaq/__init__.py,22,b3fbe87417abe53b4906bef11fcfcfad594b0d08dfcf0070c6ff3bccfb8d831b,2D,cloudQuant,,NOT_ASSESSED,CalendarDividend,NOT_ASSESSED,,NOT_REGISTERED,RIGHTS2-nasdaq,,api_key,NOT_ASSESSED,PENDING_DECISION,ACCESS2-nasdaq,SOURCE_VERIFIED_WHEN_AUTHORIZED,NOT_ASSESSED
OBB2-nasdaq-CalendarEarnings,nasdaq,CalendarEarnings,P2,,NOT_ASSESSED,NOT_RUN,NOT_RUN,3e071fcc2cd9f891cac6040ae60296dba76dab46,providers/nasdaq/openbb_nasdaq/__init__.py,23,b3fbe87417abe53b4906bef11fcfcfad594b0d08dfcf0070c6ff3bccfb8d831b,2D,cloudQuant,,NOT_ASSESSED,CalendarEarnings,NOT_ASSESSED,,NOT_REGISTERED,RIGHTS2-nasdaq,,api_key,NOT_ASSESSED,PENDING_DECISION,ACCESS2-nasdaq,SOURCE_VERIFIED_WHEN_AUTHORIZED,NOT_ASSESSED
OBB2-nasdaq-CalendarIpo,nasdaq,CalendarIpo,P2,,NOT_ASSESSED,NOT_RUN,NOT_RUN,3e071fcc2cd9f891cac6040ae60296dba76dab46,providers/nasdaq/openbb_nasdaq/__init__.py,24,b3fbe87417abe53b4906bef11fcfcfad594b0d08dfcf0070c6ff3bccfb8d831b,2D,cloudQuant,,NOT_ASSESSED,CalendarIpo,NOT_ASSESSED,,NOT_REGISTERED,RIGHTS2-nasdaq,,api_key,NOT_ASSESSED,PENDING_DECISION,ACCESS2-nasdaq,SOURCE_VERIFIED_WHEN_AUTHORIZED,NOT_ASSESSED
OBB2-nasdaq-CompanyFilings,nasdaq,CompanyFilings,P2,,NOT_ASSESSED,NOT_RUN,NOT_RUN,3e071fcc2cd9f891cac6040ae60296dba76dab46,providers/nasdaq/openbb_nasdaq/__init__.py,25,b3fbe87417abe53b4906bef11fcfcfad594b0d08dfcf0070c6ff3bccfb8d831b,2D,cloudQuant,,NOT_ASSESSED,CompanyFilings,NOT_ASSESSED,,NOT_REGISTERED,RIGHTS2-nasdaq,,api_key,NOT_ASSESSED,PENDING_DECISION,ACCESS2-nasdaq,SOURCE_VERIFIED_WHEN_AUTHORIZED,NOT_ASSESSED
OBB2-nasdaq-EconomicCalendar,nasdaq,EconomicCalendar,P2,,NOT_ASSESSED,NOT_RUN,NOT_RUN,3e071fcc2cd9f891cac6040ae60296dba76dab46,providers/nasdaq/openbb_nasdaq/__init__.py,26,b3fbe87417abe53b4906bef11fcfcfad594b0d08dfcf0070c6ff3bccfb8d831b,2D,cloudQuant,,NOT_ASSESSED,EconomicCalendar,NOT_ASSESSED,,NOT_REGISTERED,RIGHTS2-nasdaq,,api_key,NOT_ASSESSED,PENDING_DECISION,ACCESS2-nasdaq,SOURCE_VERIFIED_WHEN_AUTHORIZED,NOT_ASSESSED
OBB2-nasdaq-EquitySearch,nasdaq,EquitySearch,P2,,NOT_ASSESSED,NOT_RUN,NOT_RUN,3e071fcc2cd9f891cac6040ae60296dba76dab46,providers/nasdaq/openbb_nasdaq/__init__.py,27,b3fbe87417abe53b4906bef11fcfcfad594b0d08dfcf0070c6ff3bccfb8d831b,2D,cloudQuant,,NOT_ASSESSED,EquitySearch,NOT_ASSESSED,,NOT_REGISTERED,RIGHTS2-nasdaq,,api_key,NOT_ASSESSED,PENDING_DECISION,ACCESS2-nasdaq,SOURCE_VERIFIED_WHEN_AUTHORIZED,NOT_ASSESSED
OBB2-nasdaq-EquityScreener,nasdaq,EquityScreener,P2,,NOT_ASSESSED,NOT_RUN,NOT_RUN,3e071fcc2cd9f891cac6040ae60296dba76dab46,providers/nasdaq/openbb_nasdaq/__init__.py,28,b3fbe87417abe53b4906bef11fcfcfad594b0d08dfcf0070c6ff3bccfb8d831b,2D,cloudQuant,,NOT_ASSESSED,EquityScreener,NOT_ASSESSED,,NOT_REGISTERED,RIGHTS2-nasdaq,,api_key,NOT_ASSESSED,PENDING_DECISION,ACCESS2-nasdaq,SOURCE_VERIFIED_WHEN_AUTHORIZED,NOT_ASSESSED
OBB2-nasdaq-HistoricalDividends,nasdaq,HistoricalDividends,P2,,NOT_ASSESSED,NOT_RUN,NOT_RUN,3e071fcc2cd9f891cac6040ae60296dba76dab46,providers/nasdaq/openbb_nasdaq/__init__.py,29,b3fbe87417abe53b4906bef11fcfcfad594b0d08dfcf0070c6ff3bccfb8d831b,2D,cloudQuant,,NOT_ASSESSED,HistoricalDividends,NOT_ASSESSED,,NOT_REGISTERED,RIGHTS2-nasdaq,,api_key,NOT_ASSESSED,PENDING_DECISION,ACCESS2-nasdaq,SOURCE_VERIFIED_WHEN_AUTHORIZED,NOT_ASSESSED
OBB2-nasdaq-TopRetail,nasdaq,TopRetail,P2,,NOT_ASSESSED,NOT_RUN,NOT_RUN,3e071fcc2cd9f891cac6040ae60296dba76dab46,providers/nasdaq/openbb_nasdaq/__init__.py,30,b3fbe87417abe53b4906bef11fcfcfad594b0d08dfcf0070c6ff3bccfb8d831b,2D,cloudQuant,,NOT_ASSESSED,TopRetail,NOT_ASSESSED,,NOT_REGISTERED,RIGHTS2-nasdaq,,api_key,NOT_ASSESSED,PENDING_DECISION,ACCESS2-nasdaq,SOURCE_VERIFIED_WHEN_AUTHORIZED,NOT_ASSESSED
OBB2-oecd-CompositeLeadingIndicator,oecd,CompositeLeadingIndicator,P0,economy_cpi;economy_unemployment,NOT_ASSESSED,NOT_RUN,NOT_RUN,3e071fcc2cd9f891cac6040ae60296dba76dab46,providers/oecd/openbb_oecd/__init__.py,22,364437b609b4aafabba8252cd0c1fc709bd34c87967f6cc638b308fe1dd1f9f4,2B,cloudQuant,,NOT_ASSESSED,CompositeLeadingIndicator,NOT_ASSESSED,,EXISTING_SOURCE_REVIEW_MODEL_PENDING,RIGHTS2-oecd,docs/data-rights-registry.md §1 #10 v1.2（集合登记，模型范围待审）,,NOT_ASSESSED,PENDING_ACCESS_ASSESSMENT,ACCESS2-oecd,SOURCE_VERIFIED_WHEN_AUTHORIZED,NOT_ASSESSED
OBB2-oecd-ConsumerPriceIndex,oecd,ConsumerPriceIndex,P0,economy_cpi;economy_unemployment,NOT_ASSESSED,NOT_RUN,NOT_RUN,3e071fcc2cd9f891cac6040ae60296dba76dab46,providers/oecd/openbb_oecd/__init__.py,23,364437b609b4aafabba8252cd0c1fc709bd34c87967f6cc638b308fe1dd1f9f4,2B,cloudQuant,,NOT_ASSESSED,ConsumerPriceIndex,NOT_ASSESSED,,EXISTING_SOURCE_REVIEW_MODEL_PENDING,RIGHTS2-oecd,docs/data-rights-registry.md §1 #10 v1.2（集合登记，模型范围待审）,,NOT_ASSESSED,PENDING_ACCESS_ASSESSMENT,ACCESS2-oecd,SOURCE_VERIFIED_WHEN_AUTHORIZED,NOT_ASSESSED
OBB2-oecd-CountryInterestRates,oecd,CountryInterestRates,P0,economy_cpi;economy_unemployment,NOT_ASSESSED,NOT_RUN,NOT_RUN,3e071fcc2cd9f891cac6040ae60296dba76dab46,providers/oecd/openbb_oecd/__init__.py,24,364437b609b4aafabba8252cd0c1fc709bd34c87967f6cc638b308fe1dd1f9f4,2B,cloudQuant,,NOT_ASSESSED,CountryInterestRates,NOT_ASSESSED,,EXISTING_SOURCE_REVIEW_MODEL_PENDING,RIGHTS2-oecd,docs/data-rights-registry.md §1 #10 v1.2（集合登记，模型范围待审）,,NOT_ASSESSED,PENDING_ACCESS_ASSESSMENT,ACCESS2-oecd,SOURCE_VERIFIED_WHEN_AUTHORIZED,NOT_ASSESSED
OBB2-oecd-GdpNominal,oecd,GdpNominal,P0,economy_cpi;economy_unemployment,NOT_ASSESSED,NOT_RUN,NOT_RUN,3e071fcc2cd9f891cac6040ae60296dba76dab46,providers/oecd/openbb_oecd/__init__.py,25,364437b609b4aafabba8252cd0c1fc709bd34c87967f6cc638b308fe1dd1f9f4,2B,cloudQuant,,NOT_ASSESSED,GdpNominal,NOT_ASSESSED,,EXISTING_SOURCE_REVIEW_MODEL_PENDING,RIGHTS2-oecd,docs/data-rights-registry.md §1 #10 v1.2（集合登记，模型范围待审）,,NOT_ASSESSED,PENDING_ACCESS_ASSESSMENT,ACCESS2-oecd,SOURCE_VERIFIED_WHEN_AUTHORIZED,NOT_ASSESSED
OBB2-oecd-GdpReal,oecd,GdpReal,P0,economy_cpi;economy_unemployment,NOT_ASSESSED,NOT_RUN,NOT_RUN,3e071fcc2cd9f891cac6040ae60296dba76dab46,providers/oecd/openbb_oecd/__init__.py,26,364437b609b4aafabba8252cd0c1fc709bd34c87967f6cc638b308fe1dd1f9f4,2B,cloudQuant,,NOT_ASSESSED,GdpReal,NOT_ASSESSED,,EXISTING_SOURCE_REVIEW_MODEL_PENDING,RIGHTS2-oecd,docs/data-rights-registry.md §1 #10 v1.2（集合登记，模型范围待审）,,NOT_ASSESSED,PENDING_ACCESS_ASSESSMENT,ACCESS2-oecd,SOURCE_VERIFIED_WHEN_AUTHORIZED,NOT_ASSESSED
OBB2-oecd-GdpForecast,oecd,GdpForecast,P0,economy_cpi;economy_unemployment,NOT_ASSESSED,NOT_RUN,NOT_RUN,3e071fcc2cd9f891cac6040ae60296dba76dab46,providers/oecd/openbb_oecd/__init__.py,27,364437b609b4aafabba8252cd0c1fc709bd34c87967f6cc638b308fe1dd1f9f4,2B,cloudQuant,,NOT_ASSESSED,GdpForecast,NOT_ASSESSED,,EXISTING_SOURCE_REVIEW_MODEL_PENDING,RIGHTS2-oecd,docs/data-rights-registry.md §1 #10 v1.2（集合登记，模型范围待审）,,NOT_ASSESSED,PENDING_ACCESS_ASSESSMENT,ACCESS2-oecd,SOURCE_VERIFIED_WHEN_AUTHORIZED,NOT_ASSESSED
OBB2-oecd-HousePriceIndex,oecd,HousePriceIndex,P0,economy_cpi;economy_unemployment,NOT_ASSESSED,NOT_RUN,NOT_RUN,3e071fcc2cd9f891cac6040ae60296dba76dab46,providers/oecd/openbb_oecd/__init__.py,28,364437b609b4aafabba8252cd0c1fc709bd34c87967f6cc638b308fe1dd1f9f4,2B,cloudQuant,,NOT_ASSESSED,HousePriceIndex,NOT_ASSESSED,,EXISTING_SOURCE_REVIEW_MODEL_PENDING,RIGHTS2-oecd,docs/data-rights-registry.md §1 #10 v1.2（集合登记，模型范围待审）,,NOT_ASSESSED,PENDING_ACCESS_ASSESSMENT,ACCESS2-oecd,SOURCE_VERIFIED_WHEN_AUTHORIZED,NOT_ASSESSED
OBB2-oecd-SharePriceIndex,oecd,SharePriceIndex,P0,economy_cpi;economy_unemployment,NOT_ASSESSED,NOT_RUN,NOT_RUN,3e071fcc2cd9f891cac6040ae60296dba76dab46,providers/oecd/openbb_oecd/__init__.py,29,364437b609b4aafabba8252cd0c1fc709bd34c87967f6cc638b308fe1dd1f9f4,2B,cloudQuant,,NOT_ASSESSED,SharePriceIndex,NOT_ASSESSED,,EXISTING_SOURCE_REVIEW_MODEL_PENDING,RIGHTS2-oecd,docs/data-rights-registry.md §1 #10 v1.2（集合登记，模型范围待审）,,NOT_ASSESSED,PENDING_ACCESS_ASSESSMENT,ACCESS2-oecd,SOURCE_VERIFIED_WHEN_AUTHORIZED,NOT_ASSESSED
OBB2-oecd-Unemployment,oecd,Unemployment,P0,economy_cpi;economy_unemployment,NOT_ASSESSED,NOT_RUN,NOT_RUN,3e071fcc2cd9f891cac6040ae60296dba76dab46,providers/oecd/openbb_oecd/__init__.py,30,364437b609b4aafabba8252cd0c1fc709bd34c87967f6cc638b308fe1dd1f9f4,2B,cloudQuant,,NOT_ASSESSED,Unemployment,NOT_ASSESSED,,EXISTING_SOURCE_REVIEW_MODEL_PENDING,RIGHTS2-oecd,docs/data-rights-registry.md §1 #10 v1.2（集合登记，模型范围待审）,,NOT_ASSESSED,PENDING_ACCESS_ASSESSMENT,ACCESS2-oecd,SOURCE_VERIFIED_WHEN_AUTHORIZED,NOT_ASSESSED
OBB2-sec-BalanceSheet,sec,BalanceSheet,P2,,NOT_ASSESSED,NOT_RUN,NOT_RUN,3e071fcc2cd9f891cac6040ae60296dba76dab46,providers/sec/openbb_sec/__init__.py,36,11f8c622945971ffa22981c4f4434c1720f81239473ebf2ace1ed5d225a95d64,2D,cloudQuant,,NOT_ASSESSED,BalanceSheet,NOT_ASSESSED,,NOT_REGISTERED,RIGHTS2-sec,,,NOT_ASSESSED,PENDING_ACCESS_ASSESSMENT,ACCESS2-sec,SOURCE_VERIFIED_WHEN_AUTHORIZED,NOT_ASSESSED
OBB2-sec-BalanceSheetGrowth,sec,BalanceSheetGrowth,P2,,NOT_ASSESSED,NOT_RUN,NOT_RUN,3e071fcc2cd9f891cac6040ae60296dba76dab46,providers/sec/openbb_sec/__init__.py,37,11f8c622945971ffa22981c4f4434c1720f81239473ebf2ace1ed5d225a95d64,2D,cloudQuant,,NOT_ASSESSED,BalanceSheetGrowth,NOT_ASSESSED,,NOT_REGISTERED,RIGHTS2-sec,,,NOT_ASSESSED,PENDING_ACCESS_ASSESSMENT,ACCESS2-sec,SOURCE_VERIFIED_WHEN_AUTHORIZED,NOT_ASSESSED
OBB2-sec-CashFlowStatement,sec,CashFlowStatement,P2,,NOT_ASSESSED,NOT_RUN,NOT_RUN,3e071fcc2cd9f891cac6040ae60296dba76dab46,providers/sec/openbb_sec/__init__.py,38,11f8c622945971ffa22981c4f4434c1720f81239473ebf2ace1ed5d225a95d64,2D,cloudQuant,,NOT_ASSESSED,CashFlowStatement,NOT_ASSESSED,,NOT_REGISTERED,RIGHTS2-sec,,,NOT_ASSESSED,PENDING_ACCESS_ASSESSMENT,ACCESS2-sec,SOURCE_VERIFIED_WHEN_AUTHORIZED,NOT_ASSESSED
OBB2-sec-CashFlowStatementGrowth,sec,CashFlowStatementGrowth,P2,,NOT_ASSESSED,NOT_RUN,NOT_RUN,3e071fcc2cd9f891cac6040ae60296dba76dab46,providers/sec/openbb_sec/__init__.py,39,11f8c622945971ffa22981c4f4434c1720f81239473ebf2ace1ed5d225a95d64,2D,cloudQuant,,NOT_ASSESSED,CashFlowStatementGrowth,NOT_ASSESSED,,NOT_REGISTERED,RIGHTS2-sec,,,NOT_ASSESSED,PENDING_ACCESS_ASSESSMENT,ACCESS2-sec,SOURCE_VERIFIED_WHEN_AUTHORIZED,NOT_ASSESSED
OBB2-sec-CikMap,sec,CikMap,P2,,NOT_ASSESSED,NOT_RUN,NOT_RUN,3e071fcc2cd9f891cac6040ae60296dba76dab46,providers/sec/openbb_sec/__init__.py,40,11f8c622945971ffa22981c4f4434c1720f81239473ebf2ace1ed5d225a95d64,2D,cloudQuant,,NOT_ASSESSED,CikMap,NOT_ASSESSED,,NOT_REGISTERED,RIGHTS2-sec,,,NOT_ASSESSED,PENDING_ACCESS_ASSESSMENT,ACCESS2-sec,SOURCE_VERIFIED_WHEN_AUTHORIZED,NOT_ASSESSED
OBB2-sec-CompanyFilings,sec,CompanyFilings,P2,,NOT_ASSESSED,NOT_RUN,NOT_RUN,3e071fcc2cd9f891cac6040ae60296dba76dab46,providers/sec/openbb_sec/__init__.py,41,11f8c622945971ffa22981c4f4434c1720f81239473ebf2ace1ed5d225a95d64,2D,cloudQuant,,NOT_ASSESSED,CompanyFilings,NOT_ASSESSED,,NOT_REGISTERED,RIGHTS2-sec,,,NOT_ASSESSED,PENDING_ACCESS_ASSESSMENT,ACCESS2-sec,SOURCE_VERIFIED_WHEN_AUTHORIZED,NOT_ASSESSED
OBB2-sec-CompareCompanyFacts,sec,CompareCompanyFacts,P2,,NOT_ASSESSED,NOT_RUN,NOT_RUN,3e071fcc2cd9f891cac6040ae60296dba76dab46,providers/sec/openbb_sec/__init__.py,42,11f8c622945971ffa22981c4f4434c1720f81239473ebf2ace1ed5d225a95d64,2D,cloudQuant,,NOT_ASSESSED,CompareCompanyFacts,NOT_ASSESSED,,NOT_REGISTERED,RIGHTS2-sec,,,NOT_ASSESSED,PENDING_ACCESS_ASSESSMENT,ACCESS2-sec,SOURCE_VERIFIED_WHEN_AUTHORIZED,NOT_ASSESSED
OBB2-sec-EquityFTD,sec,EquityFTD,P2,,NOT_ASSESSED,NOT_RUN,NOT_RUN,3e071fcc2cd9f891cac6040ae60296dba76dab46,providers/sec/openbb_sec/__init__.py,43,11f8c622945971ffa22981c4f4434c1720f81239473ebf2ace1ed5d225a95d64,2D,cloudQuant,,NOT_ASSESSED,EquityFTD,NOT_ASSESSED,,NOT_REGISTERED,RIGHTS2-sec,,,NOT_ASSESSED,PENDING_ACCESS_ASSESSMENT,ACCESS2-sec,SOURCE_VERIFIED_WHEN_AUTHORIZED,NOT_ASSESSED
OBB2-sec-EquitySearch,sec,EquitySearch,P2,,NOT_ASSESSED,NOT_RUN,NOT_RUN,3e071fcc2cd9f891cac6040ae60296dba76dab46,providers/sec/openbb_sec/__init__.py,44,11f8c622945971ffa22981c4f4434c1720f81239473ebf2ace1ed5d225a95d64,2D,cloudQuant,,NOT_ASSESSED,EquitySearch,NOT_ASSESSED,,NOT_REGISTERED,RIGHTS2-sec,,,NOT_ASSESSED,PENDING_ACCESS_ASSESSMENT,ACCESS2-sec,SOURCE_VERIFIED_WHEN_AUTHORIZED,NOT_ASSESSED
OBB2-sec-Filings,sec,Filings,P2,,NOT_ASSESSED,NOT_RUN,NOT_RUN,3e071fcc2cd9f891cac6040ae60296dba76dab46,providers/sec/openbb_sec/__init__.py,45,11f8c622945971ffa22981c4f4434c1720f81239473ebf2ace1ed5d225a95d64,2D,cloudQuant,,NOT_ASSESSED,Filings,NOT_ASSESSED,,NOT_REGISTERED,RIGHTS2-sec,,,NOT_ASSESSED,PENDING_ACCESS_ASSESSMENT,ACCESS2-sec,SOURCE_VERIFIED_WHEN_AUTHORIZED,NOT_ASSESSED
OBB2-sec-Form13FHR,sec,Form13FHR,P2,,NOT_ASSESSED,NOT_RUN,NOT_RUN,3e071fcc2cd9f891cac6040ae60296dba76dab46,providers/sec/openbb_sec/__init__.py,46,11f8c622945971ffa22981c4f4434c1720f81239473ebf2ace1ed5d225a95d64,2D,cloudQuant,,NOT_ASSESSED,Form13FHR,NOT_ASSESSED,,NOT_REGISTERED,RIGHTS2-sec,,,NOT_ASSESSED,PENDING_ACCESS_ASSESSMENT,ACCESS2-sec,SOURCE_VERIFIED_WHEN_AUTHORIZED,NOT_ASSESSED
OBB2-sec-SecHtmFile,sec,SecHtmFile,P2,,NOT_ASSESSED,NOT_RUN,NOT_RUN,3e071fcc2cd9f891cac6040ae60296dba76dab46,providers/sec/openbb_sec/__init__.py,47,11f8c622945971ffa22981c4f4434c1720f81239473ebf2ace1ed5d225a95d64,2D,cloudQuant,,NOT_ASSESSED,SecHtmFile,NOT_ASSESSED,,NOT_REGISTERED,RIGHTS2-sec,,,NOT_ASSESSED,PENDING_ACCESS_ASSESSMENT,ACCESS2-sec,SOURCE_VERIFIED_WHEN_AUTHORIZED,NOT_ASSESSED
OBB2-sec-IncomeStatement,sec,IncomeStatement,P2,,NOT_ASSESSED,NOT_RUN,NOT_RUN,3e071fcc2cd9f891cac6040ae60296dba76dab46,providers/sec/openbb_sec/__init__.py,48,11f8c622945971ffa22981c4f4434c1720f81239473ebf2ace1ed5d225a95d64,2D,cloudQuant,,NOT_ASSESSED,IncomeStatement,NOT_ASSESSED,,NOT_REGISTERED,RIGHTS2-sec,,,NOT_ASSESSED,PENDING_ACCESS_ASSESSMENT,ACCESS2-sec,SOURCE_VERIFIED_WHEN_AUTHORIZED,NOT_ASSESSED
OBB2-sec-IncomeStatementGrowth,sec,IncomeStatementGrowth,P2,,NOT_ASSESSED,NOT_RUN,NOT_RUN,3e071fcc2cd9f891cac6040ae60296dba76dab46,providers/sec/openbb_sec/__init__.py,49,11f8c622945971ffa22981c4f4434c1720f81239473ebf2ace1ed5d225a95d64,2D,cloudQuant,,NOT_ASSESSED,IncomeStatementGrowth,NOT_ASSESSED,,NOT_REGISTERED,RIGHTS2-sec,,,NOT_ASSESSED,PENDING_ACCESS_ASSESSMENT,ACCESS2-sec,SOURCE_VERIFIED_WHEN_AUTHORIZED,NOT_ASSESSED
OBB2-sec-InsiderTrading,sec,InsiderTrading,P2,,NOT_ASSESSED,NOT_RUN,NOT_RUN,3e071fcc2cd9f891cac6040ae60296dba76dab46,providers/sec/openbb_sec/__init__.py,50,11f8c622945971ffa22981c4f4434c1720f81239473ebf2ace1ed5d225a95d64,2D,cloudQuant,,NOT_ASSESSED,InsiderTrading,NOT_ASSESSED,,NOT_REGISTERED,RIGHTS2-sec,,,NOT_ASSESSED,PENDING_ACCESS_ASSESSMENT,ACCESS2-sec,SOURCE_VERIFIED_WHEN_AUTHORIZED,NOT_ASSESSED
OBB2-sec-InstitutionsSearch,sec,InstitutionsSearch,P2,,NOT_ASSESSED,NOT_RUN,NOT_RUN,3e071fcc2cd9f891cac6040ae60296dba76dab46,providers/sec/openbb_sec/__init__.py,51,11f8c622945971ffa22981c4f4434c1720f81239473ebf2ace1ed5d225a95d64,2D,cloudQuant,,NOT_ASSESSED,InstitutionsSearch,NOT_ASSESSED,,NOT_REGISTERED,RIGHTS2-sec,,,NOT_ASSESSED,PENDING_ACCESS_ASSESSMENT,ACCESS2-sec,SOURCE_VERIFIED_WHEN_AUTHORIZED,NOT_ASSESSED
OBB2-sec-LatestFinancialReports,sec,LatestFinancialReports,P2,,NOT_ASSESSED,NOT_RUN,NOT_RUN,3e071fcc2cd9f891cac6040ae60296dba76dab46,providers/sec/openbb_sec/__init__.py,52,11f8c622945971ffa22981c4f4434c1720f81239473ebf2ace1ed5d225a95d64,2D,cloudQuant,,NOT_ASSESSED,LatestFinancialReports,NOT_ASSESSED,,NOT_REGISTERED,RIGHTS2-sec,,,NOT_ASSESSED,PENDING_ACCESS_ASSESSMENT,ACCESS2-sec,SOURCE_VERIFIED_WHEN_AUTHORIZED,NOT_ASSESSED
OBB2-sec-ManagementDiscussionAnalysis,sec,ManagementDiscussionAnalysis,P2,,NOT_ASSESSED,NOT_RUN,NOT_RUN,3e071fcc2cd9f891cac6040ae60296dba76dab46,providers/sec/openbb_sec/__init__.py,53,11f8c622945971ffa22981c4f4434c1720f81239473ebf2ace1ed5d225a95d64,2D,cloudQuant,,NOT_ASSESSED,ManagementDiscussionAnalysis,NOT_ASSESSED,,NOT_REGISTERED,RIGHTS2-sec,,,NOT_ASSESSED,PENDING_ACCESS_ASSESSMENT,ACCESS2-sec,SOURCE_VERIFIED_WHEN_AUTHORIZED,NOT_ASSESSED
OBB2-sec-NportDisclosure,sec,NportDisclosure,P2,,NOT_ASSESSED,NOT_RUN,NOT_RUN,3e071fcc2cd9f891cac6040ae60296dba76dab46,providers/sec/openbb_sec/__init__.py,54,11f8c622945971ffa22981c4f4434c1720f81239473ebf2ace1ed5d225a95d64,2D,cloudQuant,,NOT_ASSESSED,NportDisclosure,NOT_ASSESSED,,NOT_REGISTERED,RIGHTS2-sec,,,NOT_ASSESSED,PENDING_ACCESS_ASSESSMENT,ACCESS2-sec,SOURCE_VERIFIED_WHEN_AUTHORIZED,NOT_ASSESSED
OBB2-sec-RssLitigation,sec,RssLitigation,P2,,NOT_ASSESSED,NOT_RUN,NOT_RUN,3e071fcc2cd9f891cac6040ae60296dba76dab46,providers/sec/openbb_sec/__init__.py,55,11f8c622945971ffa22981c4f4434c1720f81239473ebf2ace1ed5d225a95d64,2D,cloudQuant,,NOT_ASSESSED,RssLitigation,NOT_ASSESSED,,NOT_REGISTERED,RIGHTS2-sec,,,NOT_ASSESSED,PENDING_ACCESS_ASSESSMENT,ACCESS2-sec,SOURCE_VERIFIED_WHEN_AUTHORIZED,NOT_ASSESSED
OBB2-sec-SchemaFiles,sec,SchemaFiles,P2,,NOT_ASSESSED,NOT_RUN,NOT_RUN,3e071fcc2cd9f891cac6040ae60296dba76dab46,providers/sec/openbb_sec/__init__.py,56,11f8c622945971ffa22981c4f4434c1720f81239473ebf2ace1ed5d225a95d64,2D,cloudQuant,,NOT_ASSESSED,SchemaFiles,NOT_ASSESSED,,NOT_REGISTERED,RIGHTS2-sec,,,NOT_ASSESSED,PENDING_ACCESS_ASSESSMENT,ACCESS2-sec,SOURCE_VERIFIED_WHEN_AUTHORIZED,NOT_ASSESSED
OBB2-sec-SecFiling,sec,SecFiling,P2,,NOT_ASSESSED,NOT_RUN,NOT_RUN,3e071fcc2cd9f891cac6040ae60296dba76dab46,providers/sec/openbb_sec/__init__.py,57,11f8c622945971ffa22981c4f4434c1720f81239473ebf2ace1ed5d225a95d64,2D,cloudQuant,,NOT_ASSESSED,SecFiling,NOT_ASSESSED,,NOT_REGISTERED,RIGHTS2-sec,,,NOT_ASSESSED,PENDING_ACCESS_ASSESSMENT,ACCESS2-sec,SOURCE_VERIFIED_WHEN_AUTHORIZED,NOT_ASSESSED
OBB2-sec-SicSearch,sec,SicSearch,P2,,NOT_ASSESSED,NOT_RUN,NOT_RUN,3e071fcc2cd9f891cac6040ae60296dba76dab46,providers/sec/openbb_sec/__init__.py,58,11f8c622945971ffa22981c4f4434c1720f81239473ebf2ace1ed5d225a95d64,2D,cloudQuant,,NOT_ASSESSED,SicSearch,NOT_ASSESSED,,NOT_REGISTERED,RIGHTS2-sec,,,NOT_ASSESSED,PENDING_ACCESS_ASSESSMENT,ACCESS2-sec,SOURCE_VERIFIED_WHEN_AUTHORIZED,NOT_ASSESSED
OBB2-sec-SymbolMap,sec,SymbolMap,P2,,NOT_ASSESSED,NOT_RUN,NOT_RUN,3e071fcc2cd9f891cac6040ae60296dba76dab46,providers/sec/openbb_sec/__init__.py,59,11f8c622945971ffa22981c4f4434c1720f81239473ebf2ace1ed5d225a95d64,2D,cloudQuant,,NOT_ASSESSED,SymbolMap,NOT_ASSESSED,,NOT_REGISTERED,RIGHTS2-sec,,,NOT_ASSESSED,PENDING_ACCESS_ASSESSMENT,ACCESS2-sec,SOURCE_VERIFIED_WHEN_AUTHORIZED,NOT_ASSESSED
OBB2-seeking_alpha-CalendarEarnings,seeking_alpha,CalendarEarnings,P1,,NOT_ASSESSED,NOT_RUN,NOT_RUN,3e071fcc2cd9f891cac6040ae60296dba76dab46,providers/seeking_alpha/openbb_seeking_alpha/__init__.py,18,3feafd9e54e659a9a7069a24dde53bfa9b928893ae647b715c1e17c9e845109a,2C,cloudQuant,,NOT_ASSESSED,CalendarEarnings,NOT_ASSESSED,,NOT_REGISTERED,RIGHTS2-seeking_alpha,,,NOT_ASSESSED,PENDING_ACCESS_ASSESSMENT,ACCESS2-seeking_alpha,SOURCE_VERIFIED_WHEN_AUTHORIZED,NOT_ASSESSED
OBB2-seeking_alpha-ForwardEpsEstimates,seeking_alpha,ForwardEpsEstimates,P1,,NOT_ASSESSED,NOT_RUN,NOT_RUN,3e071fcc2cd9f891cac6040ae60296dba76dab46,providers/seeking_alpha/openbb_seeking_alpha/__init__.py,19,3feafd9e54e659a9a7069a24dde53bfa9b928893ae647b715c1e17c9e845109a,2C,cloudQuant,,NOT_ASSESSED,ForwardEpsEstimates,NOT_ASSESSED,,NOT_REGISTERED,RIGHTS2-seeking_alpha,,,NOT_ASSESSED,PENDING_ACCESS_ASSESSMENT,ACCESS2-seeking_alpha,SOURCE_VERIFIED_WHEN_AUTHORIZED,NOT_ASSESSED
OBB2-seeking_alpha-ForwardSalesEstimates,seeking_alpha,ForwardSalesEstimates,P1,,NOT_ASSESSED,NOT_RUN,NOT_RUN,3e071fcc2cd9f891cac6040ae60296dba76dab46,providers/seeking_alpha/openbb_seeking_alpha/__init__.py,20,3feafd9e54e659a9a7069a24dde53bfa9b928893ae647b715c1e17c9e845109a,2C,cloudQuant,,NOT_ASSESSED,ForwardSalesEstimates,NOT_ASSESSED,,NOT_REGISTERED,RIGHTS2-seeking_alpha,,,NOT_ASSESSED,PENDING_ACCESS_ASSESSMENT,ACCESS2-seeking_alpha,SOURCE_VERIFIED_WHEN_AUTHORIZED,NOT_ASSESSED
OBB2-stockgrid-ShortVolume,stockgrid,ShortVolume,P2,,NOT_ASSESSED,NOT_RUN,NOT_RUN,3e071fcc2cd9f891cac6040ae60296dba76dab46,providers/stockgrid/openbb_stockgrid/__init__.py,14,c2d7985fe3db9c7f8ea528680ecfd8552e592510fa37f2dd003f4648162a7418,2D,cloudQuant,,NOT_ASSESSED,ShortVolume,NOT_ASSESSED,,NOT_REGISTERED,RIGHTS2-stockgrid,,,NOT_ASSESSED,PENDING_ACCESS_ASSESSMENT,ACCESS2-stockgrid,SOURCE_VERIFIED_WHEN_AUTHORIZED,NOT_ASSESSED
OBB2-tiingo-EquityHistorical,tiingo,EquityHistorical,P1,,NOT_ASSESSED,NOT_RUN,NOT_RUN,3e071fcc2cd9f891cac6040ae60296dba76dab46,providers/tiingo/openbb_tiingo/__init__.py,18,258939bedb1f1415be67043b972bb858229e568f961e9e9177e8c4b2feebdaed,2C,cloudQuant,,NOT_ASSESSED,EquityHistorical,NOT_ASSESSED,,NOT_REGISTERED,RIGHTS2-tiingo,,token,NOT_ASSESSED,PENDING_DECISION,ACCESS2-tiingo,SOURCE_VERIFIED_WHEN_AUTHORIZED,NOT_ASSESSED
OBB2-tiingo-EtfHistorical,tiingo,EtfHistorical,P1,,NOT_ASSESSED,NOT_RUN,NOT_RUN,3e071fcc2cd9f891cac6040ae60296dba76dab46,providers/tiingo/openbb_tiingo/__init__.py,19,258939bedb1f1415be67043b972bb858229e568f961e9e9177e8c4b2feebdaed,2C,cloudQuant,,NOT_ASSESSED,EtfHistorical,NOT_ASSESSED,,NOT_REGISTERED,RIGHTS2-tiingo,,token,NOT_ASSESSED,PENDING_DECISION,ACCESS2-tiingo,SOURCE_VERIFIED_WHEN_AUTHORIZED,NOT_ASSESSED
OBB2-tiingo-CompanyNews,tiingo,CompanyNews,P1,,NOT_ASSESSED,NOT_RUN,NOT_RUN,3e071fcc2cd9f891cac6040ae60296dba76dab46,providers/tiingo/openbb_tiingo/__init__.py,20,258939bedb1f1415be67043b972bb858229e568f961e9e9177e8c4b2feebdaed,2C,cloudQuant,,NOT_ASSESSED,CompanyNews,NOT_ASSESSED,,NOT_REGISTERED,RIGHTS2-tiingo,,token,NOT_ASSESSED,PENDING_DECISION,ACCESS2-tiingo,SOURCE_VERIFIED_WHEN_AUTHORIZED,NOT_ASSESSED
OBB2-tiingo-WorldNews,tiingo,WorldNews,P1,,NOT_ASSESSED,NOT_RUN,NOT_RUN,3e071fcc2cd9f891cac6040ae60296dba76dab46,providers/tiingo/openbb_tiingo/__init__.py,21,258939bedb1f1415be67043b972bb858229e568f961e9e9177e8c4b2feebdaed,2C,cloudQuant,,NOT_ASSESSED,WorldNews,NOT_ASSESSED,,NOT_REGISTERED,RIGHTS2-tiingo,,token,NOT_ASSESSED,PENDING_DECISION,ACCESS2-tiingo,SOURCE_VERIFIED_WHEN_AUTHORIZED,NOT_ASSESSED
OBB2-tiingo-CryptoHistorical,tiingo,CryptoHistorical,P1,,NOT_ASSESSED,NOT_RUN,NOT_RUN,3e071fcc2cd9f891cac6040ae60296dba76dab46,providers/tiingo/openbb_tiingo/__init__.py,22,258939bedb1f1415be67043b972bb858229e568f961e9e9177e8c4b2feebdaed,2C,cloudQuant,,NOT_ASSESSED,CryptoHistorical,NOT_ASSESSED,,NOT_REGISTERED,RIGHTS2-tiingo,,token,NOT_ASSESSED,PENDING_DECISION,ACCESS2-tiingo,SOURCE_VERIFIED_WHEN_AUTHORIZED,NOT_ASSESSED
OBB2-tiingo-CurrencyHistorical,tiingo,CurrencyHistorical,P1,,NOT_ASSESSED,NOT_RUN,NOT_RUN,3e071fcc2cd9f891cac6040ae60296dba76dab46,providers/tiingo/openbb_tiingo/__init__.py,23,258939bedb1f1415be67043b972bb858229e568f961e9e9177e8c4b2feebdaed,2C,cloudQuant,,NOT_ASSESSED,CurrencyHistorical,NOT_ASSESSED,,NOT_REGISTERED,RIGHTS2-tiingo,,token,NOT_ASSESSED,PENDING_DECISION,ACCESS2-tiingo,SOURCE_VERIFIED_WHEN_AUTHORIZED,NOT_ASSESSED
OBB2-tiingo-TrailingDividendYield,tiingo,TrailingDividendYield,P1,,NOT_ASSESSED,NOT_RUN,NOT_RUN,3e071fcc2cd9f891cac6040ae60296dba76dab46,providers/tiingo/openbb_tiingo/__init__.py,24,258939bedb1f1415be67043b972bb858229e568f961e9e9177e8c4b2feebdaed,2C,cloudQuant,,NOT_ASSESSED,TrailingDividendYield,NOT_ASSESSED,,NOT_REGISTERED,RIGHTS2-tiingo,,token,NOT_ASSESSED,PENDING_DECISION,ACCESS2-tiingo,SOURCE_VERIFIED_WHEN_AUTHORIZED,NOT_ASSESSED
OBB2-tmx-AvailableIndices,tmx,AvailableIndices,P2,,NOT_ASSESSED,NOT_RUN,NOT_RUN,3e071fcc2cd9f891cac6040ae60296dba76dab46,providers/tmx/openbb_tmx/__init__.py,45,876a698409d886a63884d6a155544991cd91f231757a6e1b7feb45b5c52a3b0c,2D,cloudQuant,,NOT_ASSESSED,AvailableIndices,NOT_ASSESSED,,NOT_REGISTERED,RIGHTS2-tmx,,,NOT_ASSESSED,PENDING_ACCESS_ASSESSMENT,ACCESS2-tmx,SOURCE_VERIFIED_WHEN_AUTHORIZED,NOT_ASSESSED
OBB2-tmx-BondPrices,tmx,BondPrices,P2,,NOT_ASSESSED,NOT_RUN,NOT_RUN,3e071fcc2cd9f891cac6040ae60296dba76dab46,providers/tmx/openbb_tmx/__init__.py,46,876a698409d886a63884d6a155544991cd91f231757a6e1b7feb45b5c52a3b0c,2D,cloudQuant,,NOT_ASSESSED,BondPrices,NOT_ASSESSED,,NOT_REGISTERED,RIGHTS2-tmx,,,NOT_ASSESSED,PENDING_ACCESS_ASSESSMENT,ACCESS2-tmx,SOURCE_VERIFIED_WHEN_AUTHORIZED,NOT_ASSESSED
OBB2-tmx-CalendarEarnings,tmx,CalendarEarnings,P2,,NOT_ASSESSED,NOT_RUN,NOT_RUN,3e071fcc2cd9f891cac6040ae60296dba76dab46,providers/tmx/openbb_tmx/__init__.py,47,876a698409d886a63884d6a155544991cd91f231757a6e1b7feb45b5c52a3b0c,2D,cloudQuant,,NOT_ASSESSED,CalendarEarnings,NOT_ASSESSED,,NOT_REGISTERED,RIGHTS2-tmx,,,NOT_ASSESSED,PENDING_ACCESS_ASSESSMENT,ACCESS2-tmx,SOURCE_VERIFIED_WHEN_AUTHORIZED,NOT_ASSESSED
OBB2-tmx-CompanyFilings,tmx,CompanyFilings,P2,,NOT_ASSESSED,NOT_RUN,NOT_RUN,3e071fcc2cd9f891cac6040ae60296dba76dab46,providers/tmx/openbb_tmx/__init__.py,48,876a698409d886a63884d6a155544991cd91f231757a6e1b7feb45b5c52a3b0c,2D,cloudQuant,,NOT_ASSESSED,CompanyFilings,NOT_ASSESSED,,NOT_REGISTERED,RIGHTS2-tmx,,,NOT_ASSESSED,PENDING_ACCESS_ASSESSMENT,ACCESS2-tmx,SOURCE_VERIFIED_WHEN_AUTHORIZED,NOT_ASSESSED
OBB2-tmx-CompanyNews,tmx,CompanyNews,P2,,NOT_ASSESSED,NOT_RUN,NOT_RUN,3e071fcc2cd9f891cac6040ae60296dba76dab46,providers/tmx/openbb_tmx/__init__.py,49,876a698409d886a63884d6a155544991cd91f231757a6e1b7feb45b5c52a3b0c,2D,cloudQuant,,NOT_ASSESSED,CompanyNews,NOT_ASSESSED,,NOT_REGISTERED,RIGHTS2-tmx,,,NOT_ASSESSED,PENDING_ACCESS_ASSESSMENT,ACCESS2-tmx,SOURCE_VERIFIED_WHEN_AUTHORIZED,NOT_ASSESSED
OBB2-tmx-EquityHistorical,tmx,EquityHistorical,P2,,NOT_ASSESSED,NOT_RUN,NOT_RUN,3e071fcc2cd9f891cac6040ae60296dba76dab46,providers/tmx/openbb_tmx/__init__.py,50,876a698409d886a63884d6a155544991cd91f231757a6e1b7feb45b5c52a3b0c,2D,cloudQuant,,NOT_ASSESSED,EquityHistorical,NOT_ASSESSED,,NOT_REGISTERED,RIGHTS2-tmx,,,NOT_ASSESSED,PENDING_ACCESS_ASSESSMENT,ACCESS2-tmx,SOURCE_VERIFIED_WHEN_AUTHORIZED,NOT_ASSESSED
OBB2-tmx-EquityInfo,tmx,EquityInfo,P2,,NOT_ASSESSED,NOT_RUN,NOT_RUN,3e071fcc2cd9f891cac6040ae60296dba76dab46,providers/tmx/openbb_tmx/__init__.py,51,876a698409d886a63884d6a155544991cd91f231757a6e1b7feb45b5c52a3b0c,2D,cloudQuant,,NOT_ASSESSED,EquityInfo,NOT_ASSESSED,,NOT_REGISTERED,RIGHTS2-tmx,,,NOT_ASSESSED,PENDING_ACCESS_ASSESSMENT,ACCESS2-tmx,SOURCE_VERIFIED_WHEN_AUTHORIZED,NOT_ASSESSED
OBB2-tmx-EquityQuote,tmx,EquityQuote,P2,,NOT_ASSESSED,NOT_RUN,NOT_RUN,3e071fcc2cd9f891cac6040ae60296dba76dab46,providers/tmx/openbb_tmx/__init__.py,52,876a698409d886a63884d6a155544991cd91f231757a6e1b7feb45b5c52a3b0c,2D,cloudQuant,,NOT_ASSESSED,EquityQuote,NOT_ASSESSED,,NOT_REGISTERED,RIGHTS2-tmx,,,NOT_ASSESSED,PENDING_ACCESS_ASSESSMENT,ACCESS2-tmx,SOURCE_VERIFIED_WHEN_AUTHORIZED,NOT_ASSESSED
OBB2-tmx-EquitySearch,tmx,EquitySearch,P2,,NOT_ASSESSED,NOT_RUN,NOT_RUN,3e071fcc2cd9f891cac6040ae60296dba76dab46,providers/tmx/openbb_tmx/__init__.py,53,876a698409d886a63884d6a155544991cd91f231757a6e1b7feb45b5c52a3b0c,2D,cloudQuant,,NOT_ASSESSED,EquitySearch,NOT_ASSESSED,,NOT_REGISTERED,RIGHTS2-tmx,,,NOT_ASSESSED,PENDING_ACCESS_ASSESSMENT,ACCESS2-tmx,SOURCE_VERIFIED_WHEN_AUTHORIZED,NOT_ASSESSED
OBB2-tmx-EtfSearch,tmx,EtfSearch,P2,,NOT_ASSESSED,NOT_RUN,NOT_RUN,3e071fcc2cd9f891cac6040ae60296dba76dab46,providers/tmx/openbb_tmx/__init__.py,54,876a698409d886a63884d6a155544991cd91f231757a6e1b7feb45b5c52a3b0c,2D,cloudQuant,,NOT_ASSESSED,EtfSearch,NOT_ASSESSED,,NOT_REGISTERED,RIGHTS2-tmx,,,NOT_ASSESSED,PENDING_ACCESS_ASSESSMENT,ACCESS2-tmx,SOURCE_VERIFIED_WHEN_AUTHORIZED,NOT_ASSESSED
OBB2-tmx-EtfHoldings,tmx,EtfHoldings,P2,,NOT_ASSESSED,NOT_RUN,NOT_RUN,3e071fcc2cd9f891cac6040ae60296dba76dab46,providers/tmx/openbb_tmx/__init__.py,55,876a698409d886a63884d6a155544991cd91f231757a6e1b7feb45b5c52a3b0c,2D,cloudQuant,,NOT_ASSESSED,EtfHoldings,NOT_ASSESSED,,NOT_REGISTERED,RIGHTS2-tmx,,,NOT_ASSESSED,PENDING_ACCESS_ASSESSMENT,ACCESS2-tmx,SOURCE_VERIFIED_WHEN_AUTHORIZED,NOT_ASSESSED
OBB2-tmx-EtfSectors,tmx,EtfSectors,P2,,NOT_ASSESSED,NOT_RUN,NOT_RUN,3e071fcc2cd9f891cac6040ae60296dba76dab46,providers/tmx/openbb_tmx/__init__.py,56,876a698409d886a63884d6a155544991cd91f231757a6e1b7feb45b5c52a3b0c,2D,cloudQuant,,NOT_ASSESSED,EtfSectors,NOT_ASSESSED,,NOT_REGISTERED,RIGHTS2-tmx,,,NOT_ASSESSED,PENDING_ACCESS_ASSESSMENT,ACCESS2-tmx,SOURCE_VERIFIED_WHEN_AUTHORIZED,NOT_ASSESSED
OBB2-tmx-EtfCountries,tmx,EtfCountries,P2,,NOT_ASSESSED,NOT_RUN,NOT_RUN,3e071fcc2cd9f891cac6040ae60296dba76dab46,providers/tmx/openbb_tmx/__init__.py,57,876a698409d886a63884d6a155544991cd91f231757a6e1b7feb45b5c52a3b0c,2D,cloudQuant,,NOT_ASSESSED,EtfCountries,NOT_ASSESSED,,NOT_REGISTERED,RIGHTS2-tmx,,,NOT_ASSESSED,PENDING_ACCESS_ASSESSMENT,ACCESS2-tmx,SOURCE_VERIFIED_WHEN_AUTHORIZED,NOT_ASSESSED
OBB2-tmx-EtfHistorical,tmx,EtfHistorical,P2,,NOT_ASSESSED,NOT_RUN,NOT_RUN,3e071fcc2cd9f891cac6040ae60296dba76dab46,providers/tmx/openbb_tmx/__init__.py,58,876a698409d886a63884d6a155544991cd91f231757a6e1b7feb45b5c52a3b0c,2D,cloudQuant,,NOT_ASSESSED,EtfHistorical,NOT_ASSESSED,,NOT_REGISTERED,RIGHTS2-tmx,,,NOT_ASSESSED,PENDING_ACCESS_ASSESSMENT,ACCESS2-tmx,SOURCE_VERIFIED_WHEN_AUTHORIZED,NOT_ASSESSED
OBB2-tmx-EtfInfo,tmx,EtfInfo,P2,,NOT_ASSESSED,NOT_RUN,NOT_RUN,3e071fcc2cd9f891cac6040ae60296dba76dab46,providers/tmx/openbb_tmx/__init__.py,59,876a698409d886a63884d6a155544991cd91f231757a6e1b7feb45b5c52a3b0c,2D,cloudQuant,,NOT_ASSESSED,EtfInfo,NOT_ASSESSED,,NOT_REGISTERED,RIGHTS2-tmx,,,NOT_ASSESSED,PENDING_ACCESS_ASSESSMENT,ACCESS2-tmx,SOURCE_VERIFIED_WHEN_AUTHORIZED,NOT_ASSESSED
OBB2-tmx-EquityGainers,tmx,EquityGainers,P2,,NOT_ASSESSED,NOT_RUN,NOT_RUN,3e071fcc2cd9f891cac6040ae60296dba76dab46,providers/tmx/openbb_tmx/__init__.py,60,876a698409d886a63884d6a155544991cd91f231757a6e1b7feb45b5c52a3b0c,2D,cloudQuant,,NOT_ASSESSED,EquityGainers,NOT_ASSESSED,,NOT_REGISTERED,RIGHTS2-tmx,,,NOT_ASSESSED,PENDING_ACCESS_ASSESSMENT,ACCESS2-tmx,SOURCE_VERIFIED_WHEN_AUTHORIZED,NOT_ASSESSED
OBB2-tmx-HistoricalDividends,tmx,HistoricalDividends,P2,,NOT_ASSESSED,NOT_RUN,NOT_RUN,3e071fcc2cd9f891cac6040ae60296dba76dab46,providers/tmx/openbb_tmx/__init__.py,61,876a698409d886a63884d6a155544991cd91f231757a6e1b7feb45b5c52a3b0c,2D,cloudQuant,,NOT_ASSESSED,HistoricalDividends,NOT_ASSESSED,,NOT_REGISTERED,RIGHTS2-tmx,,,NOT_ASSESSED,PENDING_ACCESS_ASSESSMENT,ACCESS2-tmx,SOURCE_VERIFIED_WHEN_AUTHORIZED,NOT_ASSESSED
OBB2-tmx-IndexConstituents,tmx,IndexConstituents,P2,,NOT_ASSESSED,NOT_RUN,NOT_RUN,3e071fcc2cd9f891cac6040ae60296dba76dab46,providers/tmx/openbb_tmx/__init__.py,62,876a698409d886a63884d6a155544991cd91f231757a6e1b7feb45b5c52a3b0c,2D,cloudQuant,,NOT_ASSESSED,IndexConstituents,NOT_ASSESSED,,NOT_REGISTERED,RIGHTS2-tmx,,,NOT_ASSESSED,PENDING_ACCESS_ASSESSMENT,ACCESS2-tmx,SOURCE_VERIFIED_WHEN_AUTHORIZED,NOT_ASSESSED
OBB2-tmx-IndexSectors,tmx,IndexSectors,P2,,NOT_ASSESSED,NOT_RUN,NOT_RUN,3e071fcc2cd9f891cac6040ae60296dba76dab46,providers/tmx/openbb_tmx/__init__.py,63,876a698409d886a63884d6a155544991cd91f231757a6e1b7feb45b5c52a3b0c,2D,cloudQuant,,NOT_ASSESSED,IndexSectors,NOT_ASSESSED,,NOT_REGISTERED,RIGHTS2-tmx,,,NOT_ASSESSED,PENDING_ACCESS_ASSESSMENT,ACCESS2-tmx,SOURCE_VERIFIED_WHEN_AUTHORIZED,NOT_ASSESSED
OBB2-tmx-IndexSnapshots,tmx,IndexSnapshots,P2,,NOT_ASSESSED,NOT_RUN,NOT_RUN,3e071fcc2cd9f891cac6040ae60296dba76dab46,providers/tmx/openbb_tmx/__init__.py,64,876a698409d886a63884d6a155544991cd91f231757a6e1b7feb45b5c52a3b0c,2D,cloudQuant,,NOT_ASSESSED,IndexSnapshots,NOT_ASSESSED,,NOT_REGISTERED,RIGHTS2-tmx,,,NOT_ASSESSED,PENDING_ACCESS_ASSESSMENT,ACCESS2-tmx,SOURCE_VERIFIED_WHEN_AUTHORIZED,NOT_ASSESSED
OBB2-tmx-InsiderTrading,tmx,InsiderTrading,P2,,NOT_ASSESSED,NOT_RUN,NOT_RUN,3e071fcc2cd9f891cac6040ae60296dba76dab46,providers/tmx/openbb_tmx/__init__.py,65,876a698409d886a63884d6a155544991cd91f231757a6e1b7feb45b5c52a3b0c,2D,cloudQuant,,NOT_ASSESSED,InsiderTrading,NOT_ASSESSED,,NOT_REGISTERED,RIGHTS2-tmx,,,NOT_ASSESSED,PENDING_ACCESS_ASSESSMENT,ACCESS2-tmx,SOURCE_VERIFIED_WHEN_AUTHORIZED,NOT_ASSESSED
OBB2-tmx-OptionsChains,tmx,OptionsChains,P2,,NOT_ASSESSED,NOT_RUN,NOT_RUN,3e071fcc2cd9f891cac6040ae60296dba76dab46,providers/tmx/openbb_tmx/__init__.py,66,876a698409d886a63884d6a155544991cd91f231757a6e1b7feb45b5c52a3b0c,2D,cloudQuant,,NOT_ASSESSED,OptionsChains,NOT_ASSESSED,,NOT_REGISTERED,RIGHTS2-tmx,,,NOT_ASSESSED,PENDING_ACCESS_ASSESSMENT,ACCESS2-tmx,SOURCE_VERIFIED_WHEN_AUTHORIZED,NOT_ASSESSED
OBB2-tmx-PriceTargetConsensus,tmx,PriceTargetConsensus,P2,,NOT_ASSESSED,NOT_RUN,NOT_RUN,3e071fcc2cd9f891cac6040ae60296dba76dab46,providers/tmx/openbb_tmx/__init__.py,67,876a698409d886a63884d6a155544991cd91f231757a6e1b7feb45b5c52a3b0c,2D,cloudQuant,,NOT_ASSESSED,PriceTargetConsensus,NOT_ASSESSED,,NOT_REGISTERED,RIGHTS2-tmx,,,NOT_ASSESSED,PENDING_ACCESS_ASSESSMENT,ACCESS2-tmx,SOURCE_VERIFIED_WHEN_AUTHORIZED,NOT_ASSESSED
OBB2-tmx-TreasuryPrices,tmx,TreasuryPrices,P2,,NOT_ASSESSED,NOT_RUN,NOT_RUN,3e071fcc2cd9f891cac6040ae60296dba76dab46,providers/tmx/openbb_tmx/__init__.py,68,876a698409d886a63884d6a155544991cd91f231757a6e1b7feb45b5c52a3b0c,2D,cloudQuant,,NOT_ASSESSED,TreasuryPrices,NOT_ASSESSED,,NOT_REGISTERED,RIGHTS2-tmx,,,NOT_ASSESSED,PENDING_ACCESS_ASSESSMENT,ACCESS2-tmx,SOURCE_VERIFIED_WHEN_AUTHORIZED,NOT_ASSESSED
OBB2-tradier-EquityHistorical,tradier,EquityHistorical,P2,,NOT_ASSESSED,NOT_RUN,NOT_RUN,3e071fcc2cd9f891cac6040ae60296dba76dab46,providers/tradier/openbb_tradier/__init__.py,22,4a02f874742141d0810b87314120386b6afe4afa2696ddbcfc481442e7d33588,2D,cloudQuant,,NOT_ASSESSED,EquityHistorical,NOT_ASSESSED,,NOT_REGISTERED,RIGHTS2-tradier,,api_key;account_type,NOT_ASSESSED,PENDING_DECISION,ACCESS2-tradier,SOURCE_VERIFIED_WHEN_AUTHORIZED,NOT_ASSESSED
OBB2-tradier-EtfHistorical,tradier,EtfHistorical,P2,,NOT_ASSESSED,NOT_RUN,NOT_RUN,3e071fcc2cd9f891cac6040ae60296dba76dab46,providers/tradier/openbb_tradier/__init__.py,23,4a02f874742141d0810b87314120386b6afe4afa2696ddbcfc481442e7d33588,2D,cloudQuant,,NOT_ASSESSED,EtfHistorical,NOT_ASSESSED,,NOT_REGISTERED,RIGHTS2-tradier,,api_key;account_type,NOT_ASSESSED,PENDING_DECISION,ACCESS2-tradier,SOURCE_VERIFIED_WHEN_AUTHORIZED,NOT_ASSESSED
OBB2-tradier-EquityQuote,tradier,EquityQuote,P2,,NOT_ASSESSED,NOT_RUN,NOT_RUN,3e071fcc2cd9f891cac6040ae60296dba76dab46,providers/tradier/openbb_tradier/__init__.py,24,4a02f874742141d0810b87314120386b6afe4afa2696ddbcfc481442e7d33588,2D,cloudQuant,,NOT_ASSESSED,EquityQuote,NOT_ASSESSED,,NOT_REGISTERED,RIGHTS2-tradier,,api_key;account_type,NOT_ASSESSED,PENDING_DECISION,ACCESS2-tradier,SOURCE_VERIFIED_WHEN_AUTHORIZED,NOT_ASSESSED
OBB2-tradier-EquitySearch,tradier,EquitySearch,P2,,NOT_ASSESSED,NOT_RUN,NOT_RUN,3e071fcc2cd9f891cac6040ae60296dba76dab46,providers/tradier/openbb_tradier/__init__.py,25,4a02f874742141d0810b87314120386b6afe4afa2696ddbcfc481442e7d33588,2D,cloudQuant,,NOT_ASSESSED,EquitySearch,NOT_ASSESSED,,NOT_REGISTERED,RIGHTS2-tradier,,api_key;account_type,NOT_ASSESSED,PENDING_DECISION,ACCESS2-tradier,SOURCE_VERIFIED_WHEN_AUTHORIZED,NOT_ASSESSED
OBB2-tradier-OptionsChains,tradier,OptionsChains,P2,,NOT_ASSESSED,NOT_RUN,NOT_RUN,3e071fcc2cd9f891cac6040ae60296dba76dab46,providers/tradier/openbb_tradier/__init__.py,26,4a02f874742141d0810b87314120386b6afe4afa2696ddbcfc481442e7d33588,2D,cloudQuant,,NOT_ASSESSED,OptionsChains,NOT_ASSESSED,,NOT_REGISTERED,RIGHTS2-tradier,,api_key;account_type,NOT_ASSESSED,PENDING_DECISION,ACCESS2-tradier,SOURCE_VERIFIED_WHEN_AUTHORIZED,NOT_ASSESSED
OBB2-tradingeconomics-EconomicCalendar,tradingeconomics,EconomicCalendar,P1,,NOT_ASSESSED,NOT_RUN,NOT_RUN,3e071fcc2cd9f891cac6040ae60296dba76dab46,providers/tradingeconomics/openbb_tradingeconomics/__init__.py,17,da2938817dacb112cb27faaa721a7515f439a45cf50687e92ee111b0f60530fe,2B,cloudQuant,,NOT_ASSESSED,EconomicCalendar,NOT_ASSESSED,,NOT_REGISTERED,RIGHTS2-tradingeconomics,,api_key,NOT_ASSESSED,PENDING_DECISION,ACCESS2-tradingeconomics,SOURCE_VERIFIED_WHEN_AUTHORIZED,NOT_ASSESSED
OBB2-wsj-ETFGainers,wsj,ETFGainers,P2,,NOT_ASSESSED,NOT_RUN,NOT_RUN,3e071fcc2cd9f891cac6040ae60296dba76dab46,providers/wsj/openbb_wsj/__init__.py,20,b831cd3ba43d3b1e840ac4dbede537836ce997c9e1187fd05629c7201ca06a51,2D,cloudQuant,,NOT_ASSESSED,ETFGainers,NOT_ASSESSED,,NOT_REGISTERED,RIGHTS2-wsj,,,NOT_ASSESSED,PENDING_ACCESS_ASSESSMENT,ACCESS2-wsj,SOURCE_VERIFIED_WHEN_AUTHORIZED,NOT_ASSESSED
OBB2-wsj-ETFLosers,wsj,ETFLosers,P2,,NOT_ASSESSED,NOT_RUN,NOT_RUN,3e071fcc2cd9f891cac6040ae60296dba76dab46,providers/wsj/openbb_wsj/__init__.py,21,b831cd3ba43d3b1e840ac4dbede537836ce997c9e1187fd05629c7201ca06a51,2D,cloudQuant,,NOT_ASSESSED,ETFLosers,NOT_ASSESSED,,NOT_REGISTERED,RIGHTS2-wsj,,,NOT_ASSESSED,PENDING_ACCESS_ASSESSMENT,ACCESS2-wsj,SOURCE_VERIFIED_WHEN_AUTHORIZED,NOT_ASSESSED
OBB2-wsj-ETFActive,wsj,ETFActive,P2,,NOT_ASSESSED,NOT_RUN,NOT_RUN,3e071fcc2cd9f891cac6040ae60296dba76dab46,providers/wsj/openbb_wsj/__init__.py,22,b831cd3ba43d3b1e840ac4dbede537836ce997c9e1187fd05629c7201ca06a51,2D,cloudQuant,,NOT_ASSESSED,ETFActive,NOT_ASSESSED,,NOT_REGISTERED,RIGHTS2-wsj,,,NOT_ASSESSED,PENDING_ACCESS_ASSESSMENT,ACCESS2-wsj,SOURCE_VERIFIED_WHEN_AUTHORIZED,NOT_ASSESSED
OBB2-yfinance-AvailableIndices,yfinance,AvailableIndices,P0,stock_daily_overseas,NOT_ASSESSED,NOT_RUN,NOT_RUN,3e071fcc2cd9f891cac6040ae60296dba76dab46,providers/yfinance/openbb_yfinance/__init__.py,48,a7b85014364f1c3cefc0214ec86345693e2fa65cdff714b2c7b7c0f5c043a3b5,2B,cloudQuant,,NOT_ASSESSED,AvailableIndices,NOT_ASSESSED,,EXISTING_SOURCE_REVIEW_MODEL_PENDING,RIGHTS2-yfinance,docs/data-rights-registry.md §1 #8 v1.2（源级受限，模型范围待审）,,NOT_ASSESSED,PENDING_ACCESS_ASSESSMENT,ACCESS2-yfinance,SOURCE_VERIFIED_WHEN_AUTHORIZED,NOT_ASSESSED
OBB2-yfinance-BalanceSheet,yfinance,BalanceSheet,P0,stock_daily_overseas,NOT_ASSESSED,NOT_RUN,NOT_RUN,3e071fcc2cd9f891cac6040ae60296dba76dab46,providers/yfinance/openbb_yfinance/__init__.py,49,a7b85014364f1c3cefc0214ec86345693e2fa65cdff714b2c7b7c0f5c043a3b5,2B,cloudQuant,,NOT_ASSESSED,BalanceSheet,NOT_ASSESSED,,EXISTING_SOURCE_REVIEW_MODEL_PENDING,RIGHTS2-yfinance,docs/data-rights-registry.md §1 #8 v1.2（源级受限，模型范围待审）,,NOT_ASSESSED,PENDING_ACCESS_ASSESSMENT,ACCESS2-yfinance,SOURCE_VERIFIED_WHEN_AUTHORIZED,NOT_ASSESSED
OBB2-yfinance-CashFlowStatement,yfinance,CashFlowStatement,P0,stock_daily_overseas,NOT_ASSESSED,NOT_RUN,NOT_RUN,3e071fcc2cd9f891cac6040ae60296dba76dab46,providers/yfinance/openbb_yfinance/__init__.py,50,a7b85014364f1c3cefc0214ec86345693e2fa65cdff714b2c7b7c0f5c043a3b5,2B,cloudQuant,,NOT_ASSESSED,CashFlowStatement,NOT_ASSESSED,,EXISTING_SOURCE_REVIEW_MODEL_PENDING,RIGHTS2-yfinance,docs/data-rights-registry.md §1 #8 v1.2（源级受限，模型范围待审）,,NOT_ASSESSED,PENDING_ACCESS_ASSESSMENT,ACCESS2-yfinance,SOURCE_VERIFIED_WHEN_AUTHORIZED,NOT_ASSESSED
OBB2-yfinance-CompanyNews,yfinance,CompanyNews,P0,stock_daily_overseas,NOT_ASSESSED,NOT_RUN,NOT_RUN,3e071fcc2cd9f891cac6040ae60296dba76dab46,providers/yfinance/openbb_yfinance/__init__.py,51,a7b85014364f1c3cefc0214ec86345693e2fa65cdff714b2c7b7c0f5c043a3b5,2B,cloudQuant,,NOT_ASSESSED,CompanyNews,NOT_ASSESSED,,EXISTING_SOURCE_REVIEW_MODEL_PENDING,RIGHTS2-yfinance,docs/data-rights-registry.md §1 #8 v1.2（源级受限，模型范围待审）,,NOT_ASSESSED,PENDING_ACCESS_ASSESSMENT,ACCESS2-yfinance,SOURCE_VERIFIED_WHEN_AUTHORIZED,NOT_ASSESSED
OBB2-yfinance-CryptoHistorical,yfinance,CryptoHistorical,P0,stock_daily_overseas,NOT_ASSESSED,NOT_RUN,NOT_RUN,3e071fcc2cd9f891cac6040ae60296dba76dab46,providers/yfinance/openbb_yfinance/__init__.py,52,a7b85014364f1c3cefc0214ec86345693e2fa65cdff714b2c7b7c0f5c043a3b5,2B,cloudQuant,,NOT_ASSESSED,CryptoHistorical,NOT_ASSESSED,,EXISTING_SOURCE_REVIEW_MODEL_PENDING,RIGHTS2-yfinance,docs/data-rights-registry.md §1 #8 v1.2（源级受限，模型范围待审）,,NOT_ASSESSED,PENDING_ACCESS_ASSESSMENT,ACCESS2-yfinance,SOURCE_VERIFIED_WHEN_AUTHORIZED,NOT_ASSESSED
OBB2-yfinance-CurrencyHistorical,yfinance,CurrencyHistorical,P0,stock_daily_overseas,NOT_ASSESSED,NOT_RUN,NOT_RUN,3e071fcc2cd9f891cac6040ae60296dba76dab46,providers/yfinance/openbb_yfinance/__init__.py,53,a7b85014364f1c3cefc0214ec86345693e2fa65cdff714b2c7b7c0f5c043a3b5,2B,cloudQuant,,NOT_ASSESSED,CurrencyHistorical,NOT_ASSESSED,,EXISTING_SOURCE_REVIEW_MODEL_PENDING,RIGHTS2-yfinance,docs/data-rights-registry.md §1 #8 v1.2（源级受限，模型范围待审）,,NOT_ASSESSED,PENDING_ACCESS_ASSESSMENT,ACCESS2-yfinance,SOURCE_VERIFIED_WHEN_AUTHORIZED,NOT_ASSESSED
OBB2-yfinance-EquityActive,yfinance,EquityActive,P0,stock_daily_overseas,NOT_ASSESSED,NOT_RUN,NOT_RUN,3e071fcc2cd9f891cac6040ae60296dba76dab46,providers/yfinance/openbb_yfinance/__init__.py,54,a7b85014364f1c3cefc0214ec86345693e2fa65cdff714b2c7b7c0f5c043a3b5,2B,cloudQuant,,NOT_ASSESSED,EquityActive,NOT_ASSESSED,,EXISTING_SOURCE_REVIEW_MODEL_PENDING,RIGHTS2-yfinance,docs/data-rights-registry.md §1 #8 v1.2（源级受限，模型范围待审）,,NOT_ASSESSED,PENDING_ACCESS_ASSESSMENT,ACCESS2-yfinance,SOURCE_VERIFIED_WHEN_AUTHORIZED,NOT_ASSESSED
OBB2-yfinance-EquityAggressiveSmallCaps,yfinance,EquityAggressiveSmallCaps,P0,stock_daily_overseas,NOT_ASSESSED,NOT_RUN,NOT_RUN,3e071fcc2cd9f891cac6040ae60296dba76dab46,providers/yfinance/openbb_yfinance/__init__.py,55,a7b85014364f1c3cefc0214ec86345693e2fa65cdff714b2c7b7c0f5c043a3b5,2B,cloudQuant,,NOT_ASSESSED,EquityAggressiveSmallCaps,NOT_ASSESSED,,EXISTING_SOURCE_REVIEW_MODEL_PENDING,RIGHTS2-yfinance,docs/data-rights-registry.md §1 #8 v1.2（源级受限，模型范围待审）,,NOT_ASSESSED,PENDING_ACCESS_ASSESSMENT,ACCESS2-yfinance,SOURCE_VERIFIED_WHEN_AUTHORIZED,NOT_ASSESSED
OBB2-yfinance-EquityGainers,yfinance,EquityGainers,P0,stock_daily_overseas,NOT_ASSESSED,NOT_RUN,NOT_RUN,3e071fcc2cd9f891cac6040ae60296dba76dab46,providers/yfinance/openbb_yfinance/__init__.py,56,a7b85014364f1c3cefc0214ec86345693e2fa65cdff714b2c7b7c0f5c043a3b5,2B,cloudQuant,,NOT_ASSESSED,EquityGainers,NOT_ASSESSED,,EXISTING_SOURCE_REVIEW_MODEL_PENDING,RIGHTS2-yfinance,docs/data-rights-registry.md §1 #8 v1.2（源级受限，模型范围待审）,,NOT_ASSESSED,PENDING_ACCESS_ASSESSMENT,ACCESS2-yfinance,SOURCE_VERIFIED_WHEN_AUTHORIZED,NOT_ASSESSED
OBB2-yfinance-EquityHistorical,yfinance,EquityHistorical,P0,stock_daily_overseas,NOT_ASSESSED,NOT_RUN,NOT_RUN,3e071fcc2cd9f891cac6040ae60296dba76dab46,providers/yfinance/openbb_yfinance/__init__.py,57,a7b85014364f1c3cefc0214ec86345693e2fa65cdff714b2c7b7c0f5c043a3b5,2B,cloudQuant,,NOT_ASSESSED,EquityHistorical,NOT_ASSESSED,,EXISTING_SOURCE_REVIEW_MODEL_PENDING,RIGHTS2-yfinance,docs/data-rights-registry.md §1 #8 v1.2（源级受限，模型范围待审）,,NOT_ASSESSED,PENDING_ACCESS_ASSESSMENT,ACCESS2-yfinance,SOURCE_VERIFIED_WHEN_AUTHORIZED,NOT_ASSESSED
OBB2-yfinance-EquityInfo,yfinance,EquityInfo,P0,stock_daily_overseas,NOT_ASSESSED,NOT_RUN,NOT_RUN,3e071fcc2cd9f891cac6040ae60296dba76dab46,providers/yfinance/openbb_yfinance/__init__.py,58,a7b85014364f1c3cefc0214ec86345693e2fa65cdff714b2c7b7c0f5c043a3b5,2B,cloudQuant,,NOT_ASSESSED,EquityInfo,NOT_ASSESSED,,EXISTING_SOURCE_REVIEW_MODEL_PENDING,RIGHTS2-yfinance,docs/data-rights-registry.md §1 #8 v1.2（源级受限，模型范围待审）,,NOT_ASSESSED,PENDING_ACCESS_ASSESSMENT,ACCESS2-yfinance,SOURCE_VERIFIED_WHEN_AUTHORIZED,NOT_ASSESSED
OBB2-yfinance-EquityLosers,yfinance,EquityLosers,P0,stock_daily_overseas,NOT_ASSESSED,NOT_RUN,NOT_RUN,3e071fcc2cd9f891cac6040ae60296dba76dab46,providers/yfinance/openbb_yfinance/__init__.py,59,a7b85014364f1c3cefc0214ec86345693e2fa65cdff714b2c7b7c0f5c043a3b5,2B,cloudQuant,,NOT_ASSESSED,EquityLosers,NOT_ASSESSED,,EXISTING_SOURCE_REVIEW_MODEL_PENDING,RIGHTS2-yfinance,docs/data-rights-registry.md §1 #8 v1.2（源级受限，模型范围待审）,,NOT_ASSESSED,PENDING_ACCESS_ASSESSMENT,ACCESS2-yfinance,SOURCE_VERIFIED_WHEN_AUTHORIZED,NOT_ASSESSED
OBB2-yfinance-EquityQuote,yfinance,EquityQuote,P0,stock_daily_overseas,NOT_ASSESSED,NOT_RUN,NOT_RUN,3e071fcc2cd9f891cac6040ae60296dba76dab46,providers/yfinance/openbb_yfinance/__init__.py,60,a7b85014364f1c3cefc0214ec86345693e2fa65cdff714b2c7b7c0f5c043a3b5,2B,cloudQuant,,NOT_ASSESSED,EquityQuote,NOT_ASSESSED,,EXISTING_SOURCE_REVIEW_MODEL_PENDING,RIGHTS2-yfinance,docs/data-rights-registry.md §1 #8 v1.2（源级受限，模型范围待审）,,NOT_ASSESSED,PENDING_ACCESS_ASSESSMENT,ACCESS2-yfinance,SOURCE_VERIFIED_WHEN_AUTHORIZED,NOT_ASSESSED
OBB2-yfinance-EquityScreener,yfinance,EquityScreener,P0,stock_daily_overseas,NOT_ASSESSED,NOT_RUN,NOT_RUN,3e071fcc2cd9f891cac6040ae60296dba76dab46,providers/yfinance/openbb_yfinance/__init__.py,61,a7b85014364f1c3cefc0214ec86345693e2fa65cdff714b2c7b7c0f5c043a3b5,2B,cloudQuant,,NOT_ASSESSED,EquityScreener,NOT_ASSESSED,,EXISTING_SOURCE_REVIEW_MODEL_PENDING,RIGHTS2-yfinance,docs/data-rights-registry.md §1 #8 v1.2（源级受限，模型范围待审）,,NOT_ASSESSED,PENDING_ACCESS_ASSESSMENT,ACCESS2-yfinance,SOURCE_VERIFIED_WHEN_AUTHORIZED,NOT_ASSESSED
OBB2-yfinance-EquityUndervaluedGrowth,yfinance,EquityUndervaluedGrowth,P0,stock_daily_overseas,NOT_ASSESSED,NOT_RUN,NOT_RUN,3e071fcc2cd9f891cac6040ae60296dba76dab46,providers/yfinance/openbb_yfinance/__init__.py,62,a7b85014364f1c3cefc0214ec86345693e2fa65cdff714b2c7b7c0f5c043a3b5,2B,cloudQuant,,NOT_ASSESSED,EquityUndervaluedGrowth,NOT_ASSESSED,,EXISTING_SOURCE_REVIEW_MODEL_PENDING,RIGHTS2-yfinance,docs/data-rights-registry.md §1 #8 v1.2（源级受限，模型范围待审）,,NOT_ASSESSED,PENDING_ACCESS_ASSESSMENT,ACCESS2-yfinance,SOURCE_VERIFIED_WHEN_AUTHORIZED,NOT_ASSESSED
OBB2-yfinance-EquityUndervaluedLargeCaps,yfinance,EquityUndervaluedLargeCaps,P0,stock_daily_overseas,NOT_ASSESSED,NOT_RUN,NOT_RUN,3e071fcc2cd9f891cac6040ae60296dba76dab46,providers/yfinance/openbb_yfinance/__init__.py,63,a7b85014364f1c3cefc0214ec86345693e2fa65cdff714b2c7b7c0f5c043a3b5,2B,cloudQuant,,NOT_ASSESSED,EquityUndervaluedLargeCaps,NOT_ASSESSED,,EXISTING_SOURCE_REVIEW_MODEL_PENDING,RIGHTS2-yfinance,docs/data-rights-registry.md §1 #8 v1.2（源级受限，模型范围待审）,,NOT_ASSESSED,PENDING_ACCESS_ASSESSMENT,ACCESS2-yfinance,SOURCE_VERIFIED_WHEN_AUTHORIZED,NOT_ASSESSED
OBB2-yfinance-EtfHistorical,yfinance,EtfHistorical,P0,stock_daily_overseas,NOT_ASSESSED,NOT_RUN,NOT_RUN,3e071fcc2cd9f891cac6040ae60296dba76dab46,providers/yfinance/openbb_yfinance/__init__.py,64,a7b85014364f1c3cefc0214ec86345693e2fa65cdff714b2c7b7c0f5c043a3b5,2B,cloudQuant,,NOT_ASSESSED,EtfHistorical,NOT_ASSESSED,,EXISTING_SOURCE_REVIEW_MODEL_PENDING,RIGHTS2-yfinance,docs/data-rights-registry.md §1 #8 v1.2（源级受限，模型范围待审）,,NOT_ASSESSED,PENDING_ACCESS_ASSESSMENT,ACCESS2-yfinance,SOURCE_VERIFIED_WHEN_AUTHORIZED,NOT_ASSESSED
OBB2-yfinance-EtfInfo,yfinance,EtfInfo,P0,stock_daily_overseas,NOT_ASSESSED,NOT_RUN,NOT_RUN,3e071fcc2cd9f891cac6040ae60296dba76dab46,providers/yfinance/openbb_yfinance/__init__.py,65,a7b85014364f1c3cefc0214ec86345693e2fa65cdff714b2c7b7c0f5c043a3b5,2B,cloudQuant,,NOT_ASSESSED,EtfInfo,NOT_ASSESSED,,EXISTING_SOURCE_REVIEW_MODEL_PENDING,RIGHTS2-yfinance,docs/data-rights-registry.md §1 #8 v1.2（源级受限，模型范围待审）,,NOT_ASSESSED,PENDING_ACCESS_ASSESSMENT,ACCESS2-yfinance,SOURCE_VERIFIED_WHEN_AUTHORIZED,NOT_ASSESSED
OBB2-yfinance-FuturesCurve,yfinance,FuturesCurve,P0,stock_daily_overseas,NOT_ASSESSED,NOT_RUN,NOT_RUN,3e071fcc2cd9f891cac6040ae60296dba76dab46,providers/yfinance/openbb_yfinance/__init__.py,66,a7b85014364f1c3cefc0214ec86345693e2fa65cdff714b2c7b7c0f5c043a3b5,2B,cloudQuant,,NOT_ASSESSED,FuturesCurve,NOT_ASSESSED,,EXISTING_SOURCE_REVIEW_MODEL_PENDING,RIGHTS2-yfinance,docs/data-rights-registry.md §1 #8 v1.2（源级受限，模型范围待审）,,NOT_ASSESSED,PENDING_ACCESS_ASSESSMENT,ACCESS2-yfinance,SOURCE_VERIFIED_WHEN_AUTHORIZED,NOT_ASSESSED
OBB2-yfinance-FuturesHistorical,yfinance,FuturesHistorical,P0,stock_daily_overseas,NOT_ASSESSED,NOT_RUN,NOT_RUN,3e071fcc2cd9f891cac6040ae60296dba76dab46,providers/yfinance/openbb_yfinance/__init__.py,67,a7b85014364f1c3cefc0214ec86345693e2fa65cdff714b2c7b7c0f5c043a3b5,2B,cloudQuant,,NOT_ASSESSED,FuturesHistorical,NOT_ASSESSED,,EXISTING_SOURCE_REVIEW_MODEL_PENDING,RIGHTS2-yfinance,docs/data-rights-registry.md §1 #8 v1.2（源级受限，模型范围待审）,,NOT_ASSESSED,PENDING_ACCESS_ASSESSMENT,ACCESS2-yfinance,SOURCE_VERIFIED_WHEN_AUTHORIZED,NOT_ASSESSED
OBB2-yfinance-GrowthTechEquities,yfinance,GrowthTechEquities,P0,stock_daily_overseas,NOT_ASSESSED,NOT_RUN,NOT_RUN,3e071fcc2cd9f891cac6040ae60296dba76dab46,providers/yfinance/openbb_yfinance/__init__.py,68,a7b85014364f1c3cefc0214ec86345693e2fa65cdff714b2c7b7c0f5c043a3b5,2B,cloudQuant,,NOT_ASSESSED,GrowthTechEquities,NOT_ASSESSED,,EXISTING_SOURCE_REVIEW_MODEL_PENDING,RIGHTS2-yfinance,docs/data-rights-registry.md §1 #8 v1.2（源级受限，模型范围待审）,,NOT_ASSESSED,PENDING_ACCESS_ASSESSMENT,ACCESS2-yfinance,SOURCE_VERIFIED_WHEN_AUTHORIZED,NOT_ASSESSED
OBB2-yfinance-HistoricalDividends,yfinance,HistoricalDividends,P0,stock_daily_overseas,NOT_ASSESSED,NOT_RUN,NOT_RUN,3e071fcc2cd9f891cac6040ae60296dba76dab46,providers/yfinance/openbb_yfinance/__init__.py,69,a7b85014364f1c3cefc0214ec86345693e2fa65cdff714b2c7b7c0f5c043a3b5,2B,cloudQuant,,NOT_ASSESSED,HistoricalDividends,NOT_ASSESSED,,EXISTING_SOURCE_REVIEW_MODEL_PENDING,RIGHTS2-yfinance,docs/data-rights-registry.md §1 #8 v1.2（源级受限，模型范围待审）,,NOT_ASSESSED,PENDING_ACCESS_ASSESSMENT,ACCESS2-yfinance,SOURCE_VERIFIED_WHEN_AUTHORIZED,NOT_ASSESSED
OBB2-yfinance-IncomeStatement,yfinance,IncomeStatement,P0,stock_daily_overseas,NOT_ASSESSED,NOT_RUN,NOT_RUN,3e071fcc2cd9f891cac6040ae60296dba76dab46,providers/yfinance/openbb_yfinance/__init__.py,70,a7b85014364f1c3cefc0214ec86345693e2fa65cdff714b2c7b7c0f5c043a3b5,2B,cloudQuant,,NOT_ASSESSED,IncomeStatement,NOT_ASSESSED,,EXISTING_SOURCE_REVIEW_MODEL_PENDING,RIGHTS2-yfinance,docs/data-rights-registry.md §1 #8 v1.2（源级受限，模型范围待审）,,NOT_ASSESSED,PENDING_ACCESS_ASSESSMENT,ACCESS2-yfinance,SOURCE_VERIFIED_WHEN_AUTHORIZED,NOT_ASSESSED
OBB2-yfinance-IndexHistorical,yfinance,IndexHistorical,P0,stock_daily_overseas,NOT_ASSESSED,NOT_RUN,NOT_RUN,3e071fcc2cd9f891cac6040ae60296dba76dab46,providers/yfinance/openbb_yfinance/__init__.py,71,a7b85014364f1c3cefc0214ec86345693e2fa65cdff714b2c7b7c0f5c043a3b5,2B,cloudQuant,,NOT_ASSESSED,IndexHistorical,NOT_ASSESSED,,EXISTING_SOURCE_REVIEW_MODEL_PENDING,RIGHTS2-yfinance,docs/data-rights-registry.md §1 #8 v1.2（源级受限，模型范围待审）,,NOT_ASSESSED,PENDING_ACCESS_ASSESSMENT,ACCESS2-yfinance,SOURCE_VERIFIED_WHEN_AUTHORIZED,NOT_ASSESSED
OBB2-yfinance-KeyExecutives,yfinance,KeyExecutives,P0,stock_daily_overseas,NOT_ASSESSED,NOT_RUN,NOT_RUN,3e071fcc2cd9f891cac6040ae60296dba76dab46,providers/yfinance/openbb_yfinance/__init__.py,72,a7b85014364f1c3cefc0214ec86345693e2fa65cdff714b2c7b7c0f5c043a3b5,2B,cloudQuant,,NOT_ASSESSED,KeyExecutives,NOT_ASSESSED,,EXISTING_SOURCE_REVIEW_MODEL_PENDING,RIGHTS2-yfinance,docs/data-rights-registry.md §1 #8 v1.2（源级受限，模型范围待审）,,NOT_ASSESSED,PENDING_ACCESS_ASSESSMENT,ACCESS2-yfinance,SOURCE_VERIFIED_WHEN_AUTHORIZED,NOT_ASSESSED
OBB2-yfinance-KeyMetrics,yfinance,KeyMetrics,P0,stock_daily_overseas,NOT_ASSESSED,NOT_RUN,NOT_RUN,3e071fcc2cd9f891cac6040ae60296dba76dab46,providers/yfinance/openbb_yfinance/__init__.py,73,a7b85014364f1c3cefc0214ec86345693e2fa65cdff714b2c7b7c0f5c043a3b5,2B,cloudQuant,,NOT_ASSESSED,KeyMetrics,NOT_ASSESSED,,EXISTING_SOURCE_REVIEW_MODEL_PENDING,RIGHTS2-yfinance,docs/data-rights-registry.md §1 #8 v1.2（源级受限，模型范围待审）,,NOT_ASSESSED,PENDING_ACCESS_ASSESSMENT,ACCESS2-yfinance,SOURCE_VERIFIED_WHEN_AUTHORIZED,NOT_ASSESSED
OBB2-yfinance-OptionsChains,yfinance,OptionsChains,P0,stock_daily_overseas,NOT_ASSESSED,NOT_RUN,NOT_RUN,3e071fcc2cd9f891cac6040ae60296dba76dab46,providers/yfinance/openbb_yfinance/__init__.py,74,a7b85014364f1c3cefc0214ec86345693e2fa65cdff714b2c7b7c0f5c043a3b5,2B,cloudQuant,,NOT_ASSESSED,OptionsChains,NOT_ASSESSED,,EXISTING_SOURCE_REVIEW_MODEL_PENDING,RIGHTS2-yfinance,docs/data-rights-registry.md §1 #8 v1.2（源级受限，模型范围待审）,,NOT_ASSESSED,PENDING_ACCESS_ASSESSMENT,ACCESS2-yfinance,SOURCE_VERIFIED_WHEN_AUTHORIZED,NOT_ASSESSED
OBB2-yfinance-PriceTargetConsensus,yfinance,PriceTargetConsensus,P0,stock_daily_overseas,NOT_ASSESSED,NOT_RUN,NOT_RUN,3e071fcc2cd9f891cac6040ae60296dba76dab46,providers/yfinance/openbb_yfinance/__init__.py,75,a7b85014364f1c3cefc0214ec86345693e2fa65cdff714b2c7b7c0f5c043a3b5,2B,cloudQuant,,NOT_ASSESSED,PriceTargetConsensus,NOT_ASSESSED,,EXISTING_SOURCE_REVIEW_MODEL_PENDING,RIGHTS2-yfinance,docs/data-rights-registry.md §1 #8 v1.2（源级受限，模型范围待审）,,NOT_ASSESSED,PENDING_ACCESS_ASSESSMENT,ACCESS2-yfinance,SOURCE_VERIFIED_WHEN_AUTHORIZED,NOT_ASSESSED
OBB2-yfinance-ShareStatistics,yfinance,ShareStatistics,P0,stock_daily_overseas,NOT_ASSESSED,NOT_RUN,NOT_RUN,3e071fcc2cd9f891cac6040ae60296dba76dab46,providers/yfinance/openbb_yfinance/__init__.py,76,a7b85014364f1c3cefc0214ec86345693e2fa65cdff714b2c7b7c0f5c043a3b5,2B,cloudQuant,,NOT_ASSESSED,ShareStatistics,NOT_ASSESSED,,EXISTING_SOURCE_REVIEW_MODEL_PENDING,RIGHTS2-yfinance,docs/data-rights-registry.md §1 #8 v1.2（源级受限，模型范围待审）,,NOT_ASSESSED,PENDING_ACCESS_ASSESSMENT,ACCESS2-yfinance,SOURCE_VERIFIED_WHEN_AUTHORIZED,NOT_ASSESSED
